500 0 1 0 
58 PRO/ENGINEER BY PARAMETRIC TECHNOLOGY CORPORATION, 2024273 8 ACIS 7.0 24
Tue Aug  4 13:04:27 2026 
1 0.01241384445195633 1e-10 
-0 body $-1 $1 $-1 $2 #
-1 lump $-1 $-1 $3 $0 #
-2 transform $-1 1 0 0 0 1 0 0 0 1 0 0 0 1 rotate no_reflect no_shear #
-3 shell $-1 $-1 $-1 $4 $-1 $1 #
-4 face $-1 $5 $6 $3 $-1 $7 forward single #
-5 face $-1 $8 $9 $3 $-1 $10 forward single #
-6 loop $-1 $11 $12 $4 #
-7 plane-surface $-1 0 0 0 0 0 -1 1 0 0 forward_v F -7.3459210526315788 F
10.641973684210528 F -18.547083333333333 F 9.9012499999999992 #
-8 face $-1 $13 $14 $3 $-1 $15 reversed single #
-9 loop $-1 $-1 $16 $5 #
-10 cone-surface $-1 8 17 25.839965320795272 0 0 -1 0 1 0 1 I I 0 1 1 forward I
I I I #
-11 loop $-1 $17 $18 $4 #
-12 coedge $-1 $19 $20 $21 $22 reversed $6 $-1 #
-13 face $-1 $23 $24 $3 $-1 $25 reversed single #
-14 loop $-1 $-1 $26 $8 #
-15 plane-surface $-1 9 15.518608748774794 0 -1 0 0 0 1 0 forward_v F
-0.14897209230716824 F 1.6303633435323732 F -3.1489720923071682 F
0.14897209230716824 #
-16 coedge $-1 $27 $28 $29 $30 reversed $9 $-1 #
-17 loop $-1 $-1 $31 $4 #
-18 coedge $-1 $32 $32 $33 $34 reversed $11 $-1 #
-19 coedge $-1 $35 $12 $36 $37 reversed $6 $-1 #
-20 coedge $-1 $12 $38 $28 $39 forward $6 $-1 #
-21 coedge $-1 $40 $41 $12 $22 forward $14 $-1 #
-22 edge $42 $43 0 $44 1 $21 $45 forward 7 unknown #
-23 face $-1 $46 $47 $3 $-1 $48 forward single #
-24 loop $-1 $-1 $49 $13 #
-25 cone-surface $-1 10 15.518608748774794 0 0 0 -1 1 0 0 1 I I 0 1 1 forward I
I I I #
-26 coedge $-1 $41 $40 $50 $51 reversed $14 $-1 #
-27 coedge $-1 $52 $16 $53 $54 reversed $9 $-1 #
-28 coedge $-1 $16 $52 $20 $39 reversed $9 $-1 #
-29 coedge $-1 $55 $56 $16 $30 forward $57 $-1 #
-30 edge $58 $59 0 $60 1 $29 $61 forward 7 unknown #
-31 coedge $-1 $62 $63 $64 $65 reversed $17 $-1 #
-32 coedge $-1 $18 $18 $66 $67 reversed $11 $-1 #
-33 coedge $-1 $68 $69 $18 $34 forward $70 $-1 #
-34 edge $71 $72 0 $73 3.1415926535897931 $33 $74 forward 7 unknown #
-35 coedge $-1 $75 $19 $76 $77 reversed $6 $-1 #
-36 coedge $-1 $49 $78 $19 $37 forward $24 $-1 #
-37 edge $79 $80 0 $43 1.8713536915074496 $36 $81 forward 7 unknown #
-38 coedge $-1 $20 $82 $55 $83 forward $6 $-1 #
-39 edge $84 $60 0 $44 1.5707963267948966 $28 $85 forward 7 unknown #
-40 coedge $-1 $26 $21 $52 $86 reversed $14 $-1 #
-41 coedge $-1 $21 $26 $49 $87 reversed $14 $-1 #
-42 ptlist-eye-attrib $-1 $-1 $-1 $22 #
-43 vertex $-1 $37 $88 #
-44 vertex $-1 $39 $89 #
-45 straight-curve $-1 9 15.518608748774792 0 0 1.4813912512252081 0 F 0 F 1 #
-46 face $-1 $90 $91 $3 $-1 $92 reversed single #
-47 loop $-1 $-1 $76 $23 #
-48 cone-surface $-1 14.5 1 0 0 0 -1 14.199999999999999 0 0 1 I I 0 1 1 forward
I I I I #
-49 coedge $-1 $93 $36 $41 $87 forward $24 $-1 #
-50 coedge $-1 $53 $94 $26 $51 forward $95 $-1 #
-51 edge $96 $97 0 $98 1 $50 $99 forward 7 unknown #
-52 coedge $-1 $28 $27 $40 $86 forward $9 $-1 #
-53 coedge $-1 $100 $50 $27 $54 forward $95 $-1 #
-54 edge $101 $98 0 $59 1.5707963267948966 $53 $102 forward 7 unknown #
-55 coedge $-1 $103 $29 $38 $83 reversed $57 $-1 #
-56 coedge $-1 $29 $104 $100 $105 forward $57 $-1 #
-57 loop $-1 $106 $55 $107 #
-58 ptlist-eye-attrib $-1 $-1 $-1 $30 #
-59 vertex $-1 $54 $108 #
-60 vertex $-1 $39 $109 #
-61 straight-curve $-1 8 18 3 0 0 -3 F 0 F 1 #
-62 coedge $-1 $110 $31 $111 $112 reversed $17 $-1 #
-63 coedge $-1 $31 $110 $113 $114 reversed $17 $-1 #
-64 coedge $-1 $115 $116 $31 $65 forward $117 $-1 #
-65 edge $118 $119 0 $120 1 $64 $121 forward 7 unknown #
-66 coedge $-1 $122 $123 $32 $67 forward $124 $-1 #
-67 edge $125 $73 0 $72 3.1415926535897931 $66 $126 forward 7 unknown #
-68 coedge $-1 $127 $33 $123 $128 forward $70 $-1 #
-69 coedge $-1 $33 $129 $122 $130 reversed $70 $-1 #
-70 loop $-1 $-1 $69 $131 #
-71 ptlist-eye-attrib $-1 $-1 $-1 $34 #
-72 vertex $-1 $67 $132 #
-73 vertex $-1 $67 $133 #
-74 ellipse-curve $-1 -1.7000000000000002 8.4000000000000004 0 0 0 -1
-1.2000000000000002 0 0 1 F 0 F 3.1415926535897931 #
-75 coedge $-1 $134 $35 $135 $136 forward $6 $-1 #
-76 coedge $-1 $137 $138 $35 $77 forward $47 $-1 #
-77 edge $139 $140 0 $80 0.91662158102617375 $76 $141 forward 7 unknown #
-78 coedge $-1 $36 $93 $137 $142 reversed $24 $-1 #
-79 ptlist-eye-attrib $-1 $-1 $-1 $37 #
-80 vertex $-1 $77 $143 #
-81 ellipse-curve $-1 10 15.518608748774794 0 0 0 -1 0.2960526315789469
-0.95517162820886803 0 1 F 0 F 1.8713536915074496 #
-82 coedge $-1 $38 $144 $145 $146 forward $6 $-1 #
-83 edge $147 $148 0 $60 1 $55 $149 forward 7 unknown #
-84 ptlist-eye-attrib $-1 $-1 $-1 $39 #
-85 ellipse-curve $-1 8 17 0 0 0 -1 0 1 0 1 F 0 F 1.5707963267948966 #
-86 edge $150 $98 0 $44 1 $40 $151 forward 7 unknown #
-87 edge $152 $43 0 $97 1 $49 $153 forward 7 unknown #
-88 point $-1 9 15.518608748774792 0 #
-89 point $-1 9 17 0 #
-90 face $-1 $154 $155 $3 $-1 $156 forward single #
-91 loop $-1 $-1 $157 $46 #
-92 cone-surface $-1 0.14666948469289715 6.2982924719530065 25.839962924605942
2.0178364151842185e-18 0 -1 1.0319387952181578 -0.38092298817962794
2.0822836792325292e-18 1 I I 0 1 1 forward I I I I #
-93 coedge $-1 $78 $49 $94 $158 reversed $24 $-1 #
-94 coedge $-1 $50 $159 $93 $158 forward $95 $-1 #
-95 loop $-1 $160 $161 $162 #
-96 ptlist-eye-attrib $-1 $-1 $-1 $51 #
-97 vertex $-1 $87 $163 #
-98 vertex $-1 $86 $164 #
-99 straight-curve $-1 9 15.518608748774792 3 0 1.4813912512252081 0 F 0 F 1 #
-100 coedge $-1 $161 $53 $56 $105 reversed $95 $-1 #
-101 ptlist-eye-attrib $-1 $-1 $-1 $54 #
-102 ellipse-curve $-1 8 17 3 0 0 1 1 0 0 1 F 0 F 1.5707963267948966 #
-103 coedge $-1 $165 $55 $166 $167 forward $57 $-1 #
-104 coedge $-1 $56 $168 $169 $170 reversed $57 $-1 #
-105 edge $171 $172 0 $59 1 $56 $173 forward 7 unknown #
-106 loop $-1 $-1 $174 $107 #
-107 face $-1 $175 $57 $3 $-1 $176 forward single #
-108 point $-1 8 18 3 #
-109 point $-1 8 18 0 #
-110 coedge $-1 $63 $62 $177 $178 reversed $17 $-1 #
-111 coedge $-1 $179 $180 $62 $112 forward $181 $-1 #
-112 edge $182 $183 0 $119 1 $111 $184 forward 7 unknown #
-113 coedge $-1 $185 $186 $63 $114 forward $187 $-1 #
-114 edge $188 $120 0 $189 1 $113 $190 forward 7 unknown #
-115 coedge $-1 $191 $64 $186 $192 forward $117 $-1 #
-116 coedge $-1 $64 $191 $179 $193 reversed $117 $-1 #
-117 loop $-1 $-1 $115 $194 #
-118 ptlist-eye-attrib $-1 $-1 $-1 $65 #
-119 vertex $-1 $112 $195 #
-120 vertex $-1 $114 $196 #
-121 straight-curve $-1 2.8999999999999995 12 0 -5.7999999999999989 0 0 F 0 F 1
#
-122 coedge $-1 $197 $66 $69 $130 forward $124 $-1 #
-123 coedge $-1 $66 $198 $68 $128 reversed $124 $-1 #
-124 loop $-1 $-1 $123 $199 #
-125 ptlist-eye-attrib $-1 $-1 $-1 $67 #
-126 ellipse-curve $-1 -1.7000000000000002 8.4000000000000004 0 0 0 -1 1.2 0 0
1 F 0 F 3.1415926535897931 #
-127 coedge $-1 $129 $68 $200 $201 forward $70 $-1 #
-128 edge $202 $73 0 $203 1 $68 $204 forward 7 unknown #
-129 coedge $-1 $69 $127 $205 $206 forward $70 $-1 #
-130 edge $207 $72 0 $208 1 $69 $209 forward 7 unknown #
-131 face $-1 $210 $70 $3 $-1 $211 reversed single #
-132 point $-1 -2.9000000000000004 8.4000000000000004 0 #
-133 point $-1 -0.50000000000000022 8.4000000000000004 0 #
-134 coedge $-1 $212 $75 $213 $214 reversed $6 $-1 #
-135 coedge $-1 $215 $216 $75 $136 reversed $91 $-1 #
-136 edge $217 $140 0 $218 1.2404619198725055 $135 $219 forward 7 unknown #
-137 coedge $-1 $220 $76 $78 $142 forward $47 $-1 #
-138 coedge $-1 $76 $221 $215 $222 reversed $47 $-1 #
-139 ptlist-eye-attrib $-1 $-1 $-1 $77 #
-140 vertex $-1 $136 $223 #
-141 ellipse-curve $-1 14.5 1 0 0 0 -1 -13.321391720088945 4.9173694837733786 0
1 F 0 F 0.91662158102617375 #
-142 edge $224 $80 0 $225 1 $137 $226 forward 7 unknown #
-143 point $-1 10.296052631578947 14.563437120565926 0 #
-144 coedge $-1 $82 $227 $228 $229 forward $6 $-1 #
-145 coedge $-1 $230 $166 $82 $146 reversed $231 $-1 #
-146 edge $232 $233 0 $148 1.5707963267948966 $145 $234 forward 7 unknown #
-147 ptlist-eye-attrib $-1 $-1 $-1 $83 #
-148 vertex $-1 $83 $235 #
-149 straight-curve $-1 -6 18 0 14 0 0 F 0 F 1 #
-150 ptlist-eye-attrib $-1 $-1 $-1 $86 #
-151 straight-curve $-1 9 17 3 0 0 -3 F 0 F 1 #
-152 ptlist-eye-attrib $-1 $-1 $-1 $87 #
-153 straight-curve $-1 9 15.518608748774792 0 0 0 3 F 0 F 1 #
-154 face $-1 $236 $237 $3 $-1 $238 reversed single #
-155 loop $-1 $-1 $213 $90 #
-156 cone-surface $-1 0 0 0 0 0 -1 5.2000000000000002 0 0 1 I I 0 1 1 forward I
I I I #
-157 coedge $-1 $216 $215 $239 $240 reversed $91 $-1 #
-158 edge $241 $225 0 $97 1.8713536915074529 $94 $242 forward 7 unknown #
-159 coedge $-1 $94 $243 $220 $244 forward $95 $-1 #
-160 loop $-1 $-1 $245 $162 #
-161 coedge $-1 $246 $100 $247 $248 forward $95 $-1 #
-162 face $-1 $249 $95 $3 $-1 $250 forward single #
-163 point $-1 9 15.518608748774794 3 #
-164 point $-1 9 17 3 #
-165 coedge $-1 $168 $103 $251 $252 reversed $57 $-1 #
-166 coedge $-1 $145 $253 $103 $167 reversed $231 $-1 #
-167 edge $254 $148 0 $255 1 $166 $256 forward 7 unknown #
-168 coedge $-1 $104 $165 $257 $258 reversed $57 $-1 #
-169 coedge $-1 $259 $247 $104 $170 forward $260 $-1 #
-170 edge $261 $172 0 $262 1 $104 $263 forward 7 unknown #
-171 ptlist-eye-attrib $-1 $-1 $-1 $105 #
-172 vertex $-1 $105 $264 #
-173 straight-curve $-1 16.484503856661885 18 3 -8.4845038566618847 0 0 F 0 F 1
#
-174 coedge $-1 $265 $265 $266 $267 reversed $106 $-1 #
-175 face $-1 $268 $269 $3 $-1 $270 forward single #
-176 plane-surface $-1 -7 18 0 0 1 0 1 0 0 forward_v F 0.55030992286676206 F
23.934193933795125 F -5.1489720923071687 F 0.14897209230716824 #
-177 coedge $-1 $271 $272 $110 $178 forward $273 $-1 #
-178 edge $274 $189 0 $183 1 $177 $275 forward 7 unknown #
-179 coedge $-1 $276 $111 $116 $193 forward $181 $-1 #
-180 coedge $-1 $111 $276 $271 $277 reversed $181 $-1 #
-181 loop $-1 $-1 $179 $278 #
-182 ptlist-eye-attrib $-1 $-1 $-1 $112 #
-183 vertex $-1 $178 $279 #
-184 straight-curve $-1 2.8999999999999995 15 0 0 -3 0 F 0 F 1 #
-185 coedge $-1 $280 $113 $272 $281 forward $187 $-1 #
-186 coedge $-1 $113 $280 $115 $192 reversed $187 $-1 #
-187 loop $-1 $-1 $185 $282 #
-188 ptlist-eye-attrib $-1 $-1 $-1 $114 #
-189 vertex $-1 $114 $283 #
-190 straight-curve $-1 -2.8999999999999995 12 0 0 3 0 F 0 F 1 #
-191 coedge $-1 $116 $115 $284 $285 reversed $117 $-1 #
-192 edge $286 $120 0 $287 1 $115 $288 forward 7 unknown #
-193 edge $289 $119 0 $290 1 $179 $291 forward 7 unknown #
-194 face $-1 $278 $117 $3 $-1 $292 reversed single #
-195 point $-1 2.8999999999999995 12 0 #
-196 point $-1 -2.8999999999999995 12 0 #
-197 coedge $-1 $198 $122 $293 $294 forward $124 $-1 #
-198 coedge $-1 $123 $197 $295 $296 forward $124 $-1 #
-199 face $-1 $131 $124 $3 $-1 $297 reversed single #
-200 coedge $-1 $295 $298 $127 $201 reversed $299 $-1 #
-201 edge $300 $203 0 $301 1.5706795383782242 $127 $302 forward 7 unknown #
-202 ptlist-eye-attrib $-1 $-1 $-1 $128 #
-203 vertex $-1 $296 $303 #
-204 straight-curve $-1 -0.50000000000000011 8.3999999999999986 0 0 0
2.2302943725152087 F 0 F 1 #
-205 coedge $-1 $304 $293 $129 $206 reversed $305 $-1 #
-206 edge $306 $301 0 $208 1.5709131152115781 $129 $307 forward 7 unknown #
-207 ptlist-eye-attrib $-1 $-1 $-1 $130 #
-208 vertex $-1 $206 $308 #
-209 straight-curve $-1 -2.9000000000000004 8.3999999999999986 0 0 0
2.2302943725152273 F 0 F 1 #
-210 face $-1 $309 $310 $3 $-1 $311 reversed single #
-211 cone-surface $-1 -1.7000000000000002 8.4000000000000004 0 0 0 -1 1.2 0 0 1
I I 0 1 1 forward I I I I #
-212 coedge $-1 $312 $134 $313 $314 forward $6 $-1 #
-213 coedge $-1 $315 $316 $134 $214 forward $155 $-1 #
-214 edge $317 $318 0 $218 3.3228249218916091 $213 $319 forward 7 unknown #
-215 coedge $-1 $157 $135 $138 $222 forward $91 $-1 #
-216 coedge $-1 $135 $157 $315 $320 reversed $91 $-1 #
-217 ptlist-eye-attrib $-1 $-1 $-1 $136 #
-218 vertex $-1 $214 $321 #
-219 ellipse-curve $-1 0.1466694846928972 6.2982924719530065 0
2.0178364151842185e-18 0 -1 1.0319387952181578 -0.38092298817962789
2.0822836792325288e-18 1 F 0 F 1.2404619198725055 #
-220 coedge $-1 $322 $137 $159 $244 reversed $47 $-1 #
-221 coedge $-1 $138 $322 $323 $324 reversed $47 $-1 #
-222 edge $325 $140 0 $326 1 $215 $327 forward 7 unknown #
-223 point $-1 1.1786082799110549 5.9173694837733786 0 #
-224 ptlist-eye-attrib $-1 $-1 $-1 $142 #
-225 vertex $-1 $142 $328 #
-226 straight-curve $-1 10.296052631578947 14.563437120565924 0
1.7763568394002505e-15 0 3 F 0 F 1 #
-227 coedge $-1 $144 $329 $330 $331 forward $6 $-1 #
-228 coedge $-1 $332 $333 $144 $229 reversed $334 $-1 #
-229 edge $335 $336 0 $233 1 $228 $337 forward 7 unknown #
-230 coedge $-1 $253 $145 $333 $338 forward $231 $-1 #
-231 loop $-1 $-1 $166 $339 #
-232 ptlist-eye-attrib $-1 $-1 $-1 $146 #
-233 vertex $-1 $146 $340 #
-234 ellipse-curve $-1 -6 17 0 0 0 -1 -1 0 0 1 F 0 F 1.5707963267948966 #
-235 point $-1 -6 18 0 #
-236 face $-1 $341 $342 $3 $-1 $343 forward single #
-237 loop $-1 $-1 $344 $154 #
-238 cone-surface $-1 0.99094816981377665 -6.2215771091213465
25.839962924605942 0 0 -1 -0.17302269631668971 1.0863071142910292 0 1 I I 0 1 1
forward I I I I #
-239 coedge $-1 $323 $345 $157 $240 forward $346 $-1 #
-240 edge $347 $348 0 $326 1.2404619198725064 $239 $349 forward 7 unknown #
-241 ptlist-eye-attrib $-1 $-1 $-1 $158 #
-242 ellipse-curve $-1 10 15.518608748774794 3 0 0 -1 0.29605263157895045
-0.95517162820886803 0 1 F 0 F 1.8713536915074529 #
-243 coedge $-1 $159 $350 $351 $352 forward $95 $-1 #
-244 edge $353 $354 0 $225 1.1327708006404691 $159 $355 forward 7 unknown #
-245 coedge $-1 $356 $357 $358 $359 reversed $160 $-1 #
-246 coedge $-1 $360 $161 $361 $362 forward $95 $-1 #
-247 coedge $-1 $169 $363 $161 $248 reversed $260 $-1 #
-248 edge $364 $172 0 $365 0.80408115083273957 $247 $366 forward 7 unknown #
-249 face $-1 $367 $368 $3 $-1 $369 reversed single #
-250 plane-surface $-1 0 0 3 0 0 -1 1 0 0 forward_v F 6.3008232505062551 F
94.658014224181002 F -51.501899088406752 F -3.7744085623062311 #
-251 coedge $-1 $370 $371 $165 $252 forward $269 $-1 #
-252 edge $372 $373 0 $255 1 $251 $374 forward 7 unknown #
-253 coedge $-1 $166 $230 $375 $376 reversed $231 $-1 #
-254 ptlist-eye-attrib $-1 $-1 $-1 $167 #
-255 vertex $-1 $252 $377 #
-256 straight-curve $-1 -6 18 0 -1.9024661845890023e-08 -4.8576254130239249e-10
5.0000000012144037 F 0 F 1 #
-257 coedge $-1 $378 $379 $168 $258 forward $380 $-1 #
-258 edge $381 $262 0 $373 1 $168 $382 forward 7 unknown #
-259 coedge $-1 $363 $169 $379 $383 reversed $260 $-1 #
-260 loop $-1 $-1 $169 $384 #
-261 ptlist-eye-attrib $-1 $-1 $-1 $170 #
-262 vertex $-1 $383 $385 #
-263 straight-curve $-1 16.484503856661885 18 3 3.5527136788005009e-15 0
1.9999999999999982 F 0 F 1 #
-264 point $-1 16.484503856661885 18 3 #
-265 coedge $-1 $174 $174 $386 $387 reversed $106 $-1 #
-266 coedge $-1 $388 $389 $174 $267 forward $390 $-1 #
-267 edge $391 $392 0 $393 3.1415926535897931 $266 $394 forward 7 unknown #
-268 face $-1 $395 $396 $3 $-1 $397 reversed single #
-269 loop $-1 $-1 $370 $175 #
-270 plane-surface $-1 3.408653824852645 17.800000000000001 5.5 0
0.92847669088525975 0.37139067635410256 0 0.37139067635410256
-0.92847669088525975 forward_v F -0.68748857302061839 F 0.68748857302061839 F
-9.784999977846752 F 9.784999977846752 #
-271 coedge $-1 $398 $177 $180 $277 forward $273 $-1 #
-272 coedge $-1 $177 $398 $185 $281 reversed $273 $-1 #
-273 loop $-1 $399 $271 $400 #
-274 ptlist-eye-attrib $-1 $-1 $-1 $178 #
-275 straight-curve $-1 -2.8999999999999995 15 0 5.7999999999999989 0 0 F 0 F 1
#
-276 coedge $-1 $180 $179 $401 $402 reversed $181 $-1 #
-277 edge $403 $183 0 $404 1 $180 $405 forward 7 unknown #
-278 face $-1 $406 $181 $3 $-1 $407 reversed single #
-279 point $-1 2.8999999999999995 15 0 #
-280 coedge $-1 $186 $185 $408 $409 reversed $187 $-1 #
-281 edge $410 $189 0 $411 1 $185 $412 forward 7 unknown #
-282 face $-1 $194 $187 $3 $-1 $413 reversed single #
-283 point $-1 -2.8999999999999995 15 0 #
-284 coedge $-1 $408 $401 $191 $285 forward $414 $-1 #
-285 edge $415 $290 0 $287 1 $191 $416 forward 7 unknown #
-286 ptlist-eye-attrib $-1 $-1 $-1 $192 #
-287 vertex $-1 $409 $417 #
-288 straight-curve $-1 -2.8999999999999995 12 0 0 0 6 F 0 F 1 #
-289 ptlist-eye-attrib $-1 $-1 $-1 $193 #
-290 vertex $-1 $285 $418 #
-291 straight-curve $-1 2.8999999999999995 12 0 0 0 6 F 0 F 1 #
-292 plane-surface $-1 2.8999999999999999 12 0 0 -1 0 -1 0 0 forward_v F
-0.14897209230716824 F 5.9489720923071676 F -6.1489720923071687 F
0.14897209230716824 #
-293 coedge $-1 $205 $419 $197 $294 reversed $305 $-1 #
-294 edge $420 $208 0 $421 1.5706795383782231 $197 $422 forward 7 unknown #
-295 coedge $-1 $423 $200 $198 $296 reversed $299 $-1 #
-296 edge $424 $421 0 $203 1.5709131152115763 $198 $425 forward 7 unknown #
-297 cone-surface $-1 -1.7000000000000002 8.4000000000000004 0 0 0 -1 1.2 0 0 1
I I 0 1 1 forward I I I I #
-298 coedge $-1 $200 $426 $304 $427 forward $299 $-1 #
-299 loop $-1 $-1 $428 $429 #
-300 ptlist-eye-attrib $-1 $-1 $-1 $201 #
-301 vertex $-1 $427 $430 #
-302 ellipse-curve $-1 -1.6999999999999906 8.4000000000000004
2.2302943725152122 0 0 1 1.1999999999999935 0 0 1 F 0 F 1.5706795383782242 #
-303 point $-1 -0.50000000000000011 8.3999999999999986 2.2302943725152087 #
-304 coedge $-1 $431 $205 $298 $427 reversed $305 $-1 #
-305 loop $-1 $-1 $432 $433 #
-306 ptlist-eye-attrib $-1 $-1 $-1 $206 #
-307 ellipse-curve $-1 -1.6999999999999997 8.4000000000000021
2.2302943725152264 0 0 1 0.00014014609969748015 1.1999999918162789 0 1 F 0 F
1.5709131152115781 #
-308 point $-1 -2.9000000000000004 8.3999999999999986 2.2302943725152273 #
-309 face $-1 $434 $435 $3 $-1 $436 reversed single #
-310 loop $-1 $-1 $437 $210 #
-311 plane-surface $-1 -0.5 10.478460969082652 6 0 1 0 -1 0 0 forward_v F
-0.14897209230716846 F 2.5489720923071681 F -3.0402167365346782 F
0.14897209230716824 #
-312 coedge $-1 $438 $212 $439 $440 reversed $6 $-1 #
-313 coedge $-1 $441 $442 $212 $314 reversed $237 $-1 #
-314 edge $443 $318 0 $444 1.1454876268378174 $313 $445 forward 7 unknown #
-315 coedge $-1 $446 $213 $216 $320 forward $155 $-1 #
-316 coedge $-1 $213 $446 $441 $447 reversed $155 $-1 #
-317 ptlist-eye-attrib $-1 $-1 $-1 $214 #
-318 vertex $-1 $314 $448 #
-319 ellipse-curve $-1 0 0 0 0 0 -1 0.81792547349708611 -5.1352699948303178 0 1
F 0 F 3.3228249218916091 #
-320 edge $449 $218 0 $348 1 $315 $450 forward 7 unknown #
-321 point $-1 0.12106052704810777 5.1985906117707357 0 #
-322 coedge $-1 $221 $220 $451 $452 forward $47 $-1 #
-323 coedge $-1 $453 $239 $221 $324 forward $346 $-1 #
-324 edge $454 $326 0 $455 2.0493923816666384 $323 $456 forward 7 unknown #
-325 ptlist-eye-attrib $-1 $-1 $-1 $222 #
-326 vertex $-1 $222 $457 #
-327 straight-curve $-1 1.1786082799110549 5.9173694837733786 0
2.2204460492503131e-16 0 -9 F 0 F 1 #
-328 point $-1 10.296052631578949 14.563437120565927 3 #
-329 coedge $-1 $227 $438 $458 $459 forward $6 $-1 #
-330 coedge $-1 $460 $461 $227 $331 reversed $462 $-1 #
-331 edge $463 $464 0 $336 1.5707963267948966 $330 $465 forward 7 unknown #
-332 coedge $-1 $466 $228 $461 $467 forward $334 $-1 #
-333 coedge $-1 $228 $466 $230 $338 reversed $334 $-1 #
-334 loop $-1 $-1 $333 $468 #
-335 ptlist-eye-attrib $-1 $-1 $-1 $229 #
-336 vertex $-1 $229 $469 #
-337 straight-curve $-1 -7 -7 7.6475107161795293e-20 0 24
-7.6475107161795293e-20 F 0 F 1 #
-338 edge $470 $233 0 $471 1 $230 $472 forward 7 unknown #
-339 face $-1 $473 $231 $3 $-1 $474 forward single #
-340 point $-1 -7 17 0 #
-341 face $-1 $475 $476 $3 $-1 $477 forward single #
-342 loop $-1 $-1 $478 $236 #
-343 spline-surface $-1 forward { exactsur full nubs 3 3 open open none none 3
2 -0.013559272543961184 3 0.43051414019663714 1 0.87458755293723545 3
-0.17999999999999999 3 9.1799999999999997 3 4.8370589767663024
-9.4049684467463557 0.17999999999999999 4.2377422366776019 -8.8528372171299452
0.17999999999999999 3.2310285364514546 -7.5858652327216642 0.18000000000000002
2.3131985234056769 -6.2293322966183569 0.17999999999999999 1.8677119015712096
-5.5529934591029022 0.17999999999999999 4.8370589767663024 -9.4049684467463557
-2.9399999999999995 4.2377422366776019 -8.8528372171299452 -2.9399999999999995
3.2310285364514546 -7.5858652327216642 -2.9399999999999995 2.3131985234056769
-6.2293322966183569 -2.9399999999999995 1.8677119015712096 -5.5529934591029022
-2.9399999999999995 4.8370589767663024 -9.4049684467463557 -6.0600000000000005
4.2377422366776019 -8.8528372171299452 -6.0600000000000005 3.2310285364514546
-7.5858652327216642 -6.0599999999999996 2.3131985234056769 -6.2293322966183569
-6.0600000000000005 1.8677119015712096 -5.5529934591029022 -6.0600000000000005
4.8370589767663024 -9.4049684467463557 -9.1799999999999997 4.2377422366776019
-8.8528372171299452 -9.1799999999999997 3.2310285364514546 -7.5858652327216642
-9.1799999999999997 2.3131985234056769 -6.2293322966183569 -9.1799999999999997
1.8677119015712096 -5.5529934591029022 -9.1799999999999997 0 0 0 0 0 0 0 F
-0.013559272543961184 F 0.87458755293723545 F -0.17999999999999999 F
9.1799999999999997 } I I I I #
-344 coedge $-1 $442 $441 $479 $480 reversed $237 $-1 #
-345 coedge $-1 $239 $479 $446 $481 forward $346 $-1 #
-346 loop $-1 $482 $483 $484 #
-347 ptlist-eye-attrib $-1 $-1 $-1 $240 #
-348 vertex $-1 $320 $485 #
-349 ellipse-curve $-1 0.14666948469289723 6.2982924719530065 -9
-2.0178364151842185e-18 0 1 -0.025608957644790487 -1.0997018601822717 0 1 F 0 F
1.2404619198725064 #
-350 coedge $-1 $243 $486 $487 $488 forward $95 $-1 #
-351 coedge $-1 $489 $451 $243 $352 reversed $490 $-1 #
-352 edge $491 $492 0 $354 1.8321745959241151 $243 $493 forward 7 unknown #
-353 ptlist-eye-attrib $-1 $-1 $-1 $244 #
-354 vertex $-1 $452 $494 #
-355 ellipse-curve $-1 14.5 1 3 0 0 1 10.49981166190376 9.5600185703036065 0 1
F 0 F 1.1327708006404691 #
-356 coedge $-1 $495 $245 $496 $497 reversed $160 $-1 #
-357 coedge $-1 $245 $495 $498 $499 reversed $160 $-1 #
-358 coedge $-1 $500 $501 $245 $359 forward $502 $-1 #
-359 edge $503 $504 0 $505 2.2513576820010099 $358 $506 forward 7 unknown #
-360 coedge $-1 $507 $246 $508 $509 forward $95 $-1 #
-361 coedge $-1 $510 $511 $246 $362 reversed $512 $-1 #
-362 edge $513 $365 0 $514 84.308920954382643 $361 $515 forward 7 unknown #
-363 coedge $-1 $247 $259 $510 $516 reversed $260 $-1 #
-364 ptlist-eye-attrib $-1 $-1 $-1 $248 #
-365 vertex $-1 $362 $517 #
-366 ellipse-curve $-1 16.484503856661888 20.300000000000001 3
6.4570765285895005e-17 0 1 -3.5527136788005009e-15 -2.3000000000000007 0 1 F 0
F 0.80408115083273957 #
-367 face $-1 $518 $502 $3 $-1 $519 reversed single #
-368 loop $-1 $-1 $520 $249 #
-369 spline-surface $-1 forward { exactsur full nubs 3 3 open open none none 32
2 -0.0091235968865563226 3 0.04541154191133033 1 0.11610111261364264 1
0.18281571551127582 1 0.22032452481364639 1 0.24944331103394479 1
0.28065943581684372 1 0.30702327710289323 1 0.33316196962304351 1
0.34714994291511964 1 0.36113791620719576 1 0.37572708319722786 1
0.3868027187578445 1 0.39787835431846114 1 0.40669008343950425 1
0.41550181256054736 1 0.427941114048497 1 0.44038041553644658 1
0.45847956536319245 1 0.47657871518993838 1 0.51564763611329234 1
0.53594982152415982 1 0.55625200693502741 1 0.58077817583369284 1
0.60407018917323374 1 0.65434426412867741 1 0.71421888794155663 1
0.75218220021660842 1 0.78649972172878702 1 0.89472144004819754 1
0.99842189204920651 1 1.0093551270353767 3 -2.1489720923071682 3
0.14897209230716824 3 19.48077730400141 18.3868226453034 5.1489720923071687
20.505119063959647 19.543217061916923 5.1489720923071687 22.472895403313228
22.489240573833854 5.1489720923071678 24.34027076874694 27.50930232365053
5.1489720923071696 25.028620638339405 32.312400667739368 5.1489720923071687
25.000161247990199 35.971331310807486 5.1489720923071687 24.702531462225096
38.733964614012926 5.1489720923071687 23.842768611997617 41.248446694671891
5.1489720923071687 22.358396620444925 43.291826549560618 5.1489720923071687
21.023427557458366 44.593518108565362 5.1489720923071669 20.037608793382223
45.564958291695618 5.1489720923071696 19.289915151459638 46.352870939195981
5.1489720923071678 18.726965836566642 47.026402505265658 5.1489720923071687
18.434436127813008 47.661939478870224 5.1489720923071687 18.397807705157579
47.982236440734411 5.1489720923071696 18.483453937679467 48.262804724944829
5.1489720923071687 18.718909756775989 48.607014843152392 5.1489720923071687
19.108273702625347 48.877382095459261 5.1489720923071687 20.002408137018179
49.190241040447191 5.1489720923071678 21.112158006699801 49.387889845567734
5.1489720923071696 22.815338120880803 49.398401058180411 5.1489720923071678
24.547365284334234 48.964207393913085 5.1489720923071669 26.026039055760634
47.986675855661588 5.1489720923071696 27.240559367467952 46.91418880761163
5.1489720923071678 28.508679658743748 45.65087225608012 5.1489720923071696
30.351445335597536 43.869028421465757 5.1489720923071687 32.524621325918837
41.400267751437042 5.1489720923071669 34.118645250059117 38.050611915695256
5.1489720923071687 35.517499888960714 34.800680253978385 5.1489720923071696
37.734302517700733 30.455866816546578 5.1489720923071669 41.409918146895322
24.862870385976379 5.1489720923071705 45.867002010071303 20.592042454901033
5.1489720923071687 48.496766475216631 18.828281497415205 5.1489720923071687
48.750987971174347 18.664487547307839 5.1489720923071687 19.48077730400141
18.3868226453034 4.3829906974357229 20.505119063959647 19.543217061916923
4.3829906974357229 22.472895403313228 22.489240573833854 4.382990697435722
24.34027076874694 27.50930232365053 4.3829906974357238 25.028620638339405
32.312400667739368 4.3829906974357229 25.000161247990199 35.971331310807486
4.382990697435722 24.702531462225096 38.733964614012926 4.3829906974357229
23.842768611997617 41.248446694671891 4.3829906974357229 22.358396620444925
43.291826549560618 4.3829906974357229 21.023427557458366 44.593518108565362
4.382990697435722 20.037608793382223 45.564958291695618 4.3829906974357238
19.289915151459638 46.352870939195981 4.3829906974357229 18.726965836566642
47.026402505265658 4.3829906974357229 18.434436127813008 47.661939478870224
4.3829906974357229 18.397807705157579 47.982236440734411 4.3829906974357229
18.483453937679467 48.262804724944829 4.3829906974357238 18.718909756775989
48.607014843152392 4.382990697435722 19.108273702625347 48.877382095459261
4.3829906974357229 20.002408137018179 49.190241040447191 4.382990697435722
21.112158006699801 49.387889845567734 4.3829906974357229 22.815338120880803
49.398401058180411 4.3829906974357229 24.547365284334234 48.964207393913085
4.382990697435722 26.026039055760634 47.986675855661588 4.3829906974357238
27.240559367467952 46.91418880761163 4.382990697435722 28.508679658743748
45.65087225608012 4.3829906974357247 30.351445335597536 43.869028421465757
4.382990697435722 32.524621325918837 41.400267751437042 4.382990697435722
34.118645250059117 38.050611915695256 4.3829906974357211 35.517499888960714
34.800680253978385 4.3829906974357238 37.734302517700733 30.455866816546578
4.382990697435722 41.409918146895322 24.862870385976379 4.3829906974357211
45.867002010071303 20.592042454901033 4.3829906974357264 48.496766475216631
18.828281497415205 4.3829906974357229 48.750987971174347 18.664487547307839
4.3829906974357229 19.48077730400141 18.3868226453034 3.6170093025642771
20.505119063959647 19.543217061916923 3.6170093025642771 22.472895403313228
22.489240573833854 3.6170093025642767 24.34027076874694 27.50930232365053
3.617009302564278 25.028620638339405 32.312400667739368 3.6170093025642776
25.000161247990199 35.971331310807486 3.6170093025642767 24.702531462225096
38.733964614012926 3.6170093025642776 23.842768611997617 41.248446694671891
3.6170093025642762 22.358396620444925 43.291826549560618 3.6170093025642784
21.023427557458366 44.593518108565362 3.6170093025642753 20.037608793382223
45.564958291695618 3.6170093025642784 19.289915151459638 46.352870939195981
3.6170093025642762 18.726965836566642 47.026402505265658 3.6170093025642771
18.434436127813008 47.661939478870224 3.6170093025642776 18.397807705157579
47.982236440734411 3.6170093025642771 18.483453937679467 48.262804724944829
3.6170093025642776 18.718909756775989 48.607014843152392 3.6170093025642771
19.108273702625347 48.877382095459261 3.6170093025642767 20.002408137018179
49.190241040447191 3.6170093025642767 21.112158006699801 49.387889845567734
3.6170093025642762 22.815338120880803 49.398401058180411 3.6170093025642771
24.547365284334234 48.964207393913085 3.6170093025642762 26.026039055760634
47.986675855661588 3.617009302564278 27.240559367467952 46.91418880761163
3.6170093025642762 28.508679658743748 45.65087225608012 3.6170093025642776
30.351445335597536 43.869028421465757 3.6170093025642771 32.524621325918837
41.400267751437042 3.6170093025642762 34.118645250059117 38.050611915695256
3.6170093025642767 35.517499888960714 34.800680253978385 3.617009302564278
37.734302517700733 30.455866816546578 3.6170093025642762 41.409918146895322
24.862870385976379 3.617009302564278 45.867002010071303 20.592042454901033
3.6170093025642771 48.496766475216631 18.828281497415205 3.6170093025642771
48.750987971174347 18.664487547307839 3.6170093025642771 19.48077730400141
18.3868226453034 2.8510279076928318 20.505119063959647 19.543217061916923
2.8510279076928318 22.472895403313228 22.489240573833854 2.8510279076928313
24.34027076874694 27.50930232365053 2.8510279076928322 25.028620638339405
32.312400667739368 2.8510279076928313 25.000161247990199 35.971331310807486
2.8510279076928318 24.702531462225096 38.733964614012926 2.8510279076928313
23.842768611997617 41.248446694671891 2.8510279076928318 22.358396620444925
43.291826549560618 2.8510279076928322 21.023427557458366 44.593518108565362
2.8510279076928318 20.037608793382223 45.564958291695618 2.8510279076928322
19.289915151459638 46.352870939195981 2.8510279076928313 18.726965836566642
47.026402505265658 2.8510279076928322 18.434436127813008 47.661939478870224
2.8510279076928318 18.397807705157579 47.982236440734411 2.8510279076928322
18.483453937679467 48.262804724944829 2.8510279076928313 18.718909756775989
48.607014843152392 2.8510279076928318 19.108273702625347 48.877382095459261
2.8510279076928309 20.002408137018179 49.190241040447191 2.8510279076928318
21.112158006699801 49.387889845567734 2.8510279076928318 22.815338120880803
49.398401058180411 2.8510279076928313 24.547365284334234 48.964207393913085
2.8510279076928309 26.026039055760634 47.986675855661588 2.8510279076928322
27.240559367467952 46.91418880761163 2.8510279076928313 28.508679658743748
45.65087225608012 2.8510279076928327 30.351445335597536 43.869028421465757
2.8510279076928313 32.524621325918837 41.400267751437042 2.8510279076928313
34.118645250059117 38.050611915695256 2.8510279076928304 35.517499888960714
34.800680253978385 2.8510279076928331 37.734302517700733 30.455866816546578
2.8510279076928309 41.409918146895322 24.862870385976379 2.8510279076928313
45.867002010071303 20.592042454901033 2.8510279076928331 48.496766475216631
18.828281497415205 2.8510279076928318 48.750987971174347 18.664487547307839
2.8510279076928318 0 0 0 0 0 0 0 F -0.0091235968865563226 F 1.0093551270353767
F -2.1489720923071682 F 0.14897209230716824 } I I I I #
-370 coedge $-1 $521 $251 $522 $523 reversed $269 $-1 #
-371 coedge $-1 $251 $521 $524 $525 forward $269 $-1 #
-372 ptlist-eye-attrib $-1 $-1 $-1 $252 #
-373 vertex $-1 $526 $527 #
-374 straight-curve $-1 12.817307743402548 18.000000000000007 5
-18.817307762427212 -4.8576964672975009e-10 1.2144036887207221e-09 F 0 F 1 #
-375 coedge $-1 $528 $522 $253 $376 forward $529 $-1 #
-376 edge $530 $255 0 $471 1.5707963267948966 $253 $531 forward 7 unknown #
-377 point $-1 -6 18 4.9999999999999964 #
-378 coedge $-1 $532 $257 $533 $526 reversed $380 $-1 #
-379 coedge $-1 $257 $534 $259 $383 forward $380 $-1 #
-380 loop $-1 $-1 $257 $535 #
-381 ptlist-eye-attrib $-1 $-1 $-1 $258 #
-382 straight-curve $-1 16.484503856661888 18 4.9999999999999982
-3.6671961132593403 7.1054273576010019e-15 1.7763568394002505e-15 F 0 F 1 #
-383 edge $536 $537 0 $262 0.80408115083274456 $259 $538 forward 7 unknown #
-384 face $-1 $539 $260 $3 $-1 $540 reversed single #
-385 point $-1 16.484503856661888 18.000000000000004 4.9999999999999964 #
-386 coedge $-1 $541 $542 $265 $387 forward $543 $-1 #
-387 edge $544 $393 0 $392 3.1415926535897931 $386 $545 forward 7 unknown #
-388 coedge $-1 $546 $266 $542 $547 forward $390 $-1 #
-389 coedge $-1 $266 $546 $541 $548 reversed $390 $-1 #
-390 loop $-1 $-1 $388 $549 #
-391 ptlist-eye-attrib $-1 $-1 $-1 $267 #
-392 vertex $-1 $387 $550 #
-393 vertex $-1 $387 $551 #
-394 ellipse-curve $-1 0 18 3 0 1 0 -1.8 0 0 1 F 0 F 3.1415926535897931 #
-395 face $-1 $552 $553 $3 $-1 $554 forward single #
-396 loop $-1 $-1 $524 $268 #
-397 cone-surface $-1 12.817307649705288 21.000000000000004 6.1383171192440749
0 0 1 0 -3.4553268476976351 0 1 I I 0.37139067635410322 0.92847669088525953 1
forward I I I I #
-398 coedge $-1 $272 $271 $555 $556 reversed $273 $-1 #
-399 loop $-1 $-1 $557 $400 #
-400 face $-1 $282 $273 $3 $-1 $558 reversed single #
-401 coedge $-1 $284 $555 $276 $402 forward $414 $-1 #
-402 edge $559 $404 0 $290 1 $276 $560 forward 7 unknown #
-403 ptlist-eye-attrib $-1 $-1 $-1 $277 #
-404 vertex $-1 $402 $561 #
-405 straight-curve $-1 2.8999999999999995 15 0 0 0 6 F 0 F 1 #
-406 face $-1 $562 $563 $3 $-1 $564 forward single #
-407 plane-surface $-1 2.8999999999999999 15 0 1 0 0 0 -1 0 forward_v F
-0.14897209230716824 F 3.1489720923071682 F -6.1489720923071687 F
0.14897209230716824 #
-408 coedge $-1 $555 $284 $280 $409 forward $414 $-1 #
-409 edge $565 $287 0 $411 1 $280 $566 forward 7 unknown #
-410 ptlist-eye-attrib $-1 $-1 $-1 $281 #
-411 vertex $-1 $409 $567 #
-412 straight-curve $-1 -2.8999999999999995 15 0 0 0 6 F 0 F 1 #
-413 plane-surface $-1 -2.8999999999999999 12 0 -1 0 0 0 1 0 forward_v F
-0.14897209230716824 F 3.1489720923071682 F -6.1489720923071687 F
0.14897209230716824 #
-414 loop $-1 $568 $555 $569 #
-415 ptlist-eye-attrib $-1 $-1 $-1 $285 #
-416 straight-curve $-1 2.8999999999999995 12 6 -5.7999999999999989 0 0 F 0 F 1
#
-417 point $-1 -2.8999999999999995 12 6 #
-418 point $-1 2.8999999999999995 12 6 #
-419 coedge $-1 $293 $432 $423 $570 reversed $305 $-1 #
-420 ptlist-eye-attrib $-1 $-1 $-1 $294 #
-421 vertex $-1 $294 $571 #
-422 ellipse-curve $-1 -1.6999999999999997 8.4000000000000021
2.2302943725152282 0 0 1 -1.2000000000000015 -1.7763568394002505e-15 0 1 F 0 F
1.5706795383782231 #
-423 coedge $-1 $428 $295 $419 $570 forward $299 $-1 #
-424 ptlist-eye-attrib $-1 $-1 $-1 $296 #
-425 ellipse-curve $-1 -1.6999999999999906 8.4000000000000004
2.2302943725152122 0 0 1 -0.00014014609969703606 -1.1999999918162727 0 1 F 0 F
1.5709131152115763 #
-426 coedge $-1 $298 $572 $573 $574 reversed $299 $-1 #
-427 edge $575 $576 0 $301 1 $298 $577 forward 7 unknown #
-428 coedge $-1 $578 $423 $579 $580 reversed $299 $-1 #
-429 face $-1 $199 $299 $3 $-1 $581 reversed single #
-430 point $-1 -1.699859853900302 9.5999999918162793 2.2302943725152229 #
-431 coedge $-1 $582 $304 $583 $584 reversed $305 $-1 #
-432 coedge $-1 $419 $585 $586 $587 reversed $305 $-1 #
-433 face $-1 $588 $305 $3 $-1 $589 reversed single #
-434 face $-1 $-1 $590 $3 $-1 $591 reversed single #
-435 loop $-1 $-1 $592 $309 #
-436 plane-surface $-1 0.69999999999999973 8.4000000000000004 6
0.8660254037844386 0.5 0 -0.5 0.8660254037844386 0 forward_v F
-0.1489720923071689 F 2.5489720923071677 F -3.0402167034056924 F
0.14897209230716824 #
-437 coedge $-1 $593 $573 $594 $595 reversed $310 $-1 #
-438 coedge $-1 $329 $312 $596 $597 forward $6 $-1 #
-439 coedge $-1 $598 $599 $312 $440 forward $342 $-1 #
-440 edge $600 $601 0 $444 4.7212439555606984 $439 $602 forward 7 unknown #
-441 coedge $-1 $344 $313 $316 $447 forward $237 $-1 #
-442 coedge $-1 $313 $344 $598 $603 reversed $237 $-1 #
-443 ptlist-eye-attrib $-1 $-1 $-1 $314 #
-444 vertex $-1 $440 $604 #
-445 ellipse-curve $-1 0.99094816981377665 -6.2215771091213465 0 0 0 -1
-0.17302269631669054 1.0863071142910288 0 1 F 0 F 1.1454876268378174 #
-446 coedge $-1 $316 $315 $345 $481 reversed $155 $-1 #
-447 edge $605 $318 0 $606 1 $441 $607 forward 7 unknown #
-448 point $-1 0.81792547349708444 -5.1352699948303169 0 #
-449 ptlist-eye-attrib $-1 $-1 $-1 $320 #
-450 straight-curve $-1 0.12106052704810728 5.1985906117707348 0
-1.3877787807814457e-17 8.8817841970012523e-16 -9 F 0 F 1 #
-451 coedge $-1 $351 $608 $322 $452 reversed $490 $-1 #
-452 edge $609 $354 0 $455 1 $451 $610 forward 7 unknown #
-453 coedge $-1 $611 $323 $608 $612 forward $346 $-1 #
-454 ptlist-eye-attrib $-1 $-1 $-1 $324 #
-455 vertex $-1 $324 $613 #
-456 ellipse-curve $-1 14.5 1 -9 0 0 -1 -13.321391720088945 4.9173694837733786
0 1 F 0 F 2.0493923816666384 #
-457 point $-1 1.1786082799110551 5.9173694837733786 -9 #
-458 coedge $-1 $614 $615 $329 $459 reversed $616 $-1 #
-459 edge $617 $618 0 $464 1 $458 $619 forward 7 unknown #
-460 coedge $-1 $620 $330 $615 $621 forward $462 $-1 #
-461 coedge $-1 $330 $620 $332 $467 reversed $462 $-1 #
-462 loop $-1 $-1 $461 $622 #
-463 ptlist-eye-attrib $-1 $-1 $-1 $331 #
-464 vertex $-1 $331 $623 #
-465 ellipse-curve $-1 -6 -7 0 0 0 -1 0 -1 0 1 F 0 F 1.5707963267948966 #
-466 coedge $-1 $333 $332 $624 $625 reversed $334 $-1 #
-467 edge $626 $336 0 $627 1 $332 $628 forward 7 unknown #
-468 face $-1 $339 $334 $3 $-1 $629 forward single #
-469 point $-1 -7 -7 0 #
-470 ptlist-eye-attrib $-1 $-1 $-1 $338 #
-471 vertex $-1 $630 $631 #
-472 straight-curve $-1 -7 17 0 6.5475447286189592e-10 7.3618281248855055e-08
5.000000001636856 F 0 F 1 #
-473 face $-1 $549 $543 $3 $-1 $632 reversed single #
-474 cone-surface $-1 -6 17 -28.554000000000006 0 0 1 0 1 0 1 I I 0 1 1 forward
I I I I #
-475 face $-1 $633 $634 $3 $-1 $635 reversed single #
-476 loop $-1 $-1 $636 $341 #
-477 cone-surface $-1 14.5 1 0 0 0 -1 14.199999999999999 0 0 1 I I 0 1 1
forward I I I I #
-478 coedge $-1 $599 $598 $637 $638 reversed $342 $-1 #
-479 coedge $-1 $345 $637 $344 $480 forward $346 $-1 #
-480 edge $639 $640 0 $606 1.1454876268378116 $479 $641 forward 7 unknown #
-481 edge $642 $606 0 $348 3.3228249218916086 $345 $643 forward 7 unknown #
-482 loop $-1 $-1 $644 $484 #
-483 coedge $-1 $645 $611 $646 $647 forward $346 $-1 #
-484 face $-1 $648 $346 $3 $-1 $649 forward single #
-485 point $-1 0.12106052704810499 5.1985906117707366 -9 #
-486 coedge $-1 $350 $650 $651 $652 forward $95 $-1 #
-487 coedge $-1 $653 $654 $350 $488 reversed $655 $-1 #
-488 edge $656 $657 0 $492 1.7126397566237073 $350 $658 forward 7 unknown #
-489 coedge $-1 $608 $351 $654 $659 forward $490 $-1 #
-490 loop $-1 $-1 $351 $648 #
-491 ptlist-eye-attrib $-1 $-1 $-1 $352 #
-492 vertex $-1 $488 $660 #
-493 ellipse-curve $-1 25.739235018375894 11.233259314691146 3 0 0 -1
0.84144999882956029 -0.5403349881968893 0 1 F 0 F 1.8321745959241151 #
-494 point $-1 24.999811661903763 10.560018570303608 3 #
-495 coedge $-1 $357 $356 $661 $662 reversed $160 $-1 #
-496 coedge $-1 $663 $664 $356 $497 forward $665 $-1 #
-497 edge $666 $667 0 $504 1 $496 $668 forward 7 unknown #
-498 coedge $-1 $520 $669 $357 $499 forward $368 $-1 #
-499 edge $670 $505 0 $671 77.343303952952937 $498 $672 forward 7 unknown #
-500 coedge $-1 $673 $358 $669 $674 forward $502 $-1 #
-501 coedge $-1 $358 $673 $663 $675 reversed $502 $-1 #
-502 loop $-1 $-1 $500 $367 #
-503 ptlist-eye-attrib $-1 $-1 $-1 $359 #
-504 vertex $-1 $497 $676 #
-505 vertex $-1 $499 $677 #
-506 ellipse-curve $-1 20.44728291772282 18.600000000000001 3 0 0 -1 0
-0.60000000000000142 0 1 F 0 F 2.2513576820010099 #
-507 coedge $-1 $678 $360 $679 $680 reversed $95 $-1 #
-508 coedge $-1 $681 $682 $360 $509 reversed $683 $-1 #
-509 edge $684 $514 0 $685 0.41418666494507672 $508 $686 forward 7 unknown #
-510 coedge $-1 $687 $361 $363 $516 forward $512 $-1 #
-511 coedge $-1 $361 $687 $681 $688 reversed $512 $-1 #
-512 loop $-1 $-1 $510 $539 #
-513 ptlist-eye-attrib $-1 $-1 $-1 $362 #
-514 vertex $-1 $509 $689 #
-515 intcurve-curve $-1 forward { exactcur full nubs 3 open 28 0 3
0.95202075377785667 1 4.9592650236987428 1 10.544125865806176 1
15.814942615970267 1 18.786170649443317 1 21.092108230512775 1
23.558351994766273 1 25.635611093290734 1 27.717081015649644 1
29.926178015027077 1 31.091660558801976 1 32.841731544647857 1
34.234080668583211 1 36.199625715553964 1 39.05948841208906 1
42.146145813463015 1 45.354112114117925 1 47.29468572649742 1
49.132577836842472 1 53.104503395340714 1 57.834924568452891 1
60.838205020844804 1 63.546120953020178 1 72.096225740794324 1
80.28912588059265 1 82.501924249756286 1 84.308920954382643 3
18.140948847125927 18.704321462961108 3 18.361111033157652 18.932867840991996 3
19.470892554166344 20.15935525338255 3.0000000000000009 21.422304863067861
23.119610653642653 2.9999999999999996 23.168139785685295 27.806302074898149 3
23.827715762544255 32.399810513815325 2.9999999999999996 23.799707929898172
35.9208107121623 3 23.516454099316658 38.493390944130446 3.0000000000000004
22.763482707617804 40.685214994132373 3.0000000000000004 21.456263885241292
42.492150914232113 2.9999999999999996 19.939018789075281 43.975184966808825 3
18.641200934205699 45.259776025580351 3 17.550567962970561 46.557555417986194 3
16.98174545670059 48.026602879832339 2.9999999999999996 17.844783916836739
49.681560557761301 3.0000000000000004 19.865406149478776 50.486723857815207
2.9999999999999991 22.502996660649714 50.722611852496932 3.0000000000000004
25.563850555235661 49.952999330558967 3 27.700327155285436 48.149769239642822 3
29.3456114383151 46.510601761965646 3 31.203294259646967 44.715977495651877
3.0000000000000004 33.546032806792866 42.058156708393845 3 35.230447009864321
38.503123894402925 2.9999999999999996 36.604686624729716 35.31005816866697 3
38.767244703626019 31.072774566709604 2.9999999999999996 42.349364640829457
25.62373835986077 3 46.979257595690434 21.196652189838076 3.0000000000000004
50.422341970999923 19.014823274682261 2.9999999999999991 51.621620971137446
18.411518005425787 3 52.173022369204432 18.169112107436838 3 0 null_surface
null_surface nullbs nullbs I I 0 0 0 I I } I I #
-516 edge $690 $365 0 $537 1 $510 $691 forward 7 unknown #
-517 point $-1 18.140948847125927 18.704321462961108 3 #
-518 face $-1 $692 $665 $3 $-1 $693 reversed single #
-519 cone-surface $-1 20.44728291772282 18.600000000000001 3 0 0 -1
0.59999999999999998 0 0 1 I I 0 1 1 forward I I I I #
-520 coedge $-1 $694 $498 $695 $696 forward $368 $-1 #
-521 coedge $-1 $371 $370 $697 $698 reversed $269 $-1 #
-522 coedge $-1 $375 $699 $370 $523 forward $529 $-1 #
-523 edge $700 $701 0 $255 1 $522 $702 forward 7 unknown #
-524 coedge $-1 $703 $533 $371 $525 reversed $396 $-1 #
-525 edge $704 $705 0 $373 1 $524 $706 forward 7 unknown #
-526 edge $707 $708 0 $373 0.91804318654900141 $533 $709 forward 7 unknown #
-527 point $-1 12.81730764970532 18 4.9999999999999991 #
-528 coedge $-1 $699 $375 $710 $630 reversed $529 $-1 #
-529 loop $-1 $-1 $522 $711 #
-530 ptlist-eye-attrib $-1 $-1 $-1 $376 #
-531 ellipse-curve $-1 -6 17 4.9999999999999964 0 0 1 0 1 0 1 F 0 F
1.5707963267948966 #
-532 coedge $-1 $712 $378 $713 $714 forward $380 $-1 #
-533 coedge $-1 $524 $715 $378 $526 forward $396 $-1 #
-534 coedge $-1 $379 $716 $687 $717 forward $380 $-1 #
-535 face $-1 $384 $380 $3 $-1 $718 forward single #
-536 ptlist-eye-attrib $-1 $-1 $-1 $383 #
-537 vertex $-1 $383 $719 #
-538 ellipse-curve $-1 16.484503856661888 20.300000000000001 4.9999999999999964
-6.4570765285895005e-17 0 -1 1.6564449904640526 -1.5956785370388786 0 1 F 0 F
0.80408115083274456 #
-539 face $-1 $720 $512 $3 $-1 $721 forward single #
-540 cone-surface $-1 16.484503856661885 20.300000000000001 -28.715825520279697
6.4570765285895005e-17 0 1 0 -2.2999999999999998 0 1 I I 0 1 1 forward I I I I
#
-541 coedge $-1 $722 $386 $389 $548 forward $543 $-1 #
-542 coedge $-1 $386 $722 $388 $547 reversed $543 $-1 #
-543 loop $-1 $-1 $541 $473 #
-544 ptlist-eye-attrib $-1 $-1 $-1 $387 #
-545 ellipse-curve $-1 0 18 3 0 1 0 1.8 0 4.4408920985006262e-16 1 F 0 F
3.1415926535897931 #
-546 coedge $-1 $389 $388 $557 $723 reversed $390 $-1 #
-547 edge $724 $393 0 $725 1 $388 $726 forward 7 unknown #
-548 edge $727 $392 0 $728 1 $389 $729 forward 7 unknown #
-549 face $-1 $400 $390 $3 $-1 $730 reversed single #
-550 point $-1 -1.8 18 2.9999999999999996 #
-551 point $-1 1.8 18 3.0000000000000004 #
-552 face $-1 $731 $732 $3 $-1 $733 reversed single #
-553 loop $-1 $-1 $734 $395 #
-554 plane-surface $-1 16.42759827907107 20.453497623808953 5.5000000000000009
-0.7375954580655929 0.56393430978993231 0.37139067635410655
-0.29503818322623981 0.22557372391597494 -0.92847669088525819 forward_v F
-0.68748857302061928 F 0.68748857302062016 F -1.907625917159808 F
1.9076259171598102 #
-555 coedge $-1 $401 $408 $398 $556 forward $414 $-1 #
-556 edge $735 $411 0 $404 1 $398 $736 forward 7 unknown #
-557 coedge $-1 $737 $737 $546 $723 forward $399 $-1 #
-558 plane-surface $-1 -2.8999999999999999 15 0 0 1 0 1 0 0 forward_v F
-0.14897209230716824 F 5.9489720923071676 F -6.1489720923071687 F
0.14897209230716824 #
-559 ptlist-eye-attrib $-1 $-1 $-1 $402 #
-560 straight-curve $-1 2.8999999999999995 15 6 0 -3 0 F 0 F 1 #
-561 point $-1 2.8999999999999995 15 6 #
-562 face $-1 $738 $739 $3 $-1 $740 reversed single #
-563 loop $-1 $-1 $741 $406 #
-564 spline-surface $-1 forward { exactsur full nubs 3 3 open open none none 28
2 -0.0098718225035711368 3 0.008159520299235324 1 0.016776329375242177 1
0.02664072622950479 1 0.059153831473426871 1 0.11854104985334782 1
0.21286936514532281 1 0.25074045179953558 1 0.31586938085803801 1
0.36950261009269642 1 0.40743496225200415 1 0.4374446637336934 1
0.47024177918407678 1 0.488794937992241 1 0.50729080031508267 1
0.53021288018686641 1 0.54732519034081051 1 0.58868933320726613 1
0.67118421758218139 1 0.7798018558791715 1 0.83527827431696366 1
0.85634879537123909 1 0.89614686518135767 1 0.93887078745921226 1
0.95955348392161766 1 0.97695003088155319 1 0.99270169905594008 1
1.0027382226372366 3 -5.1489720923071687 3 -2.8510279076928318 3
63.80615018493458 20.774548901972679 5.1489720923071687 64.194612061681056
21.107006515224672 5.1489720923071687 64.770498746397806 21.594505621108091
5.1489720923071696 65.574318353542296 22.233549941817294 5.1489720923071678
66.5508800417347 23.273874246085853 5.1489720923071696 68.234237731417437
25.601553244236673 5.1489720923071687 70.309472201446269 30.414611679694303
5.1489720923071687 72.276763348357335 35.396907911885641 5.1489720923071687
75.279239811498229 40.130512283850344 5.1489720923071687 78.524111920918756
43.19522557114923 5.1489720923071705 82.188147156629299 45.554625908377687
5.1489720923071669 85.39984565201955 46.897303686828749 5.1489720923071705
88.20383597074715 47.534632750555787 5.1489720923071669 90.618534911615598
47.524222705367933 5.1489720923071705 92.185742840597783 46.182760937897733
5.1489720923071687 92.829570003706664 44.59004107397481 5.1489720923071687
93.049080875644592 42.860068441353121 5.1489720923071678 92.61564447799762
40.522887960173549 5.1489720923071687 90.447081534390492 37.195929102933583
5.1489720923071678 87.661459899190518 31.286302436901309 5.1489720923071687
85.886284766986932 24.540565138956865 5.1489720923071705 85.877177319597124
19.25906735690571 5.1489720923071669 86.671253346977238 16.126124592459917
5.1489720923071696 87.903808507960946 13.455156836443109 5.1489720923071687
88.878604809485211 10.680769698628207 5.1489720923071687 88.680406652696007
8.3699638301789765 5.1489720923071687 88.121053891528575 6.9309039604928486
5.1489720923071687 87.467000816266037 5.91411902033113 5.1489720923071669
87.03049127540082 5.3363220761276517 5.1489720923071687 86.861717160145744
5.1110620969169585 5.1489720923071687 63.80615018493458 20.774548901972679
4.3829906974357229 64.194612061681056 21.107006515224672 4.3829906974357229
64.770498746397806 21.594505621108091 4.3829906974357229 65.574318353542296
22.233549941817294 4.3829906974357229 66.5508800417347 23.273874246085853
4.3829906974357247 68.234237731417437 25.601553244236673 4.3829906974357211
70.309472201446269 30.414611679694303 4.3829906974357238 72.276763348357335
35.396907911885641 4.3829906974357229 75.279239811498229 40.130512283850344
4.382990697435722 78.524111920918756 43.19522557114923 4.3829906974357247
82.188147156629299 45.554625908377687 4.382990697435722 85.39984565201955
46.897303686828749 4.3829906974357229 88.20383597074715 47.534632750555787
4.382990697435722 90.618534911615598 47.524222705367933 4.3829906974357229
92.185742840597783 46.182760937897733 4.3829906974357229 92.829570003706664
44.59004107397481 4.382990697435722 93.049080875644592 42.860068441353121
4.3829906974357229 92.61564447799762 40.522887960173549 4.3829906974357229
90.447081534390492 37.195929102933583 4.382990697435722 87.661459899190518
31.286302436901309 4.3829906974357238 85.886284766986932 24.540565138956865
4.3829906974357247 85.877177319597124 19.25906735690571 4.3829906974357211
86.671253346977238 16.126124592459917 4.3829906974357238 87.903808507960946
13.455156836443109 4.3829906974357229 88.878604809485211 10.680769698628207
4.3829906974357238 88.680406652696007 8.3699638301789765 4.382990697435722
88.121053891528575 6.9309039604928486 4.3829906974357229 87.467000816266037
5.91411902033113 4.3829906974357229 87.03049127540082 5.3363220761276517
4.3829906974357229 86.861717160145744 5.1110620969169585 4.3829906974357229
63.80615018493458 20.774548901972679 3.6170093025642776 64.194612061681056
21.107006515224672 3.6170093025642776 64.770498746397806 21.594505621108091
3.617009302564278 65.574318353542296 22.233549941817294 3.6170093025642771
66.5508800417347 23.273874246085853 3.617009302564278 68.234237731417437
25.601553244236673 3.6170093025642776 70.309472201446269 30.414611679694303
3.6170093025642776 72.276763348357335 35.396907911885641 3.6170093025642776
75.279239811498229 40.130512283850344 3.6170093025642776 78.524111920918756
43.19522557114923 3.617009302564278 82.188147156629299 45.554625908377687
3.6170093025642771 85.39984565201955 46.897303686828749 3.617009302564278
88.20383597074715 47.534632750555787 3.6170093025642762 90.618534911615598
47.524222705367933 3.6170093025642784 92.185742840597783 46.182760937897733
3.6170093025642771 92.829570003706664 44.59004107397481 3.6170093025642767
93.049080875644592 42.860068441353121 3.6170093025642776 92.61564447799762
40.522887960173549 3.6170093025642771 90.447081534390492 37.195929102933583
3.6170093025642771 87.661459899190518 31.286302436901309 3.6170093025642767
85.886284766986932 24.540565138956865 3.6170093025642798 85.877177319597124
19.25906735690571 3.6170093025642762 86.671253346977238 16.126124592459917
3.617009302564278 87.903808507960946 13.455156836443109 3.617009302564278
88.878604809485211 10.680769698628207 3.617009302564278 88.680406652696007
8.3699638301789765 3.6170093025642771 88.121053891528575 6.9309039604928486
3.6170093025642771 87.467000816266037 5.91411902033113 3.617009302564278
87.03049127540082 5.3363220761276517 3.6170093025642776 86.861717160145744
5.1110620969169585 3.6170093025642776 63.80615018493458 20.774548901972679
2.8510279076928318 64.194612061681056 21.107006515224672 2.8510279076928318
64.770498746397806 21.594505621108091 2.8510279076928322 65.574318353542296
22.233549941817294 2.8510279076928313 66.5508800417347 23.273874246085853
2.8510279076928322 68.234237731417437 25.601553244236673 2.8510279076928318
70.309472201446269 30.414611679694303 2.8510279076928322 72.276763348357335
35.396907911885641 2.8510279076928322 75.279239811498229 40.130512283850344
2.8510279076928313 78.524111920918756 43.19522557114923 2.8510279076928322
82.188147156629299 45.554625908377687 2.8510279076928313 85.39984565201955
46.897303686828749 2.8510279076928322 88.20383597074715 47.534632750555787
2.8510279076928304 90.618534911615598 47.524222705367933 2.8510279076928327
92.185742840597783 46.182760937897733 2.8510279076928313 92.829570003706664
44.59004107397481 2.8510279076928322 93.049080875644592 42.860068441353121
2.8510279076928318 92.61564447799762 40.522887960173549 2.8510279076928313
90.447081534390492 37.195929102933583 2.8510279076928313 87.661459899190518
31.286302436901309 2.8510279076928322 85.886284766986932 24.540565138956865
2.8510279076928322 85.877177319597124 19.25906735690571 2.8510279076928313
86.671253346977238 16.126124592459917 2.8510279076928322 87.903808507960946
13.455156836443109 2.8510279076928322 88.878604809485211 10.680769698628207
2.8510279076928313 88.680406652696007 8.3699638301789765 2.8510279076928322
88.121053891528575 6.9309039604928486 2.8510279076928313 87.467000816266037
5.91411902033113 2.8510279076928322 87.03049127540082 5.3363220761276517
2.8510279076928318 86.861717160145744 5.1110620969169585 2.8510279076928318 0 0
0 0 0 0 0 F -0.0098718225035711368 F 1.0027382226372366 F -5.1489720923071687 F
-2.8510279076928318 } I I I I #
-565 ptlist-eye-attrib $-1 $-1 $-1 $409 #
-566 straight-curve $-1 -2.8999999999999995 12 6 0 3 0 F 0 F 1 #
-567 point $-1 -2.8999999999999995 15 6 #
-568 loop $-1 $742 $743 $569 #
-569 face $-1 $744 $745 $3 $-1 $746 reversed single #
-570 edge $747 $421 0 $748 1 $423 $749 forward 7 unknown #
-571 point $-1 -1.7001401460996877 7.2000000081837277 2.2302943725152122 #
-572 coedge $-1 $426 $578 $750 $751 reversed $299 $-1 #
-573 coedge $-1 $437 $583 $426 $574 forward $310 $-1 #
-574 edge $752 $576 0 $753 1.2523433488387961 $573 $754 forward 7 unknown #
-575 ptlist-eye-attrib $-1 $-1 $-1 $427 #
-576 vertex $-1 $584 $755 #
-577 straight-curve $-1 -1.6997572598331925 10.478460969082651
3.1087553557724914 -0.00010259406710955155 -0.8784609772663714
-0.87846098325726851 F 0 F 1 #
-578 coedge $-1 $572 $428 $756 $757 reversed $299 $-1 #
-579 coedge $-1 $586 $758 $428 $580 forward $759 $-1 #
-580 edge $760 $761 0 $748 1.2528300636982912 $428 $762 forward 7 unknown #
-581 cone-surface $-1 -1.6999999999999906 8.4000000000000004 3.535633549193161
0 0 1 0 -2.5053391766779423 0 1 I I 0.70710678118654757 0.70710678118654757 1
forward I I I I #
-582 coedge $-1 $585 $431 $763 $764 reversed $305 $-1 #
-583 coedge $-1 $573 $765 $431 $584 forward $310 $-1 #
-584 edge $766 $767 0 $576 1.2528300759112656 $583 $768 forward 7 unknown #
-585 coedge $-1 $432 $582 $769 $770 reversed $305 $-1 #
-586 coedge $-1 $771 $579 $432 $587 forward $759 $-1 #
-587 edge $772 $748 0 $773 1.2523433408744493 $586 $774 forward 7 unknown #
-588 face $-1 $775 $776 $3 $-1 $777 reversed single #
-589 cone-surface $-1 -1.6999999999999997 8.4000000000000021 3.5356335491931761
0 0 1 0 -2.5053391766779494 0 1 I I 0.70710678118654757 0.70710678118654746 1
forward I I I I #
-590 loop $-1 $-1 $778 $434 #
-591 plane-surface $-1 -0.50000000000000044 6.3215390309173474 6
0.8660254037844386 -0.5 0 0.5 0.8660254037844386 0 forward_v F
-0.14897209230716824 F 2.5489720923071686 F -3.0402167454822848 F
0.14897209230716824 #
-592 coedge $-1 $779 $750 $780 $781 reversed $435 $-1 #
-593 coedge $-1 $765 $437 $782 $783 forward $310 $-1 #
-594 coedge $-1 $750 $779 $437 $595 forward $435 $-1 #
-595 edge $784 $785 0 $753 1 $594 $786 forward 7 unknown #
-596 coedge $-1 $787 $788 $438 $597 reversed $789 $-1 #
-597 edge $790 $601 0 $618 0.75369289262071881 $596 $791 forward 7 unknown #
-598 coedge $-1 $478 $439 $442 $603 forward $342 $-1 #
-599 coedge $-1 $439 $478 $792 $793 reversed $342 $-1 #
-600 ptlist-eye-attrib $-1 $-1 $-1 $440 #
-601 vertex $-1 $597 $794 #
-602 intcurve-curve $-1 forward { exactcur full nubs 3 open 3 0 3
2.3725144824905531 1 4.7212439555606984 3 4.7824266074863715
-9.3541666666666696 0 4.205773781881029 -8.8129675209294991 0
3.2218404561839744 -7.5699701264337218 0 2.3402728218589024 -6.2692297738691591
0 1.9090882002962841 -5.6157562738692244 0 0 null_surface null_surface nullbs
nullbs I I 0 0 0 I I } I I #
-603 edge $795 $444 0 $640 1 $598 $796 forward 7 unknown #
-604 point $-1 1.9090882002962868 -5.615756273869227 0 #
-605 ptlist-eye-attrib $-1 $-1 $-1 $447 #
-606 vertex $-1 $447 $797 #
-607 straight-curve $-1 0.81792547349708444 -5.1352699948303169 0
1.1102230246251565e-16 0 -9 F 0 F 1 #
-608 coedge $-1 $451 $489 $453 $612 reversed $490 $-1 #
-609 ptlist-eye-attrib $-1 $-1 $-1 $452 #
-610 straight-curve $-1 24.999811661903777 10.560018570303583 3
-4.2632564145606011e-14 4.6185277824406512e-14 -12 F 0 F 1 #
-611 coedge $-1 $483 $453 $798 $799 forward $346 $-1 #
-612 edge $800 $455 0 $801 1.8321745959241817 $608 $802 forward 7 unknown #
-613 point $-1 24.999811661903717 10.560018570303658 -9 #
-614 coedge $-1 $803 $458 $788 $804 reversed $616 $-1 #
-615 coedge $-1 $458 $803 $460 $621 reversed $616 $-1 #
-616 loop $-1 $-1 $615 $805 #
-617 ptlist-eye-attrib $-1 $-1 $-1 $459 #
-618 vertex $-1 $459 $806 #
-619 straight-curve $-1 1.3607458354745283 -8 0 -7.3607458354745283 0 0 F 0 F 1
#
-620 coedge $-1 $461 $460 $807 $808 reversed $462 $-1 #
-621 edge $809 $464 0 $810 1 $460 $811 forward 7 unknown #
-622 face $-1 $468 $462 $3 $-1 $812 forward single #
-623 point $-1 -6 -8 0 #
-624 coedge $-1 $813 $710 $466 $625 forward $814 $-1 #
-625 edge $815 $471 0 $627 1 $466 $816 forward 7 unknown #
-626 ptlist-eye-attrib $-1 $-1 $-1 $467 #
-627 vertex $-1 $817 $818 #
-628 straight-curve $-1 -7 -7 7.6475107161795293e-20 4.8576254130239249e-10
-1.9024661845890023e-08 5.0000000012144037 F 0 F 1 #
-629 plane-surface $-1 -7 -8 0 -1 0 0 0 1 0 forward_v F 0.51999999999999957 F
25.48 F -5.1489720923071687 F 0.14897209230716824 #
-630 edge $819 $820 0 $471 1 $710 $821 forward 7 unknown #
-631 point $-1 -7 17 4.9999999999999964 #
-632 cone-surface $-1 0 18 3 0 1 0 1.8 0 0 1 I I 0 1 1 forward I I I I #
-633 face $-1 $822 $655 $3 $-1 $823 forward single #
-634 loop $-1 $-1 $824 $475 #
-635 cone-surface $-1 27.091709257210219 -7.6913093364513507 25.554000000000002
0 0 -1 -0.90528628646609455 0.62486537713048895 0 1 I I 0 1 1 forward I I I I
#
-636 coedge $-1 $825 $826 $827 $828 reversed $476 $-1 #
-637 coedge $-1 $479 $645 $478 $638 forward $346 $-1 #
-638 edge $829 $830 0 $640 4.7212439555607002 $637 $831 forward 7 unknown #
-639 ptlist-eye-attrib $-1 $-1 $-1 $480 #
-640 vertex $-1 $603 $832 #
-641 ellipse-curve $-1 0.99094816981377665 -6.2215771091213465 -9 0 0 1
0.91814003048250703 0.60582083525212482 0 1 F 0 F 1.1454876268378116 #
-642 ptlist-eye-attrib $-1 $-1 $-1 $481 #
-643 ellipse-curve $-1 0 0 -9 0 0 -1 0.81792547349708644 -5.1352699948303178 0
1 F 0 F 3.3228249218916086 #
-644 coedge $-1 $833 $834 $835 $836 forward $482 $-1 #
-645 coedge $-1 $637 $483 $837 $838 forward $346 $-1 #
-646 coedge $-1 $839 $840 $483 $647 reversed $634 $-1 #
-647 edge $841 $842 0 $843 1.8155061033743294 $483 $844 forward 7 unknown #
-648 face $-1 $845 $490 $3 $-1 $846 reversed single #
-649 plane-surface $-1 0 0 -9 0 0 -1 1 0 0 forward_v F -6.3805207147290481 F
54.839379507386646 F -18.073484037857241 F 13.813436990080051 #
-650 coedge $-1 $486 $678 $847 $848 forward $95 $-1 #
-651 coedge $-1 $849 $850 $486 $652 reversed $739 $-1 #
-652 edge $851 $852 0 $657 1.6844029128781453 $651 $853 forward 7 unknown #
-653 coedge $-1 $854 $487 $850 $855 forward $655 $-1 #
-654 coedge $-1 $487 $798 $489 $659 reversed $655 $-1 #
-655 loop $-1 $-1 $856 $633 #
-656 ptlist-eye-attrib $-1 $-1 $-1 $488 #
-657 vertex $-1 $855 $857 #
-658 ellipse-curve $-1 38.950000000000003 2.75 3 0 0 1 9.6117828034193877
11.12221341909475 0 1 F 0 F 1.7126397566237073 #
-659 edge $858 $492 0 $801 1 $489 $859 forward 7 unknown #
-660 point $-1 26.580685017205454 10.692924326494257 3 #
-661 coedge $-1 $860 $695 $495 $662 forward $861 $-1 #
-662 edge $862 $671 0 $667 2.5391110869924414 $661 $863 forward 7 unknown #
-663 coedge $-1 $864 $496 $501 $675 forward $665 $-1 #
-664 coedge $-1 $496 $864 $860 $865 reversed $665 $-1 #
-665 loop $-1 $-1 $663 $518 #
-666 ptlist-eye-attrib $-1 $-1 $-1 $497 #
-667 vertex $-1 $662 $866 #
-668 straight-curve $-1 47.765662907460587 18 3 -27.318379989737771 0 0 F 0 F 1
#
-669 coedge $-1 $498 $694 $500 $674 reversed $368 $-1 #
-670 ptlist-eye-attrib $-1 $-1 $-1 $499 #
-671 vertex $-1 $499 $867 #
-672 intcurve-curve $-1 forward { exactcur full nubs 3 open 32 0 3
3.8203634222077478 1 9.6943896134438319 1 15.205294576632323 1
18.310215476291511 1 20.798893138276945 1 23.591303307628522 1
25.93375035534152 1 28.113815532128992 1 29.198617106401219 1
30.246338086914633 1 31.209322784947773 1 31.802552671481109 1
32.184708225539914 1 32.465584394756789 1 32.811544585543146 1
33.373156085118381 1 34.147192850983096 1 35.382476793180352 1
36.611335870532955 1 39.229820747694156 1 40.605721522269043 1
42.104566229337486 1 44.016906653907732 1 45.833085809351083 1
49.586692816871825 1 54.108136094941123 1 57.13583516689107 1
59.912842168482555 1 68.70145840205565 1 77.212647659826615 1
77.343303952952937 3 19.980951145712236 18.977537651650096 3 20.782246165084583
19.967291454095964 3 22.54796844116294 22.700216783366429 2.9999999999999996
24.337624128031631 27.495201608053549 3.0000000000000004 25.028928755472577
32.308554797575894 3.0000000000000004 25.000064102859699 36.015455766520382
2.9999999999999996 24.687211490489595 38.801111616157584 3 23.842176659178286
41.238009474905162 3.0000000000000004 22.405684648992349 43.237009324112833 3
21.071304819502025 44.547464358224232 2.9999999999999996 20.046463579041095
45.556174219938981 2.9999999999999996 19.336161990958413 46.302773122796623
3.0000000000000009 18.771204824176053 46.969398751490417 3 18.47364179670663
47.54570042148346 3 18.387816225628018 47.971349385268056 3 18.501827862894306
48.297116328867226 3.0000000000000009 18.733749941370366 48.624873377535742
2.9999999999999991 19.220564616678647 48.930106219025262 3.0000000000000013
20.038001391469628 49.192051496352093 2.9999999999999996 21.105670361536422
49.38828509710293 3 22.803355631365129 49.398389382501776 3 24.54900158882991
48.968697662901917 3 26.080894624325435 47.944628114843852 3 27.272845884883438
46.881509127886261 3 28.507859668137712 45.651505283987319 3.0000000000000004
30.3001191782352 43.920635267216255 2.9999999999999996 32.548496696037169
41.379196553127386 3 34.164727278219473 37.941113434931012 3.0000000000000004
35.525533223083833 34.784543289837501 3 37.738322635042074 30.448340408533479
3.0000000000000004 41.437254977586193 24.82587436327135 2.9999999999999991
45.700342323914811 20.757164034959828 3 48.06979226064346 19.119039614815101 3
48.105676222263256 19.094359126300816 3 0 null_surface null_surface nullbs
nullbs I I 0 0 0 I I } I I #
-673 coedge $-1 $501 $500 $868 $869 reversed $502 $-1 #
-674 edge $870 $505 0 $871 1 $500 $872 forward 7 unknown #
-675 edge $873 $504 0 $874 1 $663 $875 forward 7 unknown #
-676 point $-1 20.447282917722816 18 3 #
-677 point $-1 19.980951145712236 18.977537651650096 3 #
-678 coedge $-1 $650 $507 $876 $877 forward $95 $-1 #
-679 coedge $-1 $878 $879 $507 $680 forward $880 $-1 #
-680 edge $881 $882 0 $685 1 $679 $883 forward 7 unknown #
-681 coedge $-1 $884 $508 $511 $688 forward $683 $-1 #
-682 coedge $-1 $508 $884 $878 $885 reversed $683 $-1 #
-683 loop $-1 $-1 $681 $720 #
-684 ptlist-eye-attrib $-1 $-1 $-1 $509 #
-685 vertex $-1 $680 $886 #
-686 ellipse-curve $-1 52.977913371058484 20 3 0 0 1 -0.80489100185405249
-1.8308878925631618 0 1 F 0 F 0.41418666494507672 #
-687 coedge $-1 $511 $510 $534 $717 reversed $512 $-1 #
-688 edge $887 $514 0 $888 1 $681 $889 forward 7 unknown #
-689 point $-1 52.173022369204432 18.169112107436838 3 #
-690 ptlist-eye-attrib $-1 $-1 $-1 $516 #
-691 straight-curve $-1 18.140948847125927 18.704321462961108 3
7.1054273576010019e-15 1.0658141036401503e-14 1.9999999999999982 F 0 F 1 #
-692 face $-1 $890 $861 $3 $-1 $891 reversed single #
-693 plane-surface $-1 47.765662907460587 18 3 0 -1 0 -1 0 0 forward_v F
-0.54636759979475535 F 27.864747589532524 F -2.1489720923071682 F
0.14897209230716824 #
-694 coedge $-1 $669 $520 $892 $893 reversed $368 $-1 #
-695 coedge $-1 $661 $894 $520 $696 reversed $861 $-1 #
-696 edge $895 $671 0 $896 1 $695 $897 forward 7 unknown #
-697 coedge $-1 $898 $899 $521 $698 forward $745 $-1 #
-698 edge $900 $705 0 $701 1 $521 $901 forward 7 unknown #
-699 coedge $-1 $522 $528 $898 $902 reversed $529 $-1 #
-700 ptlist-eye-attrib $-1 $-1 $-1 $523 #
-701 vertex $-1 $902 $903 #
-702 straight-curve $-1 -6.0000000152197295 17.599999999611388
6.0000000009715251 -3.8049332573564243e-09 0.39999999990284962
-0.99999999975712139 F 0 F 1 #
-703 coedge $-1 $715 $524 $899 $904 reversed $396 $-1 #
-704 ptlist-eye-attrib $-1 $-1 $-1 $525 #
-705 vertex $-1 $698 $905 #
-706 straight-curve $-1 12.81730779129224 17.600000005290489 5.9999999867737923
-4.7889692211811052e-08 0.39999999470951764 -0.99999998677379232 F 0 F 1 #
-707 ptlist-eye-attrib $-1 $-1 $-1 $526 #
-708 vertex $-1 $714 $906 #
-709 ellipse-curve $-1 12.817307649705288 21.000000000000004 4.9999999999999991
0 0 -1 2.3832438616062497 -1.8221275191698751 0 1 F 0 F 0.91804318654900141 #
-710 coedge $-1 $624 $907 $528 $630 forward $814 $-1 #
-711 face $-1 $908 $529 $3 $-1 $909 forward single #
-712 coedge $-1 $910 $532 $911 $912 forward $380 $-1 #
-713 coedge $-1 $734 $913 $532 $714 reversed $553 $-1 #
-714 edge $914 $708 0 $915 1 $713 $916 forward 7 unknown #
-715 coedge $-1 $533 $703 $734 $917 forward $396 $-1 #
-716 coedge $-1 $534 $918 $884 $919 forward $380 $-1 #
-717 edge $920 $888 0 $537 84.308920954382643 $687 $921 forward 7 unknown #
-718 plane-surface $-1 0 0 5 0 0 -1 1 0 0 forward_v F 11.132664789232098 F
98.734093533839626 F -53.719631072630428 F 9.7837182563261003 #
-719 point $-1 18.140948847125941 18.704321462961122 4.9999999999999964 #
-720 face $-1 $922 $683 $3 $-1 $923 reversed single #
-721 spline-surface $-1 forward { exactsur full nubs 3 3 open open none none 28
2 0.0019542524790126872 3 0.022901277046810609 1 0.069651667825218339 1
0.13480727332981454 1 0.19629909319245503 1 0.23087150829657513 1
0.25771071709205839 1 0.28648307334673112 1 0.31078300932531311 1
0.33487542241154988 1 0.36066125929165777 1 0.37410830670755213 1
0.39452545549288515 1 0.41076925328992753 1 0.43370022351507481 1
0.46706472281430339 1 0.50307511549149431 1 0.54050075467332581 1
0.56310688128329078 1 0.58457546876347022 1 0.63091381489234599 1
0.68610112654425348 1 0.72109246364909407 1 0.75272342237933088 1
0.85247295425219027 1 0.9480551691970186 1 0.97389751266409907 1
1.0048152166177116 3 -5.1489720923071687 3 -2.8510279076928318 3
17.538667179263815 18.113327238896595 5.1489720923071687 17.97828885091484
18.520702261884146 5.1489720923071687 19.314543106248252 19.922330033885931
5.1489720923071669 21.422438208835299 23.119439978514457 5.1489720923071705
23.168055468926468 27.807776691707414 5.1489720923071687 23.827483310608152
32.392954753380153 5.1489720923071669 23.799628591714757 35.921430874655627
5.1489720923071687 23.51652161874118 38.495731811263809 5.1489720923071678
22.759758963945099 40.690174190270213 5.1489720923071705 21.466710889572525
42.479921126409273 5.1489720923071687 19.928091032811778 43.987138000129001
5.1489720923071687 18.650582290316812 45.248289227892101 5.1489720923071687
17.544068110859715 46.567199392583262 5.1489720923071687 16.982899130578243
48.025339500851402 5.1489720923071705 17.844374606813446 49.682008521987896
5.1489720923071669 19.865613503200983 50.48649875376227 5.1489720923071705
22.502816110145801 50.72279811886866 5.1489720923071678 25.56434890651817
49.952500279041296 5.1489720923071696 27.698029150215312 48.151947870708526
5.1489720923071687 29.348061370801393 46.508196441438251 5.1489720923071687
31.200985681996347 44.71833656247766 5.1489720923071687 33.547111519938497
42.056718088712245 5.1489720923071687 35.228517915008112 38.507113285087165
5.1489720923071705 36.606764410870291 35.305724350400894 5.1489720923071669
38.764437997191962 31.078387421848234 5.1489720923071705 42.349288352391341
25.622576874422169 5.1489720923071696 46.981963873146462 21.194776822944693
5.1489720923071678 50.659275689545495 18.864769120570763 5.1489720923071687
52.125769420030807 18.164196340917226 5.1489720923071687 52.957329048369012
17.847274322939448 5.1489720923071687 17.538667179263815 18.113327238896595
4.3829906974357229 17.97828885091484 18.520702261884146 4.3829906974357229
19.314543106248252 19.922330033885931 4.3829906974357211 21.422438208835299
23.119439978514457 4.3829906974357247 23.168055468926468 27.807776691707414
4.3829906974357229 23.827483310608152 32.392954753380153 4.3829906974357211
23.799628591714757 35.921430874655627 4.3829906974357238 23.51652161874118
38.495731811263809 4.382990697435722 22.759758963945099 40.690174190270213
4.3829906974357238 21.466710889572525 42.479921126409273 4.382990697435722
19.928091032811778 43.987138000129001 4.3829906974357238 18.650582290316812
45.248289227892101 4.3829906974357238 17.544068110859715 46.567199392583262
4.3829906974357229 16.982899130578243 48.025339500851402 4.3829906974357238
17.844374606813446 49.682008521987896 4.3829906974357211 19.865613503200983
50.48649875376227 4.3829906974357238 22.502816110145801 50.72279811886866
4.382990697435722 25.56434890651817 49.952500279041296 4.3829906974357238
27.698029150215312 48.151947870708526 4.3829906974357229 29.348061370801393
46.508196441438251 4.3829906974357229 31.200985681996347 44.71833656247766
4.3829906974357229 33.547111519938497 42.056718088712245 4.3829906974357229
35.228517915008112 38.507113285087165 4.3829906974357247 36.606764410870291
35.305724350400894 4.382990697435722 38.764437997191962 31.078387421848234
4.3829906974357229 42.349288352391341 25.622576874422169 4.3829906974357229
46.981963873146462 21.194776822944693 4.3829906974357238 50.659275689545495
18.864769120570763 4.382990697435722 52.125769420030807 18.164196340917226
4.3829906974357229 52.957329048369012 17.847274322939448 4.3829906974357229
17.538667179263815 18.113327238896595 3.6170093025642776 17.97828885091484
18.520702261884146 3.6170093025642776 19.314543106248252 19.922330033885931
3.6170093025642767 21.422438208835299 23.119439978514457 3.6170093025642784
23.168055468926468 27.807776691707414 3.6170093025642771 23.827483310608152
32.392954753380153 3.6170093025642767 23.799628591714757 35.921430874655627
3.617009302564278 23.51652161874118 38.495731811263809 3.6170093025642771
22.759758963945099 40.690174190270213 3.617009302564278 21.466710889572525
42.479921126409273 3.6170093025642771 19.928091032811778 43.987138000129001
3.617009302564278 18.650582290316812 45.248289227892101 3.617009302564278
17.544068110859715 46.567199392583262 3.6170093025642776 16.982899130578243
48.025339500851402 3.617009302564278 17.844374606813446 49.682008521987896
3.6170093025642762 19.865613503200983 50.48649875376227 3.6170093025642789
22.502816110145801 50.72279811886866 3.6170093025642771 25.56434890651817
49.952500279041296 3.617009302564278 27.698029150215312 48.151947870708526
3.6170093025642767 29.348061370801393 46.508196441438251 3.617009302564278
31.200985681996347 44.71833656247766 3.6170093025642771 33.547111519938497
42.056718088712245 3.6170093025642771 35.228517915008112 38.507113285087165
3.6170093025642789 36.606764410870291 35.305724350400894 3.6170093025642767
38.764437997191962 31.078387421848234 3.617009302564278 42.349288352391341
25.622576874422169 3.617009302564278 46.981963873146462 21.194776822944693
3.6170093025642767 50.659275689545495 18.864769120570763 3.617009302564278
52.125769420030807 18.164196340917226 3.6170093025642776 52.957329048369012
17.847274322939448 3.6170093025642776 17.538667179263815 18.113327238896595
2.8510279076928318 17.97828885091484 18.520702261884146 2.8510279076928318
19.314543106248252 19.922330033885931 2.8510279076928309 21.422438208835299
23.119439978514457 2.8510279076928327 23.168055468926468 27.807776691707414
2.8510279076928322 23.827483310608152 32.392954753380153 2.8510279076928313
23.799628591714757 35.921430874655627 2.8510279076928318 23.51652161874118
38.495731811263809 2.8510279076928313 22.759758963945099 40.690174190270213
2.8510279076928322 21.466710889572525 42.479921126409273 2.8510279076928313
19.928091032811778 43.987138000129001 2.8510279076928322 18.650582290316812
45.248289227892101 2.8510279076928313 17.544068110859715 46.567199392583262
2.8510279076928318 16.982899130578243 48.025339500851402 2.8510279076928327
17.844374606813446 49.682008521987896 2.8510279076928304 19.865613503200983
50.48649875376227 2.8510279076928327 22.502816110145801 50.72279811886866
2.8510279076928309 25.56434890651817 49.952500279041296 2.8510279076928327
27.698029150215312 48.151947870708526 2.8510279076928313 29.348061370801393
46.508196441438251 2.8510279076928322 31.200985681996347 44.71833656247766
2.8510279076928318 33.547111519938497 42.056718088712245 2.8510279076928322
35.228517915008112 38.507113285087165 2.8510279076928322 36.606764410870291
35.305724350400894 2.8510279076928318 38.764437997191962 31.078387421848234
2.8510279076928318 42.349288352391341 25.622576874422169 2.8510279076928322
46.981963873146462 21.194776822944693 2.8510279076928322 50.659275689545495
18.864769120570763 2.8510279076928313 52.125769420030807 18.164196340917226
2.8510279076928318 52.957329048369012 17.847274322939448 2.8510279076928318 0 0
0 0 0 0 0 F 0.0019542524790126872 F 1.0048152166177116 F -5.1489720923071687 F
-2.8510279076928318 } I I I I #
-722 coedge $-1 $542 $541 $737 $924 reversed $543 $-1 #
-723 edge $925 $728 0 $725 3.1415926535897931 $557 $926 forward 7 unknown #
-724 ptlist-eye-attrib $-1 $-1 $-1 $547 #
-725 vertex $-1 $547 $927 #
-726 straight-curve $-1 1.8 18 3 0 -2.9999999999999964 0 F 0 F 1 #
-727 ptlist-eye-attrib $-1 $-1 $-1 $548 #
-728 vertex $-1 $924 $928 #
-729 straight-curve $-1 -1.8 18 3 0 -2.9999999999999964 0 F 0 F 1 #
-730 cone-surface $-1 0 18 3 0 1 0 1.8 0 0 1 I I 0 1 1 forward I I I I #
-731 face $-1 $929 $930 $3 $-1 $931 forward single #
-732 loop $-1 $-1 $932 $552 #
-733 spline-surface $-1 forward { exactsur full nubs 3 3 open open none none
100 2 -0.005978671490655116 3 0 1 0.010309278350515464 1 0.020618556701030927 1
0.030927835051546393 1 0.041237113402061855 1 0.051546391752577317 1
0.061855670103092786 1 0.072164948453608241 1 0.08247422680412371 1
0.092783505154639179 1 0.10309278350515463 1 0.1134020618556701 1
0.12371134020618557 1 0.13402061855670103 1 0.14432989690721648 1
0.15463917525773196 1 0.16494845360824742 1 0.17525773195876287 1
0.18556701030927836 1 0.19587628865979381 1 0.20618556701030927 1
0.21649484536082475 1 0.22680412371134021 1 0.23711340206185566 1
0.24742268041237114 1 0.25773195876288657 1 0.26804123711340205 1
0.27835051546391754 1 0.28865979381443296 1 0.29896907216494845 1
0.30927835051546393 1 0.31958762886597936 1 0.32989690721649484 1
0.34020618556701032 1 0.35051546391752575 1 0.36082474226804123 1
0.37113402061855671 1 0.38144329896907214 1 0.39175257731958762 1
0.40206185567010311 1 0.41237113402061853 1 0.42268041237113402 1
0.4329896907216495 1 0.44329896907216493 1 0.45360824742268041 1
0.46391752577319589 1 0.47422680412371132 1 0.4845360824742268 1
0.49484536082474229 1 0.50515463917525771 1 0.51546391752577314 1
0.52577319587628868 1 0.53608247422680411 1 0.54639175257731953 1
0.55670103092783507 1 0.5670103092783505 1 0.57731958762886593 1
0.58762886597938147 1 0.59793814432989689 1 0.60824742268041232 1
0.61855670103092786 1 0.62886597938144329 1 0.63917525773195871 1
0.64948453608247425 1 0.65979381443298968 1 0.67010309278350511 1
0.68041237113402064 1 0.69072164948453607 1 0.7010309278350515 1
0.71134020618556704 1 0.72164948453608246 1 0.73195876288659789 1
0.74226804123711343 1 0.75257731958762886 1 0.76288659793814428 1
0.77319587628865982 1 0.78350515463917525 1 0.79381443298969068 1
0.80412371134020622 1 0.81443298969072164 1 0.82474226804123707 1
0.83505154639175261 1 0.84536082474226804 1 0.85567010309278346 1
0.865979381443299 1 0.87628865979381443 1 0.88659793814432986 1
0.89690721649484539 1 0.90721649484536082 1 0.91752577319587625 1
0.92783505154639179 1 0.93814432989690721 1 0.94845360824742264 1
0.95876288659793818 1 0.96907216494845361 1 0.97938144329896903 1
0.98969072164948457 1 1 1 1.0054531005491976 3 -0.13831711529961455 3
1.1383171152996154 3 90.619070431335615 14.621767633865943 6.1383171152996132
90.474103787599759 15.151707376263886 6.1383171152996132 90.055282425532369
16.678083604639156 6.1383171152996141 89.37612974694477 19.316015431600857
6.138317115299615 88.875148143205223 22.033620539250574 6.1383171152996123
88.684836793241857 24.556590609841138 6.1383171152996141 88.774824528456648
26.72737676582836 6.1383171152996141 89.227343171045291 28.801572461473214
6.1383171152996141 90.128260222114477 31.002469901263069 6.1383171152996132
91.364111031618265 33.407207288383532 6.1383171152996141 92.868611966903131
35.8450467421506 6.1383171152996141 94.186878373619237 38.065530070429737
6.138317115299615 95.186426046938578 40.081690405726093 6.1383171152996132
95.911007642324108 41.947957319804665 6.1383171152996132 96.372876179987443
43.668138918580354 6.1383171152996141 96.605650537748616 45.232455027965415
6.1383171152996132 96.601066668634459 46.621434722104318 6.1383171152996132
96.382321423247276 47.819216776297374 6.1383171152996141 95.97318452008804
48.769722953078897 6.1383171152996141 95.347879857113099 49.587629453537517
6.1383171152996132 94.436189571156433 50.386460395936261 6.1383171152996141
93.256578555154448 51.103124605913884 6.1383171152996141 91.76964938779011
51.68377446315003 6.1383171152996132 90.028878055044601 52.051442577292605
6.1383171152996141 88.097483744003711 52.063085388613317 6.1383171152996141
85.937129290461968 51.744609914619524 6.1383171152996132 83.445112391730291
51.070730231484085 6.1383171152996141 81.092784450242959 50.099150525999484
6.1383171152996141 79.099831115853135 48.838323706284697 6.138317115299615
77.026521746918363 46.924781898867494 6.1383171152996141 74.870784475762548
44.738542100405226 6.1383171152996141 72.531349733818189 42.157406043540028
6.138317115299615 70.309275118220256 38.992060734382932 6.1383171152996141
68.677193653682366 35.899886480494565 6.1383171152996141 67.390501213108038
33.200893129053256 6.138317115299615 66.212213515551866 30.72361107327519
6.1383171152996141 64.942403389766127 28.620625525535207 6.1383171152996141
63.522378056058379 26.960389893259844 6.138317115299615 61.770121926005686
25.559921021744856 6.1383171152996141 59.630110855064032 24.428541896521821
6.1383171152996141 57.420561114076968 23.752614239797836 6.138317115299615
55.172846499686365 23.504368355531927 6.1383171152996141 52.844305682645384
23.68507891044003 6.1383171152996141 50.555551958698487 24.30000973224903
6.138317115299615 48.229301585091335 25.407633030117101 6.1383171152996141
45.777424775295451 27.137479557082475 6.1383171152996141 43.344973730127919
29.484764801064998 6.138317115299615 40.954440813487409 32.504644433369201
6.1383171152996141 38.668328064367827 36.090252004165151 6.1383171152996141
36.691485354875837 39.406752793554631 6.1383171152996141 34.8871232691465
42.172935501218234 6.1383171152996159 33.068996490728402 44.509096612537249
6.1383171152996123 31.270276508059993 46.421223694579282 6.138317115299615
29.520111334958514 47.975384070926737 6.1383171152996141 27.841817581776553
49.216952060021001 6.1383171152996141 26.252640415673941 50.191730675423955
6.138317115299615 24.758307930999891 50.916633648752892 6.1383171152996141
23.368599503843711 51.416614148985907 6.1383171152996141 22.090392122932268
51.729104259665093 6.138317115299615 20.936039108852967 51.865985025577324
6.1383171152996141 19.920089038435648 51.818579109256802 6.1383171152996141
19.031551653982156 51.646363743481025 6.138317115299615 18.25682006722819
51.408881686464852 6.1383171152996141 17.577830664417601 51.138177431360241
6.1383171152996141 16.983733222726265 50.852761511809327 6.138317115299615
16.464892207328209 50.559466956310331 6.1383171152996141 16.01387563817369
50.26336620207065 6.1383171152996141 15.627511000371504 49.970140298561844
6.138317115299615 15.311812756746551 49.679128948082585 6.1383171152996141
15.05738570084657 49.39019547080354 6.1383171152996141 14.872000894956527
49.115626201736319 6.138317115299615 14.763534584116108 48.865583235017823
6.1383171152996141 14.728099838527433 48.634703927769571 6.1383171152996141
14.745789446342947 48.490364516710621 6.138317115299615 14.836389782188284
48.30900509003947 6.1383171152996141 15.006173843533624 48.092422916141409
6.1383171152996141 15.22760268992406 47.868778966634167 6.138317115299615
15.499584820794725 47.632284812975847 6.1383171152996141 15.810339454195738
47.37991169772345 6.1383171152996141 16.155653715510518 47.111773044254875
6.138317115299615 16.534503910427347 46.821646611243089 6.1383171152996141
16.94773372062998 46.494877422054017 6.1383171152996141 17.387459276695914
46.113839183646277 6.138317115299615 17.847636960785966 45.673747843818177
6.1383171152996141 18.327527961176759 45.164344211000184 6.1383171152996141
18.823521859966945 44.572534134676758 6.138317115299615 19.326316669947559
43.886134036045746 6.1383171152996141 19.831865710412082 43.100038554919543
6.1383171152996141 20.339779615570141 42.213129286655104 6.138317115299615
20.856237088496169 41.217952286682234 6.1383171152996141 21.372331986308961
40.095648656149763 6.1383171152996141 21.874639571422399 38.829256522108999
6.138317115299615 22.348119128097164 37.393604763665031 6.1383171152996141
22.743264085239975 35.741236794682663 6.1383171152996141 22.966663887924035
33.821394381649142 6.138317115299615 22.838623558501922 31.572372361078134
6.1383171152996141 22.24993474571956 29.131199786538261 6.1383171152996141
21.166022095107074 26.747536398939722 6.138317115299615 19.647336700799457
24.376598143337141 6.1383171152996132 18.008274559381707 22.065586583899218
6.138317115299615 17.007090705803851 20.80956410606683 6.1383171152996141
16.669349921887626 20.410006770958134 6.1383171152996141 90.782023499927192
14.671407762718756 5.7127723717665368 90.637705056977566 15.198810350279691
5.7127723717665368 90.220109434925149 16.720612679376718 5.7127723717665386
89.541949359311246 19.354838302515176 5.7127723717665395 89.044175430609272
22.056820855887121 5.712772371766536 88.855266615081973 24.559869664902084
5.7127723717665386 88.945218995362708 26.709492445526777 5.7127723717665377
89.389031853089435 28.74537812644482 5.7127723717665368 90.283009754857176
30.931313722090096 5.7127723717665386 91.511453201685214 33.321609900279967
5.7127723717665368 93.012750871155305 35.754540822392194 5.7127723717665377
94.336112973838127 37.983331726966114 5.7127723717665377 95.341969926161568
40.01197106435076 5.7127723717665377 96.072828257609999 41.894124395812639
5.7127723717665377 96.539683963089544 43.632443264284817 5.7127723717665377
96.775901828708669 45.218209926704574 5.7127723717665368 96.771517308694229
46.635319658987704 5.7127723717665368 96.547823851346436 47.865374929023424
5.7127723717665377 96.120900687115977 48.858124843886472 5.7127723717665377
95.471483673215261 49.706245804280208 5.7127723717665368 94.536113960916566
50.525320921059304 5.7127723717665377 93.331396470154175 51.256907980362854
5.7127723717665377 91.818091784547249 51.847761156146575 5.7127723717665368
90.047517728362251 52.221798816506642 5.7127723717665377 88.081803953836328
52.233326687453435 5.7127723717665377 85.902110808007023 51.911528277324905
5.7127723717665368 83.390437987923761 51.232209687483454 5.7127723717665386
81.017542476807535 50.253193525668678 5.7127723717665368 78.990191889419123
48.969837735463415 5.7127723717665386 76.907435565020734 47.046259524328931
5.7127723717665377 74.747594433830017 44.856060435901981 5.7127723717665368
72.399669283471667 42.266024106620819 5.7127723717665386 70.162231303309142
39.078764480660134 5.7127723717665377 68.524810274193456 35.975742190303357
5.7127723717665368 67.235798940462033 33.271893699723009 5.7127723717665386
66.06080491644785 30.801789655454147 5.7127723717665377 64.802202994260995
28.718680040841811 5.7127723717665368 63.403835466718988 27.08406278110375
5.7127723717665386 61.676416192743872 25.703175269865341 5.7127723717665377
59.564766135717399 24.586785720862313 5.7127723717665368 57.385473128262703
23.920224785942004 5.7127723717665386 55.170515577133393 23.675578989976501
5.7127723717665377 52.873275736414662 23.853816469783649 5.7127723717665368
50.615842577537769 24.460252585984158 5.7127723717665386 48.316900942617195
25.554530908654069 5.7127723717665377 45.887393241266722 27.268272281355092
5.7127723717665368 43.472387681340805 29.598399773498556 5.7127723717665386
41.094313304019522 32.60212470960645 5.7127723717665377 38.814476321240356
36.177536730463395 5.7127723717665368 36.836770565221777 39.495486247398688
5.7127723717665386 35.026722007219917 42.27069311903206 5.7127723717665386
33.198602046833244 44.619844062881796 5.7127723717665368 31.38942861549333
46.543100447126982 5.7127723717665386 29.62770350428174 48.107574369730443
5.7127723717665368 27.937641311955904 49.357894323401624 5.7127723717665386
26.335206624905339 50.34088675139504 5.7127723717665386 24.825158414305335
51.073538917921361 5.7127723717665368 23.418027364823221 51.579811254517203
5.7127723717665386 22.122643421229895 51.896636582529766 5.7127723717665386
20.943990044938502 52.036814882249423 5.7127723717665368 19.898913180524836
51.988134214398997 5.7127723717665386 18.990107917624112 51.811758351067859
5.7127723717665386 18.199932624750655 51.569520142648436 5.7127723717665368
17.509569997182208 51.29424580182129 5.7127723717665386 16.905114162444974
51.003881810349824 5.7127723717665386 16.376394638642605 50.705011670024348
5.7127723717665368 15.91614248557198 50.402881816772926 5.7127723717665386
15.519096733705545 50.101702379054601 5.7127723717665386 15.190013535602056
49.79848431987709 5.7127723717665368 14.924015646920083 49.496512662324584
5.7127723717665386 14.723289537057546 49.20081757299527 5.7127723717665386
14.599718350143185 48.915841673799612 5.7127723717665368 14.555024429494161
48.64586532360827 5.7127723717665386 14.58129744260523 48.433199850753596
5.7127723717665386 14.695943918176553 48.211419294533911 5.7127723717665368
14.879236509627908 47.978596013481443 5.7127723717665386 15.112332146682778
47.743300179181411 5.7127723717665386 15.390820963642405 47.501326311534726
5.7127723717665368 15.704672768058545 47.246445846457924 5.7127723717665386
16.052181585944282 46.976615391380868 5.7127723717665386 16.430535461890315
46.686862966808555 5.7127723717665368 16.83944590536051 46.363474509773177
5.7127723717665386 17.27263769890326 45.988078429484958 5.7127723717665386
17.726724978348734 45.553835998558135 5.7127723717665368 18.200229112452213
45.051191933546761 5.7127723717665386 18.68930132635073 44.467654456349251
5.7127723717665386 19.185685840735587 43.790038997024396 5.7127723717665368
19.685995370756693 43.012176131746237 5.7127723717665386 20.190263169115116
42.131673278348231 5.7127723717665386 20.70326318076846 41.143150088218299
5.7127723717665368 21.215726734508962 40.028750103083979 5.7127723717665386
21.714572273789912 38.771053975319155 5.7127723717665386 22.184326629134382
37.346632380234198 5.7127723717665368 22.575360765327126 35.710736561704458
5.7127723717665386 22.795667524454199 33.816518618764562 5.7127723717665386
22.669488042669045 31.598330405156567 5.7127723717665368 22.087929342029657
29.186807366034728 5.7127723717665386 21.017753146338165 26.832346564604791
5.7127723717665386 19.506962444089002 24.472899879140712 5.7127723717665368
17.871929890100191 22.1675984662415 5.7127723717665386 16.874048404184776
20.915754704418205 5.7127723717665377 16.537685421780555 20.517892334772693
5.7127723717665377 90.944976568518783 14.721047891571567 5.2872276282334614
90.801306326355387 15.245913324295497 5.2872276282334614 90.384936444317944
16.76314175411428 5.2872276282334596 89.707768971677751 19.393661173429486
5.2872276282334614 89.213202718013306 22.080021172523679 5.2872276282334596
89.025696436922118 24.563148719963024 5.2872276282334596 89.115613462268712
26.691608125225201 5.2872276282334614 89.55072053513355 28.689183791416411
5.2872276282334596 90.437759287599931 30.860157542917136 5.2872276282334596
91.658795371752106 33.23601251217638 5.2872276282334614 93.156889775407507
35.664034902633823 5.2872276282334596 94.485347574056945 37.901133383502462
5.2872276282334614 95.497513805384614 39.942251722975428 5.2872276282334605
96.23464887289586 41.84029147182062 5.2872276282334596 96.706491746191674
43.596747609989286 5.2872276282334614 96.946153119668679 45.20396482544372
5.2872276282334587 96.941967948754012 46.649204595871119 5.2872276282334605
96.713326279445596 47.911533081749461 5.2872276282334614 96.268616854143886
48.946526734694032 5.2872276282334605 95.595087489317422 49.824862155022913
5.2872276282334605 94.636038350676742 50.664181446182354 5.2872276282334614
93.406214385153874 51.410691354811817 5.2872276282334605 91.866534181304388
52.011747849143134 5.2872276282334605 90.066157401679902 52.392155055720664
5.2872276282334614 88.06612416366896 52.403567986293581 5.2872276282334605
85.867092325552079 52.078446640030265 5.2872276282334596 83.335763584117217
51.393689143482845 5.2872276282334596 80.94230050337211 50.407236525337858
5.2872276282334614 78.880552662985096 49.101351764642118 5.2872276282334605
76.788349383123133 47.167737149790376 5.2872276282334614 74.6244043918975
44.973578771398714 5.2872276282334614 72.267988833125159 42.374642169701644
5.2872276282334605 70.015187488398041 39.165468226937293 5.2872276282334614
68.37242689470456 36.051597900112164 5.2872276282334614 67.081096667816027
33.342894270392776 5.2872276282334605 65.909396317343806 30.879968237633094
5.2872276282334614 64.662002598755933 28.816734556148425 5.2872276282334614
63.28529287737959 27.20773566894767 5.2872276282334605 61.582710459482065
25.846429517985808 5.2872276282334614 59.499421416370765 24.745029545202812
5.2872276282334614 57.350385142448445 24.087835332086161 5.2872276282334605
55.168184654580436 23.846789624421092 5.2872276282334614 52.902245790183933
24.022554029127242 5.2872276282334614 50.676133196377066 24.620495439719292
5.2872276282334605 48.404500300143013 25.701428787191031 5.2872276282334614
45.997361707238042 27.399065005627705 5.2872276282334614 43.599801632553678
29.712034745932126 5.2872276282334605 41.234185794551621 32.699604985843671
5.2872276282334614 38.960624578112913 36.264821456761659 5.2872276282334614
36.982055775567687 39.584219701242745 5.2872276282334596 35.166320745293334
42.368450736845887 5.2872276282334623 33.328207602938072 44.730591513226358
5.2872276282334587 31.508580722926673 46.664977199674667 5.2872276282334614
29.735295673604959 48.239764668534121 5.2872276282334596 28.033465042135244
49.498836586782268 5.2872276282334605 26.417772834136748 50.490042827366096
5.2872276282334614 24.892008897610786 51.230444187089851 5.2872276282334596
23.46745522580272 51.743008360048535 5.2872276282334605 22.154894719527515
52.064168905394389 5.2872276282334614 20.95194098102403 52.207644738921566
5.2872276282334596 19.877737322614028 52.157689319541134 5.2872276282334605
18.948664181266079 51.977152958654727 5.2872276282334614 18.143045182273127
51.73015859883202 5.2872276282334596 17.441309329946804 51.450314172282354
5.2872276282334605 16.826495102163697 51.155002108890315 5.2872276282334614
16.287897069956987 50.850556383738365 5.2872276282334596 15.818409332970269
50.542397431475202 5.2872276282334605 15.410682467039592 50.233264459547357
5.2872276282334614 15.068214314457565 49.917839691671603 5.2872276282334596
14.790645592993592 49.602829853845634 5.2872276282334605 14.574578179158571
49.286008944254228 5.2872276282334614 14.435902116170258 48.966100112581387
5.2872276282334596 14.381949020460898 48.657026719446947 5.2872276282334605
14.416805438867513 48.37603518479655 5.2872276282334614 14.555498054164826
48.113833499028338 5.2872276282334596 14.752299175722193 47.864769110821491
5.2872276282334605 14.997061603441505 47.617821391728661 5.2872276282334614
15.282057106490086 47.370367810093605 5.2872276282334596 15.599006081921351
47.112979995192369 5.2872276282334605 15.948709456378053 46.841457738506868
5.2872276282334614 16.326567013353269 46.552079322374041 5.2872276282334596
16.731158090091039 46.232071597492329 5.2872276282334605 17.157816121110606
45.862317675323659 5.2872276282334614 17.605812995911499 45.433924153298086
5.2872276282334596 18.07293026372766 44.938039656093338 5.2872276282334605
18.555080792734522 44.362774778021738 5.2872276282334614 19.045055011523626
43.693943958003047 5.2872276282334596 19.540125031101297 42.924313708572924
5.2872276282334605 20.040746722660096 42.050217270041351 5.2872276282334614
20.550289273040754 41.068347889754349 5.2872276282334596 21.059121482708974
39.961851550018189 5.2872276282334605 21.554504976157435 38.712851428529305
5.2872276282334614 22.020534130171583 37.299659996803349 5.2872276282334596
22.407457445414288 35.680236328726245 5.2872276282334605 22.624671160984349
33.811642855879988 5.2872276282334614 22.500352526836163 31.624288449235006
5.2872276282334596 21.925923938339761 29.242414945531177 5.2872276282334605
20.86948419756925 26.917156730269859 5.2872276282334614 19.366588187378554
24.569201614944298 5.2872276282334596 17.735585220818649 22.269610348583765
5.2872276282334614 16.741006102565702 21.021945302769574 5.2872276282334605
16.406020921673484 20.625777898587245 5.2872276282334605 91.10792963711036
14.77068802042438 4.861682884700385 90.964907595733195 15.293016298311302
4.861682884700385 90.549763453710696 16.805670828851838 4.8616828847003841
89.873588584044256 19.432484044343802 4.8616828847003841 89.382230005417313
22.103221489160234 4.8616828847003832 89.196126258762249 24.566427775023971
4.8616828847003832 89.28600792917473 26.673723804923618 4.861682884700385
89.712409217177708 28.63298945638801 4.8616828847003832 90.592508820342616
30.78900136374417 4.8616828847003841 91.806137541819041 33.150415124072815
4.861682884700385 93.301028679659723 35.573528982875423 4.8616828847003841
94.634582174275806 37.818935040038831 4.8616828847003841 95.653057684607603
39.872532381600109 4.861682884700385 96.396469488181737 41.786458547828587
4.8616828847003832 96.873299529293817 43.561051955693742 4.861682884700385
97.116404410628718 45.189719724182865 4.8616828847003823 97.112418588813796
46.663089532754505 4.8616828847003841 96.87882870754477 47.957691234475519
4.861682884700385 96.416333021171823 49.0349286255016 4.8616828847003832
95.718691305419597 49.943478505765611 4.8616828847003841 94.735962740436861
50.803041971305404 4.861682884700385 93.481032300153601 51.56447472926078
4.8616828847003832 91.914976578061555 52.175734542139679 4.8616828847003841
90.084797074997539 52.562511294934701 4.861682884700385 88.050444373501591
52.573809285133692 4.8616828847003832 85.832073843097135 52.245365002735653
4.8616828847003832 83.281089180310659 51.555168599482215 4.8616828847003859
80.867058529936685 50.561279525007016 4.8616828847003841 78.770913436551083
49.232865793820856 4.8616828847003841 76.669263201225505 47.289214775251807
4.8616828847003841 74.501214349964982 45.091097106895475 4.8616828847003841
72.136308382778651 42.483260232782428 4.8616828847003841 69.868143673486912
39.252171973214502 4.8616828847003841 68.220043515215664 36.127453609920963
4.8616828847003841 66.926394395169993 33.413894841062522 4.8616828847003841
65.757987718239818 30.958146819812043 4.8616828847003841 64.5218022032508
28.91478907145504 4.8616828847003841 63.166750288040205 27.331408556791576
4.8616828847003841 61.489004726220237 25.989683766106285 4.8616828847003841
59.434076697024132 24.903273369543307 4.8616828847003841 57.315297156634195
24.255445878230322 4.8616828847003841 55.165853732027472 24.018000258865666
4.8616828847003841 52.931215843953204 24.191291588470854 4.8616828847003841
50.736423815216348 24.780738293454423 4.8616828847003841 48.492099657668881
25.848326665727996 4.8616828847003841 46.107330173209306 27.529857729900332
4.8616828847003841 43.727215583766558 29.825669718365678 4.8616828847003841
41.374058285083727 32.797085262080913 4.8616828847003841 39.106772834985449
36.352106183059917 4.8616828847003841 37.127340985913619 39.67295315508678
4.8616828847003841 35.305919483366743 42.466208354659734 4.8616828847003841
33.457813159042914 44.841338963570905 4.8616828847003832 31.627732830360017
46.786853952222359 4.8616828847003841 29.842887842928182 48.371954967337828
4.8616828847003841 28.129288772314588 49.639778850162891 4.8616828847003841
26.500339043368157 50.639198903337196 4.8616828847003841 24.958859380916227
51.38734945625832 4.8616828847003841 23.516883086782233 51.906205465579859
4.8616828847003841 22.187146017825143 52.231701228259027 4.8616828847003841
20.959891917109569 52.378474595593666 4.8616828847003841 19.856561464703219
52.327244424683329 4.8616828847003841 18.907220444908035 52.142547566241561
4.8616828847003841 18.086157739795595 51.890797055015604 4.8616828847003841
17.373048662711408 51.606382542743404 4.8616828847003841 16.747876041882407
51.306122407430813 4.8616828847003841 16.19939950127138 50.996101097452375
4.8616828847003841 15.72067618036856 50.681913046177463 4.8616828847003841
15.302268200373636 50.36482654004012 4.8616828847003841 14.946415093313071
50.0371950634661 4.8616828847003841 14.657275539067104 49.709147045366677
4.8616828847003841 14.425866821259591 49.371200315513178 4.8616828847003841
14.272085882197331 49.016358551363162 4.8616828847003841 14.208873611427627
48.668188115285638 4.8616828847003841 14.252313435129791 48.318870518839525
4.8616828847003841 14.415052190153103 48.016247703522772 4.8616828847003841
14.625361841816479 47.750942208161547 4.8616828847003841 14.88179106020022
47.492342604275905 4.8616828847003841 15.173293249337767 47.239409308652483
4.8616828847003841 15.493339395784158 46.979514143926835 4.8616828847003841
15.845237326811816 46.706300085632876 4.8616828847003841 16.222598564816238
46.417295677939507 4.8616828847003841 16.622870274821572 46.100668685211488
4.8616828847003841 17.042994543317938 45.73655692116234 4.8616828847003841
17.484901013474268 45.314012308038031 4.8616828847003841 17.945631415003106
44.824887378639929 4.8616828847003841 18.42086025911831 44.257895099694231
4.8616828847003841 18.904424182311651 43.597848918981697 4.8616828847003841
19.394254691445909 42.836451285399619 4.8616828847003841 19.891230276205071
41.968761261734471 4.8616828847003841 20.397315365313048 40.993545691290421
4.8616828847003841 20.902516230908983 39.894952996952391 4.8616828847003841
21.394437678524948 38.654648881739462 4.8616828847003841 21.856741631208802
37.252687613372515 4.8616828847003841 22.239554125501439 35.64973609574804
4.8616828847003841 22.453674797514513 33.806767092995401 4.8616828847003841
22.331217011003282 31.65024649331345 4.8616828847003841 21.763918534649854
29.298022525027637 4.8616828847003841 20.721215248800348 27.001966895934935
4.8616828847003841 19.226213930668099 24.665503350747869 4.8616828847003841
17.599240551537132 22.37162223092604 4.8616828847003841 16.607963800946628
21.128135901120949 4.8616828847003841 16.274356421566413 20.733663462401804
4.8616828847003841 0 0 0 0 0 0 0 F -0.005978671490655116 F 1.0054531005491976 F
-0.13831711529961455 F 1.1383171152996154 } I I I I #
-734 coedge $-1 $933 $713 $715 $917 reversed $553 $-1 #
-735 ptlist-eye-attrib $-1 $-1 $-1 $556 #
-736 straight-curve $-1 -2.8999999999999995 15 6 5.7999999999999989 0 0 F 0 F 1
#
-737 coedge $-1 $557 $557 $722 $924 forward $399 $-1 #
-738 face $-1 $934 $935 $3 $-1 $936 reversed single #
-739 loop $-1 $-1 $850 $562 #
-740 cone-surface $-1 51.831096682133456 17.655279207902499 0 0 0 -1 5 0 0 1 I
I 0 1 1 forward I I I I #
-741 coedge $-1 $937 $938 $939 $940 forward $563 $-1 #
-742 loop $-1 $941 $942 $569 #
-743 coedge $-1 $943 $943 $944 $945 forward $568 $-1 #
-744 face $-1 $946 $947 $3 $-1 $948 reversed single #
-745 loop $-1 $949 $950 $569 #
-746 plane-surface $-1 0 0 6 0 0 -1 1 0 0 forward_v F -8.665145715672292 F
98.722431499286955 F -53.406066017624958 F 14.106893889545596 #
-747 ptlist-eye-attrib $-1 $-1 $-1 $570 #
-748 vertex $-1 $570 $951 #
-749 straight-curve $-1 -1.7001401460996874 7.2000000081837223
2.2302943725152198 -0.00010259406710910746 -0.87846097726637762
0.87846098325728006 F 0 F 1 #
-750 coedge $-1 $592 $594 $572 $751 forward $435 $-1 #
-751 edge $952 $753 0 $953 2.5062105923508002 $750 $954 forward 7 unknown #
-752 ptlist-eye-attrib $-1 $-1 $-1 $574 #
-753 vertex $-1 $574 $955 #
-754 intcurve-curve $-1 forward { exactcur full nubs 3 open 4 0 3
0.38905964112618696 1 0.79993195257977967 1 1.2523433488387961 3
-1.6997572598331931 10.478460969082651 3.1087553557724914 -1.5700707136755629
10.478460969082651 3.1087705016588463 -1.3028543551253169 10.478460969082654
3.134354163083533 -0.89914423874325333 10.478460969082654 3.2468066015682062
-0.63488301811076808 10.478460969082654 3.36285286345983 -0.50000000000000067
10.478460969082654 3.4302943725152133 0 null_surface null_surface nullbs nullbs
I I 0 0 0 I I } I I #
-755 point $-1 -1.6997572598331925 10.478460969082651 3.1087553557724914 #
-756 coedge $-1 $778 $780 $578 $757 forward $590 $-1 #
-757 edge $956 $953 0 $761 2.5062106382609479 $756 $957 forward 7 unknown #
-758 coedge $-1 $579 $958 $778 $959 forward $759 $-1 #
-759 loop $-1 $-1 $586 $775 #
-760 ptlist-eye-attrib $-1 $-1 $-1 $580 #
-761 vertex $-1 $580 $960 #
-762 intcurve-curve $-1 forward { exactcur full nubs 3 open 4 0 3
0.45517210116672391 1 0.86615366141605454 1 1.2528300636982912 3
-0.50000000000000067 6.3215390309173465 3.4302943725152142 -0.63570610128936167
6.3215390309173465 3.3624413218705342 -0.90089276532177442 6.3215390309173483
3.246081237212266 -1.304893653203856 6.3215390309173483 3.1340253333392791
-1.571350606951732 6.3215390309173447 3.1087403026643741 -1.7002427401667966
6.3215390309173447 3.1087553557724998 0 null_surface null_surface nullbs nullbs
I I 0 0 0 I I } I I #
-763 coedge $-1 $961 $962 $582 $764 forward $963 $-1 #
-764 edge $964 $965 0 $767 2.5062105280525504 $582 $966 forward 7 unknown #
-765 coedge $-1 $583 $593 $961 $967 forward $310 $-1 #
-766 ptlist-eye-attrib $-1 $-1 $-1 $584 #
-767 vertex $-1 $764 $968 #
-768 intcurve-curve $-1 forward { exactcur full nubs 3 open 4 0 3
0.4551801208949437 1 0.86616804343006415 1 1.2528300759112656 3
-2.899999999999999 10.478460969082654 3.4302943725152248 -2.7642915076896433
10.478460969082654 3.3624401263600472 -2.499100316707846 10.478460969082651
3.2460783170694096 -2.0950988418007794 10.478460969082654 3.1340240911868893
-1.8286446031146113 10.478460969082651 3.1087403032237741 -1.6997572598331925
10.478460969082651 3.1087553557724914 0 null_surface null_surface nullbs nullbs
I I 0 0 0 I I } I I #
-769 coedge $-1 $969 $970 $585 $770 forward $776 $-1 #
-770 edge $971 $773 0 $965 2.5062103218853933 $769 $972 forward 7 unknown #
-771 coedge $-1 $958 $586 $970 $973 reversed $759 $-1 #
-772 ptlist-eye-attrib $-1 $-1 $-1 $587 #
-773 vertex $-1 $770 $974 #
-774 intcurve-curve $-1 forward { exactcur full nubs 3 open 4 0 3
0.38907073182753343 1 0.79993473494308609 1 1.2523433408744493 3
-1.7002427401667966 6.3215390309173447 3.108755355772499 -1.8299329832248505
6.3215390309173447 3.1087705020906089 -2.0971503037933554 6.32153903091735
3.1343550189040665 -2.5008600212260026 6.3215390309173465 3.2468084386131615
-2.7651178138042085 6.3215390309173474 3.3628532794173323 -2.9000000000000008
6.3215390309173474 3.4302943725152284 0 null_surface null_surface nullbs nullbs
I I 0 0 0 I I } I I #
-775 face $-1 $429 $759 $3 $-1 $975 reversed single #
-776 loop $-1 $-1 $969 $588 #
-777 plane-surface $-1 -4.0999999999999996 8.3999999999999968 6
-0.86602540378443837 -0.50000000000000033 0 0.50000000000000033
-0.86602540378443837 0 forward_v F -0.14897209230716921 F 2.548972092307165 F
-3.040216735522165 F 0.14897209230716824 #
-778 coedge $-1 $976 $756 $758 $959 reversed $590 $-1 #
-779 coedge $-1 $594 $592 $977 $978 forward $435 $-1 #
-780 coedge $-1 $756 $976 $592 $781 forward $590 $-1 #
-781 edge $979 $980 0 $953 1 $780 $981 forward 7 unknown #
-782 coedge $-1 $977 $982 $593 $783 reversed $983 $-1 #
-783 edge $984 $785 0 $985 1 $593 $986 forward 7 unknown #
-784 ptlist-eye-attrib $-1 $-1 $-1 $595 #
-785 vertex $-1 $978 $987 #
-786 straight-curve $-1 -0.5 10.478460969082652 6 -6.6613381477509392e-16 0
-2.5697056274847867 F 0 F 1 #
-787 coedge $-1 $988 $596 $825 $989 reversed $789 $-1 #
-788 coedge $-1 $596 $988 $614 $804 forward $789 $-1 #
-789 loop $-1 $-1 $787 $990 #
-790 ptlist-eye-attrib $-1 $-1 $-1 $597 #
-791 ellipse-curve $-1 1.3607458354745281 -13 3.5527136788005009e-15 0 0 1
3.4216807720118405 3.6458333333333357 0 1 F 0 F 0.75369289262071881 #
-792 coedge $-1 $837 $825 $599 $793 forward $476 $-1 #
-793 edge $991 $601 0 $830 1 $792 $992 forward 7 unknown #
-794 point $-1 4.7824266074863688 -9.3541666666666643 3.5527136788005009e-15 #
-795 ptlist-eye-attrib $-1 $-1 $-1 $603 #
-796 straight-curve $-1 1.9090882002962841 -5.6157562738692235 0
-8.8817841970012523e-16 1.7763568394002505e-15 -9 F 0 F 1 #
-797 point $-1 0.81792547349708455 -5.1352699948303169 -9 #
-798 coedge $-1 $654 $993 $611 $799 reversed $655 $-1 #
-799 edge $994 $801 0 $842 4.9904095678147833 $611 $995 forward 7 unknown #
-800 ptlist-eye-attrib $-1 $-1 $-1 $612 #
-801 vertex $-1 $659 $996 #
-802 ellipse-curve $-1 25.739235018375894 11.233259314691146 -9 0 0 1
-0.73942335647217661 -0.67324074438748838 0 1 F 0 F 1.8321745959241817 #
-803 coedge $-1 $615 $614 $997 $998 reversed $616 $-1 #
-804 edge $999 $1000 0 $618 1 $614 $1001 forward 7 unknown #
-805 face $-1 $622 $616 $3 $-1 $1002 forward single #
-806 point $-1 1.3607458354745283 -8 0 #
-807 coedge $-1 $1003 $1004 $620 $808 forward $1005 $-1 #
-808 edge $1006 $627 0 $810 1.5707963267948966 $620 $1007 forward 7 unknown #
-809 ptlist-eye-attrib $-1 $-1 $-1 $621 #
-810 vertex $-1 $1008 $1009 #
-811 straight-curve $-1 -6 -8 0 -7.3618281248855055e-08 6.5475447286189592e-10
5.000000001636856 F 0 F 1 #
-812 cone-surface $-1 -6 -7 -28.554000000000006 0 0 1 -1 0 0 1 I I 0 1 1
forward I I I I #
-813 coedge $-1 $907 $624 $1004 $817 reversed $814 $-1 #
-814 loop $-1 $-1 $710 $908 #
-815 ptlist-eye-attrib $-1 $-1 $-1 $625 #
-816 straight-curve $-1 -6.9999999993452455 17.000000073618281
5.000000001636856 -1.6899193155950343e-10 -24.000000092642942
-4.2245229536774787e-10 F 0 F 1 #
-817 edge $1010 $1011 0 $627 1 $1004 $1012 forward 7 unknown #
-818 point $-1 -6.9999999995142375 -7.000000019024661 5.0000000012144037 #
-819 ptlist-eye-attrib $-1 $-1 $-1 $630 #
-820 vertex $-1 $1013 $1014 #
-821 straight-curve $-1 -6.5999999994761964 17.000000058894621
6.0000000013094859 -0.39999999986904911 1.4723660513027426e-08
-0.99999999967262987 F 0 F 1 #
-822 face $-1 $1015 $1016 $3 $-1 $1017 forward single #
-823 cone-surface $-1 38.950000000000003 2.75 0 0 0 -1 14.699999999999999 0 0 1
I I 0 1 1 forward I I I I #
-824 coedge $-1 $840 $839 $1018 $1019 reversed $634 $-1 #
-825 coedge $-1 $792 $636 $787 $989 forward $476 $-1 #
-826 coedge $-1 $636 $837 $840 $1020 reversed $476 $-1 #
-827 coedge $-1 $1021 $1022 $636 $828 forward $1023 $-1 #
-828 edge $1024 $1025 0 $1026 1.7203432417662385 $827 $1027 forward 7 unknown
#
-829 ptlist-eye-attrib $-1 $-1 $-1 $638 #
-830 vertex $-1 $793 $1028 #
-831 intcurve-curve $-1 forward { exactcur full nubs 3 open 3 0 3
2.3725144824905513 1 4.7212439555607002 3 4.7824266074863706
-9.3541666666666679 -9 4.2057737818810281 -8.8129675209294973 -9
3.2218404561839744 -7.5699701264337218 -9 2.3402728218589015
-6.2692297738691574 -9 1.9090882002962828 -5.6157562738692217 -9 0 null_surface
null_surface nullbs nullbs I I 0 0 0 I I } I I #
-832 point $-1 1.9090882002962832 -5.6157562738692217 -9 #
-833 coedge $-1 $1029 $644 $1030 $1031 reversed $482 $-1 #
-834 coedge $-1 $644 $1032 $1033 $1034 reversed $482 $-1 #
-835 coedge $-1 $1035 $1036 $644 $836 reversed $1037 $-1 #
-836 edge $1038 $1039 0 $1040 1.2404619198724471 $644 $1041 forward 7 unknown
#
-837 coedge $-1 $826 $792 $645 $838 reversed $476 $-1 #
-838 edge $1042 $843 0 $830 1.7203432417662414 $645 $1043 forward 7 unknown #
-839 coedge $-1 $824 $646 $993 $1044 reversed $634 $-1 #
-840 coedge $-1 $646 $824 $826 $1020 forward $634 $-1 #
-841 ptlist-eye-attrib $-1 $-1 $-1 $647 #
-842 vertex $-1 $1044 $1045 #
-843 vertex $-1 $1020 $1046 #
-844 ellipse-curve $-1 27.091709257210219 -7.6913093364513507 -9 0 0 1
0.82557720361194953 0.72692659937319348 0 1 F 0 F 1.8155061033743294 #
-845 face $-1 $162 $1047 $3 $-1 $1048 forward single #
-846 cone-surface $-1 25.739235018375894 11.233259314691146 0 0 0 -1 1 0 0 1 I
I 0 1 1 forward I I I I #
-847 coedge $-1 $1049 $1050 $650 $848 reversed $1051 $-1 #
-848 edge $1052 $1053 0 $852 0.29887849960334656 $650 $1054 forward 7 unknown
#
-849 coedge $-1 $1055 $651 $1050 $1056 forward $739 $-1 #
-850 coedge $-1 $651 $1055 $653 $855 reversed $739 $-1 #
-851 ptlist-eye-attrib $-1 $-1 $-1 $652 #
-852 vertex $-1 $848 $1057 #
-853 ellipse-curve $-1 51.831096682133456 17.655279207902499 3 0 0 -1
4.1292962086060356 -2.8193816381596584 0 1 F 0 F 1.6844029128781453 #
-854 coedge $-1 $856 $653 $1058 $1059 reversed $655 $-1 #
-855 edge $1060 $657 0 $1061 1 $850 $1062 forward 7 unknown #
-856 coedge $-1 $1063 $854 $1064 $1065 reversed $655 $-1 #
-857 point $-1 48.561782803419391 13.872213419094749 3 #
-858 ptlist-eye-attrib $-1 $-1 $-1 $659 #
-859 straight-curve $-1 26.580685017205447 10.692924326494257 3 0 0 -12 F 0 F 1
#
-860 coedge $-1 $894 $661 $664 $865 forward $861 $-1 #
-861 loop $-1 $-1 $860 $692 #
-862 ptlist-eye-attrib $-1 $-1 $-1 $662 #
-863 ellipse-curve $-1 47.765662907460587 18.600000000000001 3 0 0 -1
0.34001331480265407 0.49435912630082157 0 1 F 0 F 2.5391110869924414 #
-864 coedge $-1 $664 $663 $1066 $1067 reversed $665 $-1 #
-865 edge $1068 $667 0 $1069 1 $860 $1070 forward 7 unknown #
-866 point $-1 47.765662907460587 18 3 #
-867 point $-1 48.105676222263256 19.094359126300816 3 #
-868 coedge $-1 $892 $1066 $673 $869 forward $1071 $-1 #
-869 edge $1072 $874 0 $871 2.2513576820010099 $868 $1073 forward 7 unknown #
-870 ptlist-eye-attrib $-1 $-1 $-1 $674 #
-871 vertex $-1 $674 $1074 #
-872 straight-curve $-1 19.980951145712236 18.977537651650096 3 0 0 2 F 0 F 1
#
-873 ptlist-eye-attrib $-1 $-1 $-1 $675 #
-874 vertex $-1 $675 $1075 #
-875 straight-curve $-1 20.447282917722816 18 3 0 0 2 F 0 F 1 #
-876 coedge $-1 $1076 $1077 $678 $877 reversed $1078 $-1 #
-877 edge $1079 $882 0 $1053 0.67284581664723886 $876 $1080 forward 7 unknown
#
-878 coedge $-1 $1081 $679 $682 $885 forward $880 $-1 #
-879 coedge $-1 $679 $1081 $1076 $1082 reversed $880 $-1 #
-880 loop $-1 $-1 $878 $922 #
-881 ptlist-eye-attrib $-1 $-1 $-1 $680 #
-882 vertex $-1 $877 $1083 #
-883 straight-curve $-1 57.847325397263376 18 3 -4.8694120262048841 0 0 F 0 F 1
#
-884 coedge $-1 $682 $681 $716 $919 reversed $683 $-1 #
-885 edge $1084 $685 0 $1085 1 $878 $1086 forward 7 unknown #
-886 point $-1 52.977913371058492 18 3 #
-887 ptlist-eye-attrib $-1 $-1 $-1 $688 #
-888 vertex $-1 $717 $1087 #
-889 straight-curve $-1 52.173022369204432 18.169112107436838 3
-1.4210854715202004e-14 0 1.9999999999999982 F 0 F 1 #
-890 face $-1 $1088 $1071 $3 $-1 $1089 forward single #
-891 cone-surface $-1 47.765662907460587 18.600000000000001 3 0 0 -1
0.59999999999999998 0 0 1 I I 0 1 1 forward I I I I #
-892 coedge $-1 $1090 $868 $694 $893 forward $1071 $-1 #
-893 edge $1091 $871 0 $896 77.343303952952937 $892 $1092 forward 7 unknown #
-894 coedge $-1 $695 $860 $1090 $1093 reversed $861 $-1 #
-895 ptlist-eye-attrib $-1 $-1 $-1 $696 #
-896 vertex $-1 $893 $1094 #
-897 straight-curve $-1 48.105676222263256 19.094359126300816 3 0 0 2 F 0 F 1
#
-898 coedge $-1 $1095 $697 $699 $902 forward $745 $-1 #
-899 coedge $-1 $697 $1096 $703 $904 forward $745 $-1 #
-900 ptlist-eye-attrib $-1 $-1 $-1 $698 #
-901 straight-curve $-1 12.81730779129224 17.600000005290489 5.9999999867737923
-18.81730780651197 -5.6791016334045707e-09 1.4197732767229354e-08 F 0 F 1 #
-902 edge $1097 $701 0 $820 1.5707963267948937 $699 $1098 forward 7 unknown #
-903 point $-1 -6.0000000152197295 17.599999999611388 6.0000000009715251 #
-904 edge $1099 $1100 0 $705 0.91804318654901607 $703 $1101 forward 7 unknown
#
-905 point $-1 12.81730764970529 17.599999999999998 6 #
-906 point $-1 15.200551573411236 19.177872562053171 5 #
-907 coedge $-1 $710 $813 $1095 $1013 reversed $814 $-1 #
-908 face $-1 $1102 $814 $3 $-1 $1103 forward single #
-909 cone-surface $-1 -5.9999999999999982 17 4.8616828840698876 0 0 -1 0
-1.055326846372044 0 1 I I 0.37139067635410211 0.92847669088525997 1 forward I
I I I #
-910 coedge $-1 $1104 $712 $1105 $1106 forward $380 $-1 #
-911 coedge $-1 $932 $1107 $712 $912 reversed $732 $-1 #
-912 edge $1108 $915 0 $1109 174.83695940630477 $911 $1110 forward 7 unknown #
-913 coedge $-1 $713 $933 $932 $1111 forward $553 $-1 #
-914 ptlist-eye-attrib $-1 $-1 $-1 $714 #
-915 vertex $-1 $912 $1112 #
-916 straight-curve $-1 15.200551573411236 19.177872562053171 5
2.1363276252047854 2.7942005406233825 0 F 0 F 1 #
-917 edge $1113 $1100 0 $708 1 $734 $1114 forward 7 unknown #
-918 coedge $-1 $716 $1115 $1081 $1116 forward $380 $-1 #
-919 edge $1117 $1085 0 $888 0.41418666494508799 $884 $1118 forward 7 unknown
#
-920 ptlist-eye-attrib $-1 $-1 $-1 $717 #
-921 intcurve-curve $-1 forward { exactcur full nubs 3 open 28 0 3
1.8069967046263451 1 4.0197950737899788 1 12.21269521358831 1
20.762800001362457 1 23.470715933537832 1 26.473996385929745 1
31.204417559041921 1 35.176343117540164 1 37.014235227885216 1
38.954808840264711 1 42.162775140919621 1 45.249432542293576 1
48.109295238828672 1 50.074840285799425 1 51.467189409734779 1
53.217260395580659 1 54.382742939355559 1 56.591839938732996 1
58.673309861091909 1 60.750568959616373 1 63.216812723869872 1
65.522750304939336 1 68.49397833841239 1 73.764795088576477 1
79.349655930683909 1 83.356900200604798 1 84.308920954382643 3
52.173022369204418 18.169112107436838 4.9999999999999982 51.621620971137432
18.411518005425783 4.9999999999999982 50.422341970999931 19.014823274682268
5.0000000000000009 46.979257595690427 21.196652189838076 5 42.349364640829435
25.623738359860752 4.9999999999999982 38.767244703626048 31.072774566709619
5.0000000000000027 36.604686624729709 35.31005816866697 4.9999999999999982
35.230447009864335 38.503123894402918 5.0000000000000018 33.546032806792866
42.058156708393867 5 31.203294259646963 44.71597749565187 5 29.345611438315103
46.510601761965653 4.9999999999999991 27.700327155285436 48.149769239642815
5.0000000000000018 25.563850555235668 49.95299933055896 4.9999999999999991
22.50299666064971 50.722611852496925 5.0000000000000018 19.86540614947878
50.486723857815228 5 17.844783916836732 49.681560557761273 4.9999999999999991
16.981745456700594 48.026602879832367 5.0000000000000009 17.550567962970558
46.557555417986187 4.9999999999999991 18.641200934205706 45.259776025580365
5.0000000000000009 19.939018789075277 43.975184966808811 4.9999999999999991
21.456263885241295 42.492150914232113 5.0000000000000009 22.763482707617804
40.685214994132373 5 23.516454099316654 38.493390944130432 5 23.799707929898172
35.920810712162314 5.0000000000000009 23.827715762544251 32.399810513815318
4.9999999999999982 23.168139785685295 27.806302074898145 5.0000000000000018
21.422304863067865 23.11961065364266 4.9999999999999982 19.47089255416634
20.15935525338255 5.0000000000000036 18.361111033157655 18.932867840992003
4.9999999999999982 18.140948847125934 18.704321462961119 4.9999999999999982 0
null_surface null_surface nullbs nullbs I I 0 0 0 I I } I I #
-922 face $-1 $1119 $880 $3 $-1 $1120 reversed single #
-923 cone-surface $-1 52.977913371058484 20 -28.715825520279697 0 0 1
-0.80489100185405271 -1.8308878925631624 0 1 I I 0 1 1 forward I I I I #
-924 edge $1121 $725 0 $728 3.1415926535897931 $737 $1122 forward 7 unknown #
-925 ptlist-eye-attrib $-1 $-1 $-1 $723 #
-926 ellipse-curve $-1 0 15 3 0 1 0 -1.8 0 0 1 F 0 F 3.1415926535897931 #
-927 point $-1 1.8 15 3.0000000000000004 #
-928 point $-1 -1.8 15 2.9999999999999996 #
-929 face $-1 $1123 $1124 $3 $-1 $1125 forward single #
-930 loop $-1 $-1 $1126 $731 #
-931 plane-surface $-1 90.957058641742478 14.322336364153522 5.5000000000000018
0.8968396148334824 0.24030745053487251 0.37139067635410672 0.35873584593339625
0.096122980213949896 -0.92847669088525808 forward_v F -0.68748857302062016 F
0.68748857302062127 F -2.2485144507603421 F 2.2485144507603452 #
-932 coedge $-1 $1127 $911 $913 $1111 reversed $732 $-1 #
-933 coedge $-1 $913 $734 $1096 $1128 reversed $553 $-1 #
-934 face $-1 $1129 $1130 $3 $-1 $1131 forward single #
-935 loop $-1 $-1 $1132 $738 #
-936 cone-surface $-1 14.5 1 -9 0 0 -1 13 0 0 1 I I 0 1 1 forward I I I I #
-937 coedge $-1 $1133 $741 $1134 $1135 reversed $563 $-1 #
-938 coedge $-1 $741 $1133 $1136 $1137 reversed $563 $-1 #
-939 coedge $-1 $1138 $1139 $741 $940 reversed $1051 $-1 #
-940 edge $1140 $1141 0 $1142 1 $741 $1143 forward 7 unknown #
-941 loop $-1 $1144 $1145 $569 #
-942 coedge $-1 $1146 $1146 $1147 $1148 forward $742 $-1 #
-943 coedge $-1 $743 $743 $1149 $1150 forward $568 $-1 #
-944 coedge $-1 $1151 $1152 $743 $945 reversed $1153 $-1 #
-945 edge $1154 $1155 0 $1156 3.1415926535897931 $944 $1157 forward 7 unknown
#
-946 face $-1 $1158 $1159 $3 $-1 $1160 reversed single #
-947 loop $-1 $-1 $1161 $744 #
-948 cone-surface $-1 38.950000000000003 2.75 6 0 0 1 1.3999999999999999 0 0 1
I I 0 1 1 forward I I I I #
-949 loop $-1 $414 $1162 $569 #
-950 coedge $-1 $1163 $1164 $1165 $1166 forward $745 $-1 #
-951 point $-1 -1.7002427401667966 6.3215390309173447 3.1087553557724998 #
-952 ptlist-eye-attrib $-1 $-1 $-1 $751 #
-953 vertex $-1 $751 $1167 #
-954 intcurve-curve $-1 forward { exactcur full nubs 3 open 9 0 3
0.31381956671193884 1 0.62720781661256531 1 0.94126367105765585 1
1.2546167379470421 1 1.5676145606403795 1 1.8808184607575913 1
2.1932112184861063 1 2.5062105923508002 3 -0.50000000000000067
10.478460969082654 3.4302943725152133 -0.4532185410775057 10.397433105376697
3.383512913592718 -0.35803202796881506 10.232565228477123 3.2964816939469452
-0.20970266932957421 9.9756512430598505 3.192634068070328 -0.056177615481330073
9.7097380495599435 3.1245366594268877 0.10070109709730264 9.4380161487477618
3.100769307721182 0.2574190324930406 9.166572722185041 3.1249439512719128
0.4105493629273127 8.901343209693076 3.1931636713739078 0.5584343758197623
8.6451988536853719 3.296839426200024 0.65334080820824436 8.4808160908234189
3.3836351807234539 0.69999999999999951 8.3999999999999986 3.4302943725152089 0
null_surface null_surface nullbs nullbs I I 0 0 0 I I } I I #
-955 point $-1 -0.50000000000000067 10.478460969082652 3.4302943725152133 #
-956 ptlist-eye-attrib $-1 $-1 $-1 $757 #
-957 intcurve-curve $-1 forward { exactcur full nubs 3 open 9 0 3
0.31325715180876479 1 0.62623512839796991 1 0.94003260867710314 1
1.2532827494850642 1 1.5663617066495461 1 1.879811450984483 1
2.1926189948539059 1 2.5062106382609479 3 0.69999999999999951
8.3999999999999986 3.4302943725152097 0.65330238094117488 8.3191173511976171
3.3835967534563851 0.55826663605071059 8.1545106125121816 3.2966892379310679
0.4101451704153547 7.8979567083401765 3.1929047088202416 0.25676300893824694
7.6322910116870943 3.1247232074264062 0.09993916967133086 7.3606641542387781
3.1007693922218227 -0.056824325263253206 7.0891418162400122 3.1247546988880686
-0.21009305242139972 6.8236725935906906 3.1928849029437774 -0.35818993831631768
6.5671612627779616 3.2966232351883606 -0.45325251787773274 6.4025080450790322
3.383546890392946 -0.50000000000000067 6.3215390309173465 3.4302943725152142 0
null_surface null_surface nullbs nullbs I I 0 0 0 I I } I I #
-958 coedge $-1 $758 $771 $1168 $1169 forward $759 $-1 #
-959 edge $1170 $1171 0 $761 1 $778 $1172 forward 7 unknown #
-960 point $-1 -0.50000000000000067 6.3215390309173474 3.4302943725152142 #
-961 coedge $-1 $1173 $763 $765 $967 reversed $963 $-1 #
-962 coedge $-1 $763 $1173 $969 $1174 forward $963 $-1 #
-963 loop $-1 $-1 $961 $1175 #
-964 ptlist-eye-attrib $-1 $-1 $-1 $764 #
-965 vertex $-1 $764 $1176 #
-966 intcurve-curve $-1 forward { exactcur full nubs 3 open 9 0 3
0.31373265904992226 1 0.62706373545890215 1 0.94109202270334835 1
1.2544487828079802 1 1.5674808737287025 1 1.8807348578094327 1
2.1931773660638232 1 2.5062105280525504 3 -4.0999999999999996
8.3999999999999986 3.4302943725152262 -4.0532314965068403 8.4810054242441133
3.3835258690220669 -3.9580673378524391 8.6458345820930784 3.2965128999095152
-3.8097671202715886 8.90269809371663 3.1926732194195875 -3.6562577079818066
9.1685841952425751 3.1245615325733711 -3.4993782700268143 9.4403073524434689
3.10076822055861 -3.34264459498708 9.7117780408692802 3.1249224717702133
-3.1894906589584897 9.9770484394499555 3.1931383689836053 -3.0415835237939248
10.233231112356936 3.2968234757443433 -2.9466642286278986 10.397636154203122
3.3836301438873249 -2.899999999999999 10.478460969082654 3.4302943725152248 0
null_surface null_surface nullbs nullbs I I 0 0 0 I I } I I #
-967 edge $1177 $985 0 $767 1 $765 $1178 forward 7 unknown #
-968 point $-1 -2.899999999999999 10.478460969082652 3.4302943725152248 #
-969 coedge $-1 $1179 $769 $962 $1174 reversed $776 $-1 #
-970 coedge $-1 $769 $1179 $771 $973 forward $776 $-1 #
-971 ptlist-eye-attrib $-1 $-1 $-1 $770 #
-972 intcurve-curve $-1 forward { exactcur full nubs 3 open 9 0 3
0.31335531405709038 1 0.62643145060438221 1 0.94032688558834332 1
1.2536790361584194 1 1.5668372072788439 1 1.8802961233128299 1
2.1929698404383919 1 2.5062103218853933 3 -2.9000000000000008
6.3215390309173474 3.4302943725152284 -2.9467122522228308 6.4024470251032612
3.3835821202923984 -3.0417783371041303 6.5671063141943282 3.2966493306115776
-3.1899488450951554 6.8237451622180707 3.1928461187588786 -3.3433835108869179
7.0895017990117575 3.1246738328349628 -3.5002563979299421 7.361213609700286
3.1007647562479104 -3.6570493121520071 7.6327869033996958 3.1248210596730357
-3.8103034855434501 7.8982309181856385 3.1930098104058602 -3.958317872784674
8.1545993571386166 3.296735874089423 -4.0533048660119828 8.3191216554665157
3.3835992385272093 -4.0999999999999996 8.3999999999999986 3.4302943725152262 0
null_surface null_surface nullbs nullbs I I 0 0 0 I I } I I #
-973 edge $1180 $1181 0 $773 1 $771 $1182 forward 7 unknown #
-974 point $-1 -2.9000000000000008 6.3215390309173474 3.4302943725152284 #
-975 plane-surface $-1 -2.9000000000000004 6.3215390309173474 6 0 -1 0 1 0 0
forward_v F -0.14897209230716812 F 2.5489720923071681 F -3.0402167365346671 F
0.14897209230716824 #
-976 coedge $-1 $780 $778 $1183 $1184 forward $590 $-1 #
-977 coedge $-1 $1183 $782 $779 $978 reversed $983 $-1 #
-978 edge $1185 $980 0 $785 1 $779 $1186 forward 7 unknown #
-979 ptlist-eye-attrib $-1 $-1 $-1 $781 #
-980 vertex $-1 $1184 $1187 #
-981 straight-curve $-1 0.69999999999999984 8.3999999999999986 6
-3.3306690738754696e-16 0 -2.5697056274847903 F 0 F 1 #
-982 coedge $-1 $782 $1188 $1173 $1189 reversed $983 $-1 #
-983 loop $-1 $-1 $782 $569 #
-984 ptlist-eye-attrib $-1 $-1 $-1 $783 #
-985 vertex $-1 $1189 $1190 #
-986 straight-curve $-1 -0.5 10.478460969082652 6 -2.3999999999999995 0 0 F 0 F
1 #
-987 point $-1 -0.50000000000000011 10.478460969082652 6 #
-988 coedge $-1 $788 $787 $1191 $1192 reversed $789 $-1 #
-989 edge $1193 $1025 0 $601 1 $787 $1194 forward 7 unknown #
-990 face $-1 $805 $789 $3 $-1 $1195 reversed single #
-991 ptlist-eye-attrib $-1 $-1 $-1 $793 #
-992 straight-curve $-1 4.7824266074863706 -9.3541666666666679 0
-8.8817841970012523e-16 1.7763568394002505e-15 -9 F 0 F 1 #
-993 coedge $-1 $798 $1063 $839 $1044 forward $655 $-1 #
-994 ptlist-eye-attrib $-1 $-1 $-1 $799 #
-995 ellipse-curve $-1 38.950000000000003 2.75 -9 0 0 -1 -12.369314982794549
7.9429243264942571 0 1 F 0 F 4.9904095678147833 #
-996 point $-1 26.580685017205454 10.692924326494257 -9 #
-997 coedge $-1 $1196 $1197 $803 $998 forward $1198 $-1 #
-998 edge $1199 $810 0 $1000 1 $803 $1200 forward 7 unknown #
-999 ptlist-eye-attrib $-1 $-1 $-1 $804 #
-1000 vertex $-1 $1201 $1202 #
-1001 straight-curve $-1 1.3607454130657706 -8.00000000395206
4.9999999901200312 4.2240875774979258e-07 3.95206001257975e-09
-4.9999999901200312 F 0 F 1 #
-1002 plane-surface $-1 3.5163758258032161 -8 0 0 -1 0 -1 0 0 forward_v F
2.0066578980215195 F 9.6653479181103847 F -5.1489720923071687 F
0.14897209230716824 #
-1003 coedge $-1 $1203 $807 $1197 $1008 reversed $1005 $-1 #
-1004 coedge $-1 $807 $1203 $813 $817 forward $1005 $-1 #
-1005 loop $-1 $-1 $1004 $1102 #
-1006 ptlist-eye-attrib $-1 $-1 $-1 $808 #
-1007 ellipse-curve $-1 -6 -7 4.9999999999999964 0 0 1 -1 0 0 1 F 0 F
1.5707963267948966 #
-1008 edge $1204 $1205 0 $810 1 $1197 $1206 forward 7 unknown #
-1009 point $-1 -6 -8 4.9999999999999964 #
-1010 ptlist-eye-attrib $-1 $-1 $-1 $817 #
-1011 vertex $-1 $1207 $1208 #
-1012 straight-curve $-1 -6.5999999996113887 -7.0000000152197277
6.0000000009715251 -0.39999999990284874 -3.804934145534844e-09
-0.99999999975712139 F 0 F 1 #
-1013 edge $1209 $820 0 $1011 1 $907 $1210 forward 7 unknown #
-1014 point $-1 -6.5999999999999996 17 6 #
-1015 face $-1 $1211 $1051 $3 $-1 $1212 forward single #
-1016 loop $-1 $1213 $1214 $822 #
-1017 plane-surface $-1 0 0 -4 0 0 -1 1 0 0 forward_v F 47.792968812018948 F
87.771296364841376 F -22.938435138187966 F 12.430258987790067 #
-1018 coedge $-1 $1215 $1216 $824 $1019 forward $1217 $-1 #
-1019 edge $1218 $1026 0 $1219 1.8155061033743609 $1018 $1220 forward 7 unknown
#
-1020 edge $1221 $1026 0 $843 1 $840 $1222 forward 7 unknown #
-1021 coedge $-1 $1165 $827 $1216 $1223 reversed $1023 $-1 #
-1022 coedge $-1 $827 $1165 $1224 $1225 forward $1023 $-1 #
-1023 loop $-1 $-1 $1022 $1226 #
-1024 ptlist-eye-attrib $-1 $-1 $-1 $828 #
-1025 vertex $-1 $989 $1227 #
-1026 vertex $-1 $1020 $1228 #
-1027 ellipse-curve $-1 14.5 1 4.9999999999999707 0 0 1 -9.7175733925136285
-10.354166666666668 0 1 F 0 F 1.7203432417662385 #
-1028 point $-1 4.7824266074863662 -9.3541666666666679 -9 #
-1029 coedge $-1 $1229 $833 $1230 $1231 forward $482 $-1 #
-1030 coedge $-1 $1232 $1233 $833 $1031 forward $1234 $-1 #
-1031 edge $1235 $1236 0 $1040 3.3228249218916313 $833 $1237 forward 7 unknown
#
-1032 coedge $-1 $834 $1238 $1239 $1240 forward $482 $-1 #
-1033 coedge $-1 $1132 $1241 $834 $1034 forward $935 $-1 #
-1034 edge $1242 $1039 0 $1243 2.0493923816665931 $1033 $1244 forward 7 unknown
#
-1035 coedge $-1 $1245 $835 $1241 $1246 forward $1037 $-1 #
-1036 coedge $-1 $835 $1247 $1232 $1248 reversed $1037 $-1 #
-1037 loop $-1 $-1 $1247 $1249 #
-1038 ptlist-eye-attrib $-1 $-1 $-1 $836 #
-1039 vertex $-1 $1246 $1250 #
-1040 vertex $-1 $1248 $1251 #
-1041 ellipse-curve $-1 0.14666948469289723 6.2982924719530065 -9 0 0 -1
2.1576902081834111 -0.79647533892106726 0 1 F 0 F 1.2404619198724471 #
-1042 ptlist-eye-attrib $-1 $-1 $-1 $838 #
-1043 ellipse-curve $-1 14.5 1 -9 0 0 -1 11.68642297074415 -8.0664439593208304
0 1 F 0 F 1.7203432417662414 #
-1044 edge $1252 $1219 0 $842 1 $993 $1253 forward 7 unknown #
-1045 point $-1 27.917286460822169 -6.9643827370781572 -9 #
-1046 point $-1 26.186422970744147 -7.0664439593208286 -9 #
-1047 loop $-1 $-1 $1254 $845 #
-1048 plane-surface $-1 0 0 3 0 0 -1 1 0 0 forward_v F 6.3008232505062551 F
94.658014224181002 F -51.501899088406752 F -3.7744085623062311 #
-1049 coedge $-1 $1139 $847 $1077 $1255 forward $1051 $-1 #
-1050 coedge $-1 $847 $1256 $849 $1056 reversed $1051 $-1 #
-1051 loop $-1 $-1 $1050 $1015 #
-1052 ptlist-eye-attrib $-1 $-1 $-1 $848 #
-1053 vertex $-1 $1255 $1257 #
-1054 ellipse-curve $-1 70 5.25 3 0 0 1 -10.594639397257573 13.294871794871796
0 1 F 0 F 0.29887849960334656 #
-1055 coedge $-1 $850 $849 $1258 $1259 forward $739 $-1 #
-1056 edge $1260 $852 0 $1261 1 $849 $1262 forward 7 unknown #
-1057 point $-1 55.960392890739492 14.835897569742841 3 #
-1058 coedge $-1 $1258 $1214 $854 $1059 forward $1016 $-1 #
-1059 edge $1263 $1264 0 $1061 1.6866628639699865 $1058 $1265 forward 7 unknown
#
-1060 ptlist-eye-attrib $-1 $-1 $-1 $855 #
-1061 vertex $-1 $1059 $1266 #
-1062 straight-curve $-1 48.561782803419376 13.872213419094757 3 0
-1.7763568394002505e-15 -7 F 0 F 1 #
-1063 coedge $-1 $993 $856 $1267 $1268 reversed $655 $-1 #
-1064 coedge $-1 $1269 $1270 $856 $1065 forward $1271 $-1 #
-1065 edge $1272 $1273 0 $1264 1 $1064 $1274 forward 7 unknown #
-1066 coedge $-1 $868 $1090 $864 $1067 forward $1071 $-1 #
-1067 edge $1275 $1069 0 $874 1 $1066 $1276 forward 7 unknown #
-1068 ptlist-eye-attrib $-1 $-1 $-1 $865 #
-1069 vertex $-1 $865 $1277 #
-1070 straight-curve $-1 47.765662907460587 18 3 0 0 2 F 0 F 1 #
-1071 loop $-1 $-1 $1090 $890 #
-1072 ptlist-eye-attrib $-1 $-1 $-1 $869 #
-1073 ellipse-curve $-1 20.44728291772282 18.600000000000001 5 0 0 -1 0
-0.60000000000000142 0 1 F 0 F 2.2513576820010099 #
-1074 point $-1 19.980951145712236 18.977537651650096 5 #
-1075 point $-1 20.447282917722816 18 5 #
-1076 coedge $-1 $1278 $876 $879 $1082 forward $1078 $-1 #
-1077 coedge $-1 $876 $1278 $1049 $1255 reversed $1078 $-1 #
-1078 loop $-1 $-1 $1076 $1119 #
-1079 ptlist-eye-attrib $-1 $-1 $-1 $877 #
-1080 ellipse-curve $-1 57.847325397263369 20.5 3 0 0 1 7.1054273576010019e-15
-2.5 0 1 F 0 F 0.67284581664723886 #
-1081 coedge $-1 $879 $878 $918 $1116 reversed $880 $-1 #
-1082 edge $1279 $882 0 $1280 1 $1076 $1281 forward 7 unknown #
-1083 point $-1 57.847325397263376 18 3 #
-1084 ptlist-eye-attrib $-1 $-1 $-1 $885 #
-1085 vertex $-1 $919 $1282 #
-1086 straight-curve $-1 52.977913371058492 18 3 0 0 1.9999999999999982 F 0 F 1
#
-1087 point $-1 52.173022369204411 18.169112107436845 4.9999999999999964 #
-1088 face $-1 $1283 $1284 $3 $-1 $1285 forward single #
-1089 plane-surface $-1 0 0 5 0 0 -1 1 0 0 forward_v F 16.946261328453105 F
93.225502488324437 F -50.179731414100004 F -8.7562356769535885 #
-1090 coedge $-1 $1066 $892 $894 $1093 forward $1071 $-1 #
-1091 ptlist-eye-attrib $-1 $-1 $-1 $893 #
-1092 intcurve-curve $-1 forward { exactcur full nubs 3 open 32 0 3
3.8203634222077478 1 9.6943896134438319 1 15.205294576632323 1
18.310215476291511 1 20.798893138276945 1 23.591303307628522 1
25.93375035534152 1 28.113815532128992 1 29.198617106401219 1
30.246338086914633 1 31.209322784947773 1 31.802552671481109 1
32.184708225539914 1 32.465584394756789 1 32.811544585543146 1
33.373156085118381 1 34.147192850983096 1 35.382476793180352 1
36.611335870532955 1 39.229820747694156 1 40.605721522269043 1
42.104566229337486 1 44.016906653907732 1 45.833085809351083 1
49.586692816871825 1 54.108136094941123 1 57.13583516689107 1
59.912842168482555 1 68.70145840205565 1 77.212647659826615 1
77.343303952952937 3 19.980951145712236 18.977537651650096 5 20.782246165084583
19.967291454095964 5 22.54796844116294 22.700216783366429 4.9999999999999991
24.337624128031631 27.495201608053549 4.9999999999999991 25.028928755472577
32.308554797575894 5.0000000000000009 25.000064102859699 36.015455766520382 5
24.687211490489595 38.801111616157584 4.9999999999999991 23.842176659178286
41.238009474905162 5.0000000000000018 22.405684648992349 43.237009324112833
4.9999999999999982 21.071304819502025 44.547464358224232 5.0000000000000018
20.046463579041095 45.556174219938981 4.9999999999999991 19.336161990958413
46.302773122796623 5 18.771204824176053 46.969398751490417 5 18.47364179670663
47.54570042148346 5 18.387816225628018 47.971349385268056 5 18.501827862894306
48.297116328867226 5.0000000000000018 18.733749941370366 48.624873377535742
4.9999999999999982 19.220564616678647 48.930106219025262 5.0000000000000018
20.038001391469628 49.192051496352093 5 21.105670361536422 49.38828509710293
4.9999999999999991 22.803355631365129 49.398389382501776 5 24.54900158882991
48.968697662901917 5.0000000000000009 26.080894624325435 47.944628114843852 5
27.272845884883438 46.881509127886261 5 28.507859668137712 45.651505283987319 5
30.3001191782352 43.920635267216255 5 32.548496696037169 41.379196553127386 5
34.164727278219473 37.941113434931012 5.0000000000000009 35.525533223083833
34.784543289837501 5 37.738322635042074 30.448340408533479 5.0000000000000018
41.437254977586193 24.82587436327135 4.9999999999999991 45.700342323914811
20.757164034959828 5 48.06979226064346 19.119039614815101 5 48.105676222263256
19.094359126300816 5 0 null_surface null_surface nullbs nullbs I I 0 0 0 I I }
I I #
-1093 edge $1286 $896 0 $1069 2.5391110869924285 $1090 $1287 forward 7 unknown
#
-1094 point $-1 48.105676222263256 19.094359126300816 5 #
-1095 coedge $-1 $1288 $898 $907 $1013 forward $745 $-1 #
-1096 coedge $-1 $899 $1289 $933 $1128 forward $745 $-1 #
-1097 ptlist-eye-attrib $-1 $-1 $-1 $902 #
-1098 ellipse-curve $-1 -5.9999999999999982 17 6 0 0 1 -1.7763568394002505e-15
0.60000000000000142 0 1 F 0 F 1.5707963267948937 #
-1099 ptlist-eye-attrib $-1 $-1 $-1 $904 #
-1100 vertex $-1 $904 $1290 #
-1101 ellipse-curve $-1 12.817307649705288 21.000000000000004 6 0 0 -1
2.7010097098204238 -2.0650778550591795 0 1 F 0 F 0.91804318654901607 #
-1102 face $-1 $1291 $1005 $3 $-1 $1292 forward single #
-1103 plane-surface $-1 -6.7999999999999998 5.0000000000000018 5.5
-0.92847669088525919 0 0.371390676354104 -0.371390676354104 0
-0.92847669088525919 forward_v F -0.68748857302061872 F 0.68748857302061872 F
-12.479999999999999 F 12.48 #
-1104 coedge $-1 $1293 $910 $1294 $1295 reversed $380 $-1 #
-1105 coedge $-1 $1126 $1296 $910 $1106 reversed $930 $-1 #
-1106 edge $1297 $1109 0 $1298 1 $1105 $1299 forward 7 unknown #
-1107 coedge $-1 $911 $1127 $1126 $1300 forward $732 $-1 #
-1108 ptlist-eye-attrib $-1 $-1 $-1 $912 #
-1109 vertex $-1 $1106 $1301 #
-1110 intcurve-curve $-1 forward { exactcur full nubs 3 open 98 0 3
3.196934612294108 1 6.0229363817582815 1 8.5671043664337034 1
10.957170270075625 1 13.108359236779801 1 14.981052274365258 1
16.637738366588707 1 18.121599959200779 1 19.46112428276977 1
20.675025624636419 1 21.777812971253415 1 22.780620634375364 1
23.689844762046445 1 24.512451171241157 1 25.25697568834515 1 25.9328576884566
1 26.547653685904965 1 27.107668469524338 1 27.621382963592474 1
28.097845139030749 1 28.541983978994899 1 28.953886093121621 1
29.337439207300605 1 29.695280267934912 1 30.029706570439032 1
30.354415407457221 1 30.679487477585326 1 31.019902450803659 1
31.39040232540173 1 31.790470998772481 1 32.223769430731551 1
32.700242758686514 1 33.221242392938727 1 33.791336117891646 1
34.418243030333883 1 35.109271071558297 1 35.874926379505276 1
36.730021121962395 1 37.69240852794556 1 38.782741670491717 1
40.006990980960531 1 41.37198965790779 1 42.898605031024431 1
44.606213379163151 1 46.5132957785356 1 48.643122389425081 1 51.026790862403871
1 53.698076490156367 1 56.696484844580382 1 60.059974769886651 1
63.8950300005244 1 67.982350614789567 1 71.760952203983663 1 75.080177113192818
1 77.987376324425668 1 80.505909303205172 1 82.805871012189442 1
85.03679668932935 1 87.218839157263403 1 89.440861712462095 1
91.715181730013271 1 93.879476610538191 1 96.023422757079317 1
98.41642659291746 1 101.12946948685531 1 104.17382541345992 1
107.67847821832511 1 111.46945294038743 1 114.9795007480311 1
118.09796377209379 1 120.922203474273 1 123.46364074292397 1 126.04036849428192
1 128.5983676499597 1 130.85876949045644 1 132.87973661603752 1
134.72556219102313 1 136.38558712683931 1 137.84503685961408 1
139.13327490363358 1 140.287250875094 1 141.45377834403453 1 142.75194075151688
1 144.21239337377904 1 145.85000440399014 1 147.68174548641571 1
149.73007652255205 1 152.0286290131929 1 154.6226111509896 1 157.39899038286154
1 160.03346142259463 1 162.36257788527374 1 164.4385245795614 1
166.59054977023681 1 169.04282106479255 1 171.79174003181109 1
174.83695940630477 3 17.336879198616021 21.972073102676561 5 17.984126146843547
22.818636968310617 5 19.14690777593729 24.455922183866328 5 20.704872994519228
26.853412106097942 5 21.793704617539696 29.21474276904982 5 22.364706616574992
31.520350954017189 4.9999999999999991 22.513497567768262 33.664437070874456
5.0000000000000009 22.313994416649344 35.554854787963791 5 21.933847267946586
37.184911355189399 5.0000000000000018 21.471148393118966 38.606070271225676
4.9999999999999991 20.978088812524973 39.858969771862853 5 20.471469473257109
40.968017739104596 5 19.963630819567662 41.951476654765656 5.0000000000000009
19.465871419839274 42.824863853219611 5 18.974604768129787 43.593261240154611
4.9999999999999982 18.488603920262427 44.261182448201176 5 18.00979333779641
44.836065703170853 4.9999999999999991 17.545685530803731 45.331336765695845
5.0000000000000009 17.100644088612036 45.758907251198835 4.9999999999999982
16.675975015555611 46.12864917197777 5 16.271056227626861 46.449815462900027
5.0000000000000009 15.891517290080806 46.740544510516443 4.9999999999999991
15.54051323566067 47.012750420219938 5 15.219474377251645 47.272945697099487 5
14.928653107066989 47.524531848274215 5 14.674792258970486 47.778718253506199 5
14.463077924177631 48.044064078381112 5.0000000000000009 14.305438429451765
48.337267363152733 4.9999999999999982 14.26478702749022 48.672302796695703
5.0000000000000009 14.330044543224803 49.015270073938055 5 14.481545438058411
49.356142649393711 5 14.710691296559942 49.68747944679636 5 15.001510162785893
50.014188566764304 5 15.354541911118233 50.336092967404689 5 15.772482112304907
50.650632311955732 5 16.252497634577292 50.963627334184665 5 16.801793071304665
51.271768769124748 4.9999999999999991 17.429286663199125 51.570647965419418 5
18.146833687177612 51.853537876346849 5 18.972511223022103 52.102049156275058
4.9999999999999982 19.927942149565386 52.280014251947918 5 21.024471504628995
52.319783530024978 5 22.245420228240455 52.164117766567458 5 23.578515650382911
51.829614082024975 5 25.020638499998444 51.300873526724232 5 26.560818671394252
50.542371874890705 5 28.190205962475563 49.531550440092921 5 29.906628325561709
48.248670940270436 5 31.691759040505264 46.647265800919094 4.9999999999999991
33.522932904832579 44.67918079964624 5 35.362759487521593 42.290183945328707 5
37.208202709508491 39.433180496054291 5 39.134780440522022 36.202607824785503
5.0000000000000009 41.232529066214553 32.911555532625556 5 43.529376881214581
29.963715428761674 5 45.916410179717076 27.618523161612366 5 48.289048138270843
25.903968200682485 5 50.61322504470175 24.762647665744048 5 52.893588646488553
24.140264788467274 5 55.137084752013529 23.961356566181365 5 57.349058394528029
24.202703671693058 5 59.487324466811529 24.868320254737426 5 61.46214886109874
25.90904197894341 4.9999999999999991 63.197129717774835 27.274721487089007 5
64.648029592252357 28.990886484074561 5 65.880614781881974 31.077765469826655 5
67.042963820370488 33.533824023192381 5 68.374956560078559 36.318698325344258 5
70.006085075354704 39.359742206445766 4.9999999999999991 72.08179464297487
42.316864256441946 5 74.400103040775448 44.909147159793662 4.9999999999999991
76.612423122913668 47.15060795777525 5 78.677536331365246 49.092993993691877 5
80.920180708592227 50.532882054994126 5 83.3007209477218 51.4974296334915 5
85.681072043540411 52.154389014449144 5 87.9388140422774 52.510694653515628
4.9999999999999991 89.993322974216312 52.515976052211613 5 91.809393421331762
52.148103451777914 5 93.364059255736265 51.559540786094857 5 94.634708098498265
50.807305660839532 5.0000000000000009 95.629263336200935 49.959005600107922
4.9999999999999991 96.376503597229828 49.00171909866809 4.9999999999999991
96.845615779118631 47.875853485202562 5.0000000000000018 97.06317580680215
46.577228277928668 5 97.0538737466985 45.105731325306557 5 96.79863902243882
43.477658624708049 5 96.309678674872657 41.701005540145268 5.0000000000000009
95.552365645426903 39.782028354434857 4.9999999999999991 94.511946777959508
37.712514959896588 5 93.200946049121683 35.517229905393464 4.9999999999999982
91.798738542023287 33.24603969499865 5 90.611434787161528 30.953441102951878
5.0000000000000009 89.698869845955244 28.784442480718589 4.9999999999999991
89.21796895198834 26.638137608414919 5.0000000000000009 89.145062097800647
24.404031738536553 5 89.346023280870952 21.957042628818275 4.9999999999999991
89.859168163530313 19.252505331757977 5 90.344122001754158 17.382587707441623 5
90.606842258632213 16.40210236059519 5 0 null_surface null_surface nullbs
nullbs I I 0 0 0 I I } I I #
-1111 edge $1302 $1303 0 $915 1 $932 $1304 forward 7 unknown #
-1112 point $-1 17.336879198616021 21.972073102676561 5 #
-1113 ptlist-eye-attrib $-1 $-1 $-1 $917 #
-1114 straight-curve $-1 15.518317425566616 18.934922240310819
5.9999999863460864 -0.31776585215538233 0.24295032174235232
-0.99999998634608644 F 0 F 1 #
-1115 coedge $-1 $918 $1305 $1278 $1306 forward $380 $-1 #
-1116 edge $1307 $1280 0 $1085 1 $1081 $1308 forward 7 unknown #
-1117 ptlist-eye-attrib $-1 $-1 $-1 $919 #
-1118 ellipse-curve $-1 52.977913371058484 20 4.9999999999999964 0 0 -1
7.1054273576010019e-15 -2 0 1 F 0 F 0.41418666494508799 #
-1119 face $-1 $107 $1078 $3 $-1 $1309 reversed single #
-1120 plane-surface $-1 58.755556927975491 18 0 0 -1 0 -1 0 0 forward_v F
0.75925943840495114 F 5.9266156492241713 F -5.1489720923071687 F
-2.8510279076928318 #
-1121 ptlist-eye-attrib $-1 $-1 $-1 $924 #
-1122 ellipse-curve $-1 0 15 3 0 1 0 1.8 0 4.4408920985006262e-16 1 F 0 F
3.1415926535897931 #
-1123 face $-1 $1310 $1311 $3 $-1 $1312 forward single #
-1124 loop $-1 $-1 $1313 $929 #
-1125 cone-surface $-1 71.892165916440888 7.0403075611546049 4.8616828847003859
0 0 -1 0 -20.555326846120479 0 1 I I 0.37139067635410544 0.92847669088525864 1
forward I I I I #
-1126 coedge $-1 $1314 $1105 $1107 $1300 reversed $930 $-1 #
-1127 coedge $-1 $1107 $932 $1289 $1315 reversed $732 $-1 #
-1128 edge $1316 $1303 0 $1100 1 $933 $1317 forward 7 unknown #
-1129 face $-1 $1318 $1319 $3 $-1 $1320 forward single #
-1130 loop $-1 $-1 $1321 $934 #
-1131 cone-surface $-1 25.739235018375894 11.233259314691146 -9 0 0 -1
2.2000000000000002 0 0 1 I I 0 1 1 forward I I I I #
-1132 coedge $-1 $1322 $1033 $1323 $1324 forward $935 $-1 #
-1133 coedge $-1 $938 $937 $1325 $1326 reversed $563 $-1 #
-1134 coedge $-1 $1305 $1327 $937 $1135 forward $380 $-1 #
-1135 edge $1328 $1329 0 $1142 83.71175644303257 $937 $1330 forward 7 unknown
#
-1136 coedge $-1 $1331 $1332 $938 $1137 forward $1047 $-1 #
-1137 edge $1333 $1141 0 $1334 83.711756443032669 $938 $1335 forward 7 unknown
#
-1138 coedge $-1 $1336 $939 $1332 $1337 reversed $1051 $-1 #
-1139 coedge $-1 $939 $1049 $1305 $1338 reversed $1051 $-1 #
-1140 ptlist-eye-attrib $-1 $-1 $-1 $940 #
-1141 vertex $-1 $1337 $1339 #
-1142 vertex $-1 $940 $1340 #
-1143 straight-curve $-1 64.445874911348369 21.317099753832693 3 0
3.5527136788005009e-15 2 F 0 F 1 #
-1144 loop $-1 $983 $1341 $569 #
-1145 coedge $-1 $1342 $1342 $1343 $1344 forward $941 $-1 #
-1146 coedge $-1 $942 $942 $1345 $1346 forward $742 $-1 #
-1147 coedge $-1 $1347 $1348 $942 $1148 reversed $1349 $-1 #
-1148 edge $1350 $1351 0 $1352 3.1415926535897936 $1147 $1353 forward 7 unknown
#
-1149 coedge $-1 $1354 $1355 $943 $1150 reversed $1356 $-1 #
-1150 edge $1357 $1156 0 $1155 3.1415926535897931 $1149 $1358 forward 7 unknown
#
-1151 coedge $-1 $1359 $944 $1355 $1360 reversed $1153 $-1 #
-1152 coedge $-1 $944 $1359 $1354 $1361 reversed $1153 $-1 #
-1153 loop $-1 $-1 $1359 $1362 #
-1154 ptlist-eye-attrib $-1 $-1 $-1 $945 #
-1155 vertex $-1 $1150 $1363 #
-1156 vertex $-1 $1150 $1364 #
-1157 ellipse-curve $-1 70 0 6 0 0 -1 1.5499999999999972 3.7964050773568018e-16
0 1 F 0 F 3.1415926535897931 #
-1158 face $-1 $1365 $1366 $3 $-1 $1367 reversed single #
-1159 loop $-1 $-1 $1368 $946 #
-1160 cone-surface $-1 38.950000000000003 2.75 6 0 0 1 1.3999999999999999 0 0 1
I I 0 1 1 forward I I I I #
-1161 coedge $-1 $1369 $1370 $1371 $1372 forward $947 $-1 #
-1162 coedge $-1 $1373 $1373 $1374 $1375 forward $949 $-1 #
-1163 coedge $-1 $1376 $950 $1377 $1378 forward $745 $-1 #
-1164 coedge $-1 $950 $1379 $1380 $1381 forward $745 $-1 #
-1165 coedge $-1 $1022 $1021 $950 $1166 reversed $1023 $-1 #
-1166 edge $1382 $1383 0 $1384 1.7203432417662379 $1165 $1385 forward 7 unknown
#
-1167 point $-1 0.69999999999999951 8.3999999999999986 3.4302943725152097 #
-1168 coedge $-1 $1188 $1183 $958 $1169 reversed $983 $-1 #
-1169 edge $1386 $1181 0 $1171 1 $958 $1387 forward 7 unknown #
-1170 ptlist-eye-attrib $-1 $-1 $-1 $959 #
-1171 vertex $-1 $1169 $1388 #
-1172 straight-curve $-1 -0.50000000000000044 6.3215390309173474 6
-2.2204460492503131e-16 0 -2.5697056274847858 F 0 F 1 #
-1173 coedge $-1 $962 $961 $982 $1189 forward $963 $-1 #
-1174 edge $1389 $1390 0 $965 1 $969 $1391 forward 7 unknown #
-1175 face $-1 $433 $963 $3 $-1 $1392 reversed single #
-1176 point $-1 -4.0999999999999996 8.3999999999999968 3.4302943725152262 #
-1177 ptlist-eye-attrib $-1 $-1 $-1 $967 #
-1178 straight-curve $-1 -2.8999999999999995 10.478460969082652 6
4.4408920985006262e-16 0 -2.5697056274847752 F 0 F 1 #
-1179 coedge $-1 $970 $969 $1188 $1393 forward $776 $-1 #
-1180 ptlist-eye-attrib $-1 $-1 $-1 $973 #
-1181 vertex $-1 $1393 $1394 #
-1182 straight-curve $-1 -2.9000000000000004 6.3215390309173474 6
-4.4408920985006262e-16 0 -2.5697056274847716 F 0 F 1 #
-1183 coedge $-1 $1168 $977 $976 $1184 reversed $983 $-1 #
-1184 edge $1395 $1171 0 $980 1 $976 $1396 forward 7 unknown #
-1185 ptlist-eye-attrib $-1 $-1 $-1 $978 #
-1186 straight-curve $-1 0.69999999999999984 8.3999999999999986 6 -1.2
2.0784609690826539 0 F 0 F 1 #
-1187 point $-1 0.69999999999999973 8.3999999999999986 6 #
-1188 coedge $-1 $982 $1168 $1179 $1393 reversed $983 $-1 #
-1189 edge $1397 $985 0 $1390 1 $1173 $1398 forward 7 unknown #
-1190 point $-1 -2.8999999999999995 10.478460969082652 6 #
-1191 coedge $-1 $1224 $1399 $988 $1192 forward $1400 $-1 #
-1192 edge $1401 $1000 0 $1025 0.75369289262071948 $988 $1402 forward 7 unknown
#
-1193 ptlist-eye-attrib $-1 $-1 $-1 $989 #
-1194 straight-curve $-1 4.7824267025103673 -9.3541667628036045
4.999999987321349 -9.5023996671272926e-08 9.6136936633683945e-08
-4.999999987321349 F 0 F 1 #
-1195 cone-surface $-1 1.3607458354745281 -13 25.554000000000023 0 0 -1
2.2204460492503131e-16 5 0 1 I I 0 1 1 forward I I I I #
-1196 coedge $-1 $1403 $997 $1399 $1201 reversed $1198 $-1 #
-1197 coedge $-1 $997 $1403 $1003 $1008 forward $1198 $-1 #
-1198 loop $-1 $-1 $1197 $1291 #
-1199 ptlist-eye-attrib $-1 $-1 $-1 $998 #
-1200 straight-curve $-1 -6.0000000736182812 -7.9999999993452455
5.000000001636856 7.3607454866840518 -4.606814485441646e-09
-1.1516824827140226e-08 F 0 F 1 #
-1201 edge $1404 $1405 0 $1000 1 $1399 $1406 forward 7 unknown #
-1202 point $-1 1.3607458354745283 -8 5.0000000000000071 #
-1203 coedge $-1 $1004 $1003 $1288 $1207 reversed $1005 $-1 #
-1204 ptlist-eye-attrib $-1 $-1 $-1 $1008 #
-1205 vertex $-1 $1407 $1408 #
-1206 straight-curve $-1 -6.0000000588946252 -7.5999999994761964
6.0000000013094859 -1.4723656072135327e-08 -0.39999999986904911
-0.99999999967262987 F 0 F 1 #
-1207 edge $1409 $1011 0 $1205 1.5707963267948966 $1203 $1410 forward 7 unknown
#
-1208 point $-1 -6.5999999996113887 -7.0000000152197259 6.0000000009715251 #
-1209 ptlist-eye-attrib $-1 $-1 $-1 $1013 #
-1210 straight-curve $-1 -6.5999999994761964 17.000000058894621
6.0000000013094859 -1.3519230179781516e-10 -24.000000074114347
-3.3796077048009465e-10 F 0 F 1 #
-1211 face $-1 $1411 $1271 $3 $-1 $1412 reversed single #
-1212 cone-surface $-1 70 5.25 0 0 0 -1 17 0 0 1 I I 0 1 1 forward I I I I #
-1213 loop $-1 $-1 $1413 $822 #
-1214 coedge $-1 $1058 $1414 $1269 $1415 reversed $1016 $-1 #
-1215 coedge $-1 $1377 $1018 $1416 $1417 reversed $1217 $-1 #
-1216 coedge $-1 $1018 $1377 $1021 $1223 forward $1217 $-1 #
-1217 loop $-1 $-1 $1216 $1418 #
-1218 ptlist-eye-attrib $-1 $-1 $-1 $1019 #
-1219 vertex $-1 $1044 $1419 #
-1220 ellipse-curve $-1 27.091709257210219 -7.6913093364513507
4.9999999999999964 0 0 -1 -0.90528628646609377 0.62486537713049017 0 1 F 0 F
1.8155061033743609 #
-1221 ptlist-eye-attrib $-1 $-1 $-1 $1020 #
-1222 straight-curve $-1 26.186423047874502 -7.06644384807728
4.9999999992890469 -7.7130362541311115e-08 -1.1124355925318241e-07
-13.999999999289047 F 0 F 1 #
-1223 edge $1420 $1384 0 $1026 1 $1216 $1421 forward 7 unknown #
-1224 coedge $-1 $1380 $1191 $1022 $1225 reversed $1400 $-1 #
-1225 edge $1422 $1383 0 $1025 1 $1022 $1423 forward 7 unknown #
-1226 face $-1 $1418 $1023 $3 $-1 $1424 forward single #
-1227 point $-1 4.7824266074863715 -9.3541666666666679 5.0000000000000071 #
-1228 point $-1 26.186422970744125 -7.0664439593208606 4.9999999999999707 #
-1229 coedge $-1 $1425 $1029 $1426 $1427 reversed $482 $-1 #
-1230 coedge $-1 $1428 $1429 $1029 $1231 reversed $1430 $-1 #
-1231 edge $1431 $1236 0 $1432 1.1454876268378165 $1029 $1433 forward 7 unknown
#
-1232 coedge $-1 $1434 $1030 $1036 $1248 forward $1234 $-1 #
-1233 coedge $-1 $1030 $1434 $1428 $1435 reversed $1234 $-1 #
-1234 loop $-1 $-1 $1233 $1436 #
-1235 ptlist-eye-attrib $-1 $-1 $-1 $1031 #
-1236 vertex $-1 $1435 $1437 #
-1237 ellipse-curve $-1 0 0 -9 0 0 -1 0.62917344115158746 -3.9502076883310164 0
1 F 0 F 3.3228249218916313 #
-1238 coedge $-1 $1032 $1438 $1439 $1440 reversed $482 $-1 #
-1239 coedge $-1 $1441 $1323 $1032 $1240 reversed $1130 $-1 #
-1240 edge $1442 $1443 0 $1243 1.8321745959243638 $1239 $1444 forward 7 unknown
#
-1241 coedge $-1 $1033 $1322 $1035 $1246 reversed $935 $-1 #
-1242 ptlist-eye-attrib $-1 $-1 $-1 $1034 #
-1243 vertex $-1 $1034 $1445 #
-1244 ellipse-curve $-1 14.5 1 -9 0 0 -1 -12.195640307123693 4.5018171330319383
0 1 F 0 F 2.0493923816665931 #
-1245 coedge $-1 $1446 $1035 $1447 $1448 reversed $1037 $-1 #
-1246 edge $1449 $1039 0 $1450 1 $1241 $1451 forward 7 unknown #
-1247 coedge $-1 $1036 $1446 $1452 $1453 forward $1037 $-1 #
-1248 edge $1454 $1040 0 $1455 1 $1036 $1456 forward 7 unknown #
-1249 face $-1 $1457 $1037 $3 $-1 $1458 forward single #
-1250 point $-1 2.3043596928763073 5.5018171330319383 -9 #
-1251 point $-1 0.093123482344804387 3.9989158552082564 -9 #
-1252 ptlist-eye-attrib $-1 $-1 $-1 $1044 #
-1253 straight-curve $-1 27.917286412309107 -6.9643826816711396
5.0000000005125962 4.8513062012034425e-08 -5.5407015864261666e-08
-14.000000000512596 F 0 F 1 #
-1254 coedge $-1 $1332 $1459 $1460 $1461 reversed $1047 $-1 #
-1255 edge $1462 $1053 0 $1463 1 $1077 $1464 forward 7 unknown #
-1256 coedge $-1 $1050 $1465 $1414 $1466 reversed $1051 $-1 #
-1257 point $-1 59.405360602742427 18.544871794871796 3 #
-1258 coedge $-1 $1414 $1058 $1055 $1259 reversed $1016 $-1 #
-1259 edge $1467 $1261 0 $1061 1.6844029128781484 $1055 $1468 forward 7 unknown
#
-1260 ptlist-eye-attrib $-1 $-1 $-1 $1056 #
-1261 vertex $-1 $1466 $1469 #
-1262 straight-curve $-1 55.960392890739492 14.835897569742841 3 0 0 -7 F 0 F 1
#
-1263 ptlist-eye-attrib $-1 $-1 $-1 $1059 #
-1264 vertex $-1 $1059 $1470 #
-1265 ellipse-curve $-1 38.950000000000003 2.75 -4 0 0 1 9.9364449619508477
-10.833146427429178 0 1 F 0 F 1.6866628639699865 #
-1266 point $-1 48.561782803419376 13.872213419094759 -4 #
-1267 coedge $-1 $1471 $1416 $1063 $1268 forward $1472 $-1 #
-1268 edge $1473 $1219 0 $1273 1.5911069472210884 $1267 $1474 forward 7 unknown
#
-1269 coedge $-1 $1475 $1064 $1214 $1415 forward $1271 $-1 #
-1270 coedge $-1 $1064 $1475 $1476 $1477 reversed $1271 $-1 #
-1271 loop $-1 $-1 $1475 $1211 #
-1272 ptlist-eye-attrib $-1 $-1 $-1 $1065 #
-1273 vertex $-1 $1268 $1478 #
-1274 straight-curve $-1 48.886444965728565 -8.0831464241471807
4.9999999996628608 -3.7777212469336519e-09 -3.2820004491895816e-09
-8.9999999996628617 F 0 F 1 #
-1275 ptlist-eye-attrib $-1 $-1 $-1 $1067 #
-1276 straight-curve $-1 47.765662907460587 18 5 -27.318379989737771 0 0 F 0 F
1 #
-1277 point $-1 47.765662907460587 18 5 #
-1278 coedge $-1 $1077 $1076 $1115 $1306 reversed $1078 $-1 #
-1279 ptlist-eye-attrib $-1 $-1 $-1 $1082 #
-1280 vertex $-1 $1116 $1479 #
-1281 straight-curve $-1 57.847325397263361 18 3 1.4210854715202004e-14 0
1.9999999999999982 F 0 F 1 #
-1282 point $-1 52.977913371058492 18 4.9999999999999964 #
-1283 face $-1 $1480 $1481 $3 $-1 $1482 reversed single #
-1284 loop $-1 $-1 $1483 $1088 #
-1285 plane-surface $-1 0 0 5 0 0 -1 1 0 0 forward_v F 16.946261328453105 F
93.225502488324437 F -50.179731414100004 F -8.7562356769535885 #
-1286 ptlist-eye-attrib $-1 $-1 $-1 $1093 #
-1287 ellipse-curve $-1 47.765662907460587 18.600000000000001 5 0 0 -1
0.34001331480266117 0.49435912630081802 0 1 F 0 F 2.5391110869924285 #
-1288 coedge $-1 $1379 $1095 $1203 $1207 forward $745 $-1 #
-1289 coedge $-1 $1096 $1484 $1127 $1315 forward $745 $-1 #
-1290 point $-1 15.518317425566616 18.934922240310819 5.9999999863460864 #
-1291 face $-1 $1485 $1198 $3 $-1 $1486 forward single #
-1292 cone-surface $-1 -6 -7 4.8616828840698885 0 0 -1 0 -1.0553268463720429 0
1 I I 0.37139067635410294 0.92847669088525964 1 forward I I I I #
-1293 coedge $-1 $1487 $1104 $1488 $1489 forward $380 $-1 #
-1294 coedge $-1 $1313 $1490 $1104 $1295 forward $1124 $-1 #
-1295 edge $1491 $1492 0 $1298 0.55152404363016738 $1294 $1493 forward 7
unknown #
-1296 coedge $-1 $1105 $1314 $1313 $1494 forward $930 $-1 #
-1297 ptlist-eye-attrib $-1 $-1 $-1 $1106 #
-1298 vertex $-1 $1295 $1495 #
-1299 straight-curve $-1 90.606842258632213 16.40210236059519 5
1.0868030697905624 -4.056004274280081 0 F 0 F 1 #
-1300 edge $1496 $1497 0 $1109 1 $1126 $1498 forward 7 unknown #
-1301 point $-1 90.606842258632213 16.40210236059519 5 #
-1302 ptlist-eye-attrib $-1 $-1 $-1 $1111 #
-1303 vertex $-1 $1128 $1499 #
-1304 straight-curve $-1 17.654640543566039 21.729116876765396
5.9999999999999982 -0.31776134495001784 0.24295622591116484
-0.99999999999999822 F 0 F 1 #
-1305 coedge $-1 $1115 $1134 $1139 $1338 forward $380 $-1 #
-1306 edge $1500 $1463 0 $1280 0.67284581664723331 $1278 $1501 forward 7
unknown #
-1307 ptlist-eye-attrib $-1 $-1 $-1 $1116 #
-1308 straight-curve $-1 57.847325397263361 18 4.9999999999999982
-4.8694120262048699 0 0 F 0 F 1 #
-1309 cone-surface $-1 57.847325397263369 20.5 -28.715825520279697 0 0 1 0 -2.5
0 1 I I 0 1 1 forward I I I I #
-1310 face $-1 $1502 $1503 $3 $-1 $1504 forward single #
-1311 loop $-1 $-1 $1505 $1123 #
-1312 plane-surface $-1 90.29664315101931 -2.2795468629501294
5.5000000000000027 0.88978017274002597 -0.26525498999257774 0.37139067635411543
0.35591206909602335 -0.10610199599703496 -0.92847669088525486 forward_v F
-0.68748857302061905 F 0.68748857302062427 F -3.8224539235669739 F
3.8224539235669726 #
-1313 coedge $-1 $1506 $1294 $1296 $1494 reversed $1124 $-1 #
-1314 coedge $-1 $1296 $1126 $1484 $1507 reversed $930 $-1 #
-1315 edge $1508 $1497 0 $1303 173.9480059053102 $1127 $1509 forward 7 unknown
#
-1316 ptlist-eye-attrib $-1 $-1 $-1 $1128 #
-1317 straight-curve $-1 17.654640543566039 21.729116876765396
5.9999999999999982 -2.1363231179994226 -2.7941946364545771
-1.3653911778988004e-08 F 0 F 1 #
-1318 face $-1 $1510 $1511 $3 $-1 $1512 reversed single #
-1319 loop $-1 $1513 $1514 $1129 #
-1320 plane-surface $-1 0 0 0.60000000000000009 0 0 -1 1 0 0 forward_v F
17.815080947500462 F 53.129650065832394 F -16.801629013557879 F
11.301472690062127 #
-1321 coedge $-1 $1515 $1516 $1517 $1518 reversed $1130 $-1 #
-1322 coedge $-1 $1241 $1132 $1519 $1520 reversed $935 $-1 #
-1323 coedge $-1 $1239 $1515 $1132 $1324 reversed $1130 $-1 #
-1324 edge $1521 $1243 0 $1522 1 $1323 $1523 forward 7 unknown #
-1325 coedge $-1 $1524 $1525 $1133 $1326 forward $1526 $-1 #
-1326 edge $1527 $1334 0 $1329 1 $1133 $1528 forward 7 unknown #
-1327 coedge $-1 $1134 $1529 $1524 $1530 forward $380 $-1 #
-1328 ptlist-eye-attrib $-1 $-1 $-1 $1135 #
-1329 vertex $-1 $1530 $1531 #
-1330 intcurve-curve $-1 forward { exactcur full nubs 3 open 27 0 3
1.3299487874222704 1 2.8064363876014866 1 4.5557936543547886 1
8.1469051468723706 1 11.51344521137095 1 13.269606010842365 1
17.932614302076345 1 27.062348380368384 1 33.996363600834783 1
37.473180356090047 1 38.950369714225069 1 40.946760540635275 1
42.516408610813102 1 44.075873619320475 1 46.829344165782679 1
49.400161854777465 1 52.628109440614672 1 57.119835953740235 1
62.607560691290907 1 65.813995680568638 1 73.742656698904554 1
78.734382904326736 1 81.467235593729868 1 82.294618421445435 1
83.020615564387469 1 83.71175644303257 3 87.359844607264904 5.7856519932331674
4.9999999999999982 87.616751993648123 6.1469384493808352 4.9999999999999982
88.124410613199473 6.9370389044406879 4.9999999999999991 88.678530092783916
8.3660423127615928 5.0000000000000009 88.880553461826182 10.670593433971892
4.9999999999999982 87.897150424766878 13.475739821614551 5 86.678534103491089
16.101666171259961 5 85.872235588622317 19.279779177158133 5 85.889740661752342
24.527554750990948 5 87.662434625416722 31.297864399393941 5 90.443036226159265
37.177313025593804 5 92.628351371855331 40.558479039659936 5 93.04715962976114
42.870324525694201 4.9999999999999991 92.836362000393734 44.562259459818819
5.0000000000000009 92.190270488356973 46.178146646893254 4.9999999999999991
90.621811470056883 47.524641884959813 5 88.169102460739794 47.530675909538608
4.9999999999999991 85.414299045513786 46.899212391593196 5.0000000000000018
82.2185352854858 45.572065082971918 5 78.504322067029364 43.182879863250818
4.9999999999999982 75.272900134530715 40.119665733822742 5.0000000000000018
72.289799101136893 35.419931405445574 4.9999999999999991 70.307913534743136
30.411759958716161 5 68.233170205484697 25.600685424304203 5.0000000000000018
66.553069118832823 23.27611044359428 5 65.572949334261878 22.232261920015802
5.0000000000000009 64.986252122534196 21.766061005652503 5 64.622468956771925
21.465051173120255 5 64.445874911348369 21.317099753832697 5 0 null_surface
null_surface nullbs nullbs I I 0 0 0 I I } I I #
-1331 coedge $-1 $1532 $1136 $1525 $1533 forward $1047 $-1 #
-1332 coedge $-1 $1136 $1254 $1138 $1337 forward $1047 $-1 #
-1333 ptlist-eye-attrib $-1 $-1 $-1 $1137 #
-1334 vertex $-1 $1533 $1534 #
-1335 intcurve-curve $-1 forward { exactcur full nubs 3 open 27 0 3
0.69114087864509821 1 1.4171380215871285 1 2.2445208493026931 1
4.977373538705824 1 9.9690997441280089 1 17.897760762463918 1
21.104195751741649 1 26.59192048929232 1 31.083647002417887 1 34.31159458825509
1 36.882412277249877 1 39.63588282371208 1 41.195347832219454 1
42.764995902397281 1 44.761386728807487 1 46.238576086942508 1
49.715392842197772 1 56.649408062664172 1 65.77914214095621 1
70.442150432190189 1 72.198311231661606 1 75.564851296160185 1
79.155962788677769 1 80.905320055431076 1 82.381807655610288 1
83.711756443032669 3 64.445874911348369 21.317099753832693 3 64.622468956771911
21.465051173120251 3 64.986252122534196 21.766061005652499 2.9999999999999996
65.572949334261864 22.232261920015802 2.9999999999999996 66.553069118832852
23.276110443594284 3.0000000000000004 68.23317020548464 25.600685424304192
2.9999999999999987 70.30791353474315 30.411759958716157 3 72.289799101136907
35.419931405445567 3 75.272900134530687 40.119665733822742 2.9999999999999996
78.504322067029378 43.182879863250832 3.0000000000000009 82.218535285485814
45.572065082971918 2.9999999999999991 85.414299045513758 46.899212391593181 3
88.169102460739822 47.530675909538616 3 90.621811470056883 47.52464188495982 3
92.190270488356973 46.178146646893254 3 92.836362000393734 44.562259459818819
3.0000000000000004 93.047159629761154 42.870324525694208 3 92.628351371855302
40.558479039659936 3 90.443036226159251 37.177313025593783 2.9999999999999991
87.662434625416722 31.297864399393951 3.0000000000000009 85.889740661752327
24.527554750990952 3 85.872235588622317 19.279779177158122 2.9999999999999991
86.678534103491074 16.101666171259964 3.0000000000000009 87.897150424766892
13.475739821614553 3.0000000000000004 88.880553461826196 10.670593433971879
2.9999999999999982 88.678530092783916 8.3660423127616035 3.0000000000000009
88.124410613199501 6.9370389044406497 3 87.61675199364808 6.1469384493807722 3
87.359844607264847 5.7856519932330741 3 0 null_surface null_surface nullbs
nullbs I I 0 0 0 I I } I I #
-1336 coedge $-1 $1535 $1138 $1536 $1537 forward $1051 $-1 #
-1337 edge $1538 $1539 0 $1141 0.25345314951825071 $1332 $1540 forward 7
unknown #
-1338 edge $1541 $1142 0 $1463 0.34002193916691792 $1305 $1542 forward 7
unknown #
-1339 point $-1 64.445874911348369 21.317099753832693 3 #
-1340 point $-1 64.445874911348369 21.317099753832697 5 #
-1341 coedge $-1 $1543 $1543 $1544 $1545 forward $1144 $-1 #
-1342 coedge $-1 $1145 $1145 $1546 $1547 forward $941 $-1 #
-1343 coedge $-1 $1548 $1549 $1145 $1344 reversed $1550 $-1 #
-1344 edge $1551 $1552 0 $1553 3.1415926535897931 $1343 $1554 forward 7 unknown
#
-1345 coedge $-1 $1555 $1556 $1146 $1346 reversed $1557 $-1 #
-1346 edge $1558 $1352 0 $1351 3.1415926535897931 $1345 $1559 forward 7 unknown
#
-1347 coedge $-1 $1560 $1147 $1556 $1561 forward $1349 $-1 #
-1348 coedge $-1 $1147 $1560 $1555 $1562 reversed $1349 $-1 #
-1349 loop $-1 $-1 $1347 $1563 #
-1350 ptlist-eye-attrib $-1 $-1 $-1 $1148 #
-1351 vertex $-1 $1346 $1564 #
-1352 vertex $-1 $1346 $1565 #
-1353 ellipse-curve $-1 24 4.8985871966540521e-16 5.9999999999999991 0 0 -1 -2
-7.3478807950179194e-16 0 1 F 0 F 3.1415926535897936 #
-1354 coedge $-1 $1566 $1149 $1152 $1361 forward $1356 $-1 #
-1355 coedge $-1 $1149 $1566 $1151 $1360 forward $1356 $-1 #
-1356 loop $-1 $-1 $1566 $1567 #
-1357 ptlist-eye-attrib $-1 $-1 $-1 $1150 #
-1358 ellipse-curve $-1 70 0 6 0 0 -1 -1.5499999999999972
-3.7964050773568072e-16 0 1 F 0 F 3.1415926535897931 #
-1359 coedge $-1 $1152 $1151 $1568 $1569 reversed $1153 $-1 #
-1360 edge $1570 $1571 0 $1155 1 $1151 $1572 forward 7 unknown #
-1361 edge $1573 $1156 0 $1574 1 $1152 $1575 forward 7 unknown #
-1362 face $-1 $1576 $1153 $3 $-1 $1577 reversed single #
-1363 point $-1 71.549999999999997 5.6946076160352017e-16 6 #
-1364 point $-1 68.450000000000003 -3.7964050773568072e-16 6 #
-1365 face $-1 $1578 $1579 $3 $-1 $1580 reversed single #
-1366 loop $-1 $1581 $1582 $1158 #
-1367 plane-surface $-1 0 0 5.2000000000000002 0 0 1 1 0 0 forward_v F
-3.3799999999999999 F 42.380000000000003 F -2.6560000000000001 F
5.4559999999999995 #
-1368 coedge $-1 $1583 $1374 $1584 $1585 forward $1159 $-1 #
-1369 coedge $-1 $1584 $1161 $1586 $1587 forward $947 $-1 #
-1370 coedge $-1 $1161 $1584 $1373 $1588 reversed $947 $-1 #
-1371 coedge $-1 $1374 $1583 $1161 $1372 reversed $1159 $-1 #
-1372 edge $1589 $1590 0 $1591 1 $1371 $1592 forward 7 unknown #
-1373 coedge $-1 $1162 $1162 $1370 $1588 forward $949 $-1 #
-1374 coedge $-1 $1368 $1371 $1162 $1375 reversed $1159 $-1 #
-1375 edge $1593 $1594 0 $1590 3.1415926535897931 $1374 $1595 forward 7 unknown
#
-1376 coedge $-1 $1596 $1163 $1597 $1598 forward $745 $-1 #
-1377 coedge $-1 $1216 $1215 $1163 $1378 reversed $1217 $-1 #
-1378 edge $1599 $1384 0 $1600 1.8155061033743636 $1377 $1601 forward 7 unknown
#
-1379 coedge $-1 $1164 $1288 $1403 $1407 forward $745 $-1 #
-1380 coedge $-1 $1399 $1224 $1164 $1381 reversed $1400 $-1 #
-1381 edge $1602 $1405 0 $1383 0.75369289262070538 $1380 $1603 forward 7
unknown #
-1382 ptlist-eye-attrib $-1 $-1 $-1 $1166 #
-1383 vertex $-1 $1381 $1604 #
-1384 vertex $-1 $1378 $1605 #
-1385 ellipse-curve $-1 14.499999999999936 1.0000000000000435
6.0000000000000071 0 0 1 -9.4438389307526975 -10.062500000000028 0 1 F 0 F
1.7203432417662379 #
-1386 ptlist-eye-attrib $-1 $-1 $-1 $1169 #
-1387 straight-curve $-1 -2.9000000000000004 6.3215390309173474 6
2.3999999999999999 0 0 F 0 F 1 #
-1388 point $-1 -0.50000000000000044 6.3215390309173474 6 #
-1389 ptlist-eye-attrib $-1 $-1 $-1 $1174 #
-1390 vertex $-1 $1189 $1606 #
-1391 straight-curve $-1 -4.0999999999999996 8.3999999999999968 6 0 0
-2.5697056274847738 F 0 F 1 #
-1392 plane-surface $-1 -2.8999999999999999 10.478460969082652 6
-0.86602540378443893 0.49999999999999933 0 -0.49999999999999933
-0.86602540378443893 0 forward_v F -0.14897209230716857 F 2.5489720923071713 F
-3.040216710204414 F 0.14897209230716824 #
-1393 edge $1607 $1390 0 $1181 1 $1179 $1608 forward 7 unknown #
-1394 point $-1 -2.9000000000000004 6.3215390309173474 6 #
-1395 ptlist-eye-attrib $-1 $-1 $-1 $1184 #
-1396 straight-curve $-1 -0.50000000000000044 6.3215390309173474 6
1.2000000000000002 2.0784609690826512 0 F 0 F 1 #
-1397 ptlist-eye-attrib $-1 $-1 $-1 $1189 #
-1398 straight-curve $-1 -2.8999999999999995 10.478460969082652 6
-1.2000000000000002 -2.0784609690826557 0 F 0 F 1 #
-1399 coedge $-1 $1191 $1380 $1196 $1201 forward $1400 $-1 #
-1400 loop $-1 $-1 $1399 $1485 #
-1401 ptlist-eye-attrib $-1 $-1 $-1 $1192 #
-1402 ellipse-curve $-1 1.3607458354745281 -13 5.0000000000000071 0 0 -1
2.2204460492503131e-16 5 0 1 F 0 F 0.75369289262071948 #
-1403 coedge $-1 $1197 $1196 $1379 $1407 reversed $1198 $-1 #
-1404 ptlist-eye-attrib $-1 $-1 $-1 $1201 #
-1405 vertex $-1 $1381 $1609 #
-1406 straight-curve $-1 1.3607452272059171 -7.6000000056909656
5.9999999857728437 1.8585985350760836e-07 -0.39999999826109445
-0.9999999956528125 F 0 F 1 #
-1407 edge $1610 $1205 0 $1405 1 $1403 $1611 forward 7 unknown #
-1408 point $-1 -6 -7.5999999999999996 6 #
-1409 ptlist-eye-attrib $-1 $-1 $-1 $1207 #
-1410 ellipse-curve $-1 -6 -7 6 0 0 1 -0.59999999999999964 0 0 1 F 0 F
1.5707963267948966 #
-1411 face $-1 $569 $1612 $3 $-1 $1613 reversed single #
-1412 cone-surface $-1 54.158844329516569 -13.831346572595722
25.554000000000023 0 0 -1 -5.2723993675657397 5.7482001451665194 0 1 I I 0 1 1
forward I I I I #
-1413 coedge $-1 $1614 $1614 $1615 $1616 reversed $1213 $-1 #
-1414 coedge $-1 $1214 $1258 $1256 $1466 forward $1016 $-1 #
-1415 edge $1617 $1264 0 $1618 1.4351319067945489 $1269 $1619 forward 7 unknown
#
-1416 coedge $-1 $1267 $1597 $1215 $1417 forward $1472 $-1 #
-1417 edge $1620 $1600 0 $1219 1 $1416 $1621 forward 7 unknown #
-1418 face $-1 $1622 $1217 $3 $-1 $1623 reversed single #
-1419 point $-1 27.917286460822165 -6.9643827370781555 4.9999999999999964 #
-1420 ptlist-eye-attrib $-1 $-1 $-1 $1223 #
-1421 straight-curve $-1 25.857228069129064 -6.8392200251785997
5.9999999984262189 0.32919497874544135 -0.22722382289868115
-0.99999999913717197 F 0 F 1 #
-1422 ptlist-eye-attrib $-1 $-1 $-1 $1225 #
-1423 straight-curve $-1 5.0561612173922796 -9.0625001491266453
5.9999999816070559 -0.27373451488191147 -0.29166661367695923
-0.99999999428570696 F 0 F 1 #
-1424 cone-surface $-1 14.499999999999936 1.0000000000000435 4.8616828843380873
0 0 -1 0 -14.255326846264797 0 1 I I 0.37139067635410433 0.92847669088525908 1
forward I I I I #
-1425 coedge $-1 $1438 $1229 $1624 $1625 reversed $482 $-1 #
-1426 coedge $-1 $1626 $1627 $1229 $1427 forward $1628 $-1 #
-1427 edge $1629 $1630 0 $1432 4.4409931817574542 $1229 $1631 forward 7 unknown
#
-1428 coedge $-1 $1632 $1230 $1233 $1435 forward $1430 $-1 #
-1429 coedge $-1 $1230 $1633 $1626 $1634 reversed $1430 $-1 #
-1430 loop $-1 $-1 $1633 $1635 #
-1431 ptlist-eye-attrib $-1 $-1 $-1 $1231 #
-1432 vertex $-1 $1231 $1636 #
-1433 ellipse-curve $-1 0.99094816981377665 -6.2215771091213465 -9 0 0 -1
-0.36177472866218907 2.2713694207903297 0 1 F 0 F 1.1454876268378165 #
-1434 coedge $-1 $1233 $1232 $1637 $1638 reversed $1234 $-1 #
-1435 edge $1639 $1236 0 $1640 1 $1233 $1641 forward 7 unknown #
-1436 face $-1 $1249 $1234 $3 $-1 $1642 reversed single #
-1437 point $-1 0.62917344115158758 -3.9502076883310169 -9 #
-1438 coedge $-1 $1238 $1425 $1643 $1644 forward $482 $-1 #
-1439 coedge $-1 $1645 $1646 $1238 $1440 forward $1647 $-1 #
-1440 edge $1648 $1443 0 $1649 4.9904095678147851 $1439 $1650 forward 7 unknown
#
-1441 coedge $-1 $1516 $1239 $1646 $1651 forward $1130 $-1 #
-1442 ptlist-eye-attrib $-1 $-1 $-1 $1240 #
-1443 vertex $-1 $1240 $1652 #
-1444 ellipse-curve $-1 25.739235018375894 11.233259314691146 -9 0 0 -1
1.8511899974249957 -1.1887369740332154 0 1 F 0 F 1.8321745959243638 #
-1445 point $-1 24.112503634136786 9.7521296770390151 -9 #
-1446 coedge $-1 $1247 $1245 $1653 $1654 reversed $1037 $-1 #
-1447 coedge $-1 $1519 $1655 $1245 $1448 forward $1656 $-1 #
-1448 edge $1657 $1658 0 $1450 0.29969559608661939 $1447 $1659 forward 7
unknown #
-1449 ptlist-eye-attrib $-1 $-1 $-1 $1246 #
-1450 vertex $-1 $1448 $1660 #
-1451 straight-curve $-1 2.3043596928763117 5.5018171330319561 -9
6.2172489379008766e-15 1.0658141036401503e-14 12 F 0 F 1 #
-1452 coedge $-1 $1661 $1637 $1247 $1453 reversed $1662 $-1 #
-1453 edge $1663 $1664 0 $1455 0.94076632378588643 $1247 $1665 forward 7
unknown #
-1454 ptlist-eye-attrib $-1 $-1 $-1 $1248 #
-1455 vertex $-1 $1453 $1666 #
-1456 straight-curve $-1 0.093123482344734304 3.9989158552082609 -9
-3.6859404417555197e-14 -2.2204460492503131e-15 10.6 F 0 F 1 #
-1457 face $-1 $1667 $1668 $3 $-1 $1669 reversed single #
-1458 cone-surface $-1 0.14666948469289723 6.2982924719530065 -9 0 0 -1
2.2999999999999998 0 0 1 I I 0 1 1 forward I I I I #
-1459 coedge $-1 $1254 $1670 $1671 $1672 reversed $1047 $-1 #
-1460 coedge $-1 $1673 $1536 $1254 $1461 forward $1674 $-1 #
-1461 edge $1675 $1539 0 $1676 2.2719633869636198 $1460 $1677 forward 7 unknown
#
-1462 ptlist-eye-attrib $-1 $-1 $-1 $1255 #
-1463 vertex $-1 $1338 $1678 #
-1464 straight-curve $-1 59.405360602742419 18.544871794871796 3
-7.1054273576010019e-15 0 1.9999999999999982 F 0 F 1 #
-1465 coedge $-1 $1256 $1679 $1475 $1680 forward $1051 $-1 #
-1466 edge $1681 $1261 0 $1618 4.8061976836427451 $1256 $1682 forward 7 unknown
#
-1467 ptlist-eye-attrib $-1 $-1 $-1 $1259 #
-1468 ellipse-curve $-1 51.831096682133456 17.655279207902499 -4 0 0 -1
4.1292962086060356 -2.8193816381596584 0 1 F 0 F 1.6844029128781484 #
-1469 point $-1 55.960392890739492 14.835897569742844 -4 #
-1470 point $-1 48.886444961950858 -8.0831464274291811 -4.0000000000000036 #
-1471 coedge $-1 $1597 $1267 $1683 $1684 reversed $1472 $-1 #
-1472 loop $-1 $-1 $1416 $1622 #
-1473 ptlist-eye-attrib $-1 $-1 $-1 $1268 #
-1474 ellipse-curve $-1 38.950000000000003 2.75 4.9999999999999751 0 0 1
-11.032713539177838 -9.7143827370781519 0 1 F 0 F 1.5911069472210884 #
-1475 coedge $-1 $1270 $1269 $1465 $1680 reversed $1271 $-1 #
-1476 coedge $-1 $1685 $1683 $1270 $1477 forward $1612 $-1 #
-1477 edge $1686 $1273 0 $1687 1.4351319067945925 $1476 $1688 forward 7 unknown
#
-1478 point $-1 48.886444961950829 -8.0831464274292006 4.9999999999999751 #
-1479 point $-1 57.847325397263369 17.999999999999996 4.9999999999999964 #
-1480 face $-1 $1689 $1690 $3 $-1 $1691 reversed single #
-1481 loop $-1 $-1 $1692 $1283 #
-1482 cone-surface $-1 86.913842015192898 10.170383448990043
-28.715825520279697 0 0 1 -0.59052017254292333 -0.17178744372006932 0 1 I I 0 1
1 forward I I I I #
-1483 coedge $-1 $1693 $1694 $1535 $1695 forward $1284 $-1 #
-1484 coedge $-1 $1289 $1696 $1314 $1507 forward $745 $-1 #
-1485 face $-1 $1226 $1400 $3 $-1 $1697 reversed single #
-1486 plane-surface $-1 -2.3196270822627358 -7.7999999999999998 5.5 0
-0.92847669088525908 0.371390676354104 0 -0.371390676354104
-0.92847669088525908 forward_v F -0.68748857302061861 F 0.68748857302061861 F
-3.8293450100444324 F 3.8293450100444324 #
-1487 coedge $-1 $1698 $1293 $1699 $1700 reversed $380 $-1 #
-1488 coedge $-1 $1505 $1701 $1293 $1489 reversed $1311 $-1 #
-1489 edge $1702 $1492 0 $1703 1 $1488 $1704 forward 7 unknown #
-1490 coedge $-1 $1294 $1506 $1505 $1705 forward $1124 $-1 #
-1491 ptlist-eye-attrib $-1 $-1 $-1 $1295 #
-1492 vertex $-1 $1489 $1706 #
-1493 ellipse-curve $-1 71.892165916440888 7.0403075611546049 5 0 0 1
19.645612776535955 -5.8566115318017502 0 1 F 0 F 0.55152404363016738 #
-1494 edge $1707 $1708 0 $1298 1 $1313 $1709 forward 7 unknown #
-1495 point $-1 91.693645355367508 12.34609798575603 5 #
-1496 ptlist-eye-attrib $-1 $-1 $-1 $1300 #
-1497 vertex $-1 $1315 $1710 #
-1498 straight-curve $-1 90.220472133971924 16.298573974291628 6
0.38637012466028864 0.10352838630355876 -1 F 0 F 1 #
-1499 point $-1 17.654640543566039 21.729116876765396 5.9999999999999982 #
-1500 ptlist-eye-attrib $-1 $-1 $-1 $1306 #
-1501 ellipse-curve $-1 57.847325397263369 20.5 4.9999999999999964 0 0 -1
1.5580352054790438 -1.9551282051282186 0 1 F 0 F 0.67284581664723331 #
-1502 face $-1 $1711 $1712 $3 $-1 $1713 forward single #
-1503 loop $-1 $-1 $1714 $1310 #
-1504 cone-surface $-1 86.563868915452503 -4.9999999999999964
4.8616828847003868 0 0 -1 0 -3.0553268461198479 0 1 I I 0.37139067635410544
0.92847669088525864 1 forward I I I I #
-1505 coedge $-1 $1715 $1488 $1490 $1705 reversed $1311 $-1 #
-1506 coedge $-1 $1490 $1313 $1696 $1716 reversed $1124 $-1 #
-1507 edge $1717 $1708 0 $1497 1 $1314 $1718 forward 7 unknown #
-1508 ptlist-eye-attrib $-1 $-1 $-1 $1315 #
-1509 intcurve-curve $-1 forward { exactcur full nubs 3 open 98 0 3
3.0624420929498242 1 5.8458560926482264 1 8.3438731238911092 1
10.551934944089455 1 12.703832641572644 1 15.08027638986192 1
17.748911273824195 1 20.536992352958027 1 23.112536080040684 1
25.378714776444742 1 27.387506849281145 1 29.174669514821108 1
30.760025061552057 1 32.155367283594074 1 33.374049219886722 1
34.441793922770913 1 35.505915457803738 1 36.719203344091298 1
38.109952065260096 1 39.702607013875841 1 41.4766078782867 1 43.424557069384285
1 45.632996472416359 1 48.142857813441402 1 50.661606546466317 1
53.12504039106966 1 55.909610753487769 1 59.008929392387635 1
62.487077939528056 1 66.226682306138215 1 69.6998886641788 1 72.734172560992064
1 75.466399408848972 1 77.911185127601968 1 80.128605250695387 1
82.367679920161834 1 84.716629749714244 1 87.013292218687397 1
89.271221568039223 1 91.576506136866087 1 93.951083981269932 1
96.540359156200026 1 99.51194718526709 1 102.88809281490748 1
106.71281832724539 1 110.82619380303211 1 114.65911920086394 1
117.99884099075713 1 120.96146301174605 1 123.59639641744512 1
125.94411674475069 1 128.03883752462207 1 129.9089327509453 1
131.57580005997417 1 133.05967136676148 1 134.38015250835545 1
135.54783873082084 1 136.57504270547366 1 137.48742706897485 1
138.3043543030106 1 139.04001255251731 1 139.70383332429984 1
140.30417321211786 1 140.84734894082723 1 141.33611152721846 1
141.77222543502461 1 142.1609817031329 1 142.49875421814502 1
142.78415764109155 1 143.02146175428496 1 143.20702086443214 1
143.42474953366968 1 143.70141344080943 1 144.02186195537919 1
144.38408706026544 1 144.78533029086475 1 145.22381106996346 1
145.70230972686394 1 146.22823876026825 1 146.80722619680637 1
147.44226517050868 1 148.14023652789388 1 148.90954469365681 1
149.75721730641925 1 150.68886370640919 1 151.7099715415321 1
152.83079372511676 1 154.06491575510537 1 155.42713164767414 1
156.93982046161469 1 158.63776479289265 1 160.56940785706553 1
162.79069428328393 1 165.25282537803895 1 167.86465308456505 1
170.72826892465275 1 173.9480059053102 3 90.220472133971953 16.298573974291624
6 89.956266005647393 17.284604606477089 6 89.46711110770633 19.1712564797173 6
88.948366421409332 21.907824064357747 6.0000000000000018 88.743868630894582
24.400237545639811 6.0000000000000009 88.819974051484763 26.693664979380941
5.9999999999999991 89.313784217453048 28.898781149149791 6.0000000000000009
90.245352741988071 31.116800581443481 6 91.446974729710405 33.437061858971568
5.9999999999999982 92.853641536432676 35.716213567680626 6.0000000000000009
94.158293259686701 37.900110548598676 5.9999999999999982 95.185376021316642
39.94257261336152 6 95.928682567421191 41.825270214946968 6.0000000000000009
96.405724977257037 43.557947054795207 5.9999999999999991 96.653258129765518
45.132441317301861 6 96.662753725048361 46.53800318574244 6 96.460221294526619
47.756344577828202 6 96.027131748293712 48.799344710649159 6.0000000000000018
95.333043276725206 49.685740169096391 6.0000000000000018 94.397487697136143
50.482513008997294 5.9999999999999991 93.187482340526088 51.198444272591672 6
91.697753865195139 51.761889086394611 6 89.951450576598802 52.115943639133242 6
87.962928933795368 52.109629668622937 6 85.762457846362082 51.761669501332079 6
83.433068756532265 51.118656485367538 6.0000000000000018 81.109185565177341
50.178150676032274 5.9999999999999991 78.916298073205226 48.770024970960506 6
76.885666361880197 46.857545708454545 6 74.694373734946481 44.637897923747303
5.9999999999999982 72.39855500028483 42.071308749092907 6 70.344848262386932
39.145632947699937 6 68.728828529373857 36.131639724482554 6 67.400194360598874
33.353428962809943 6 66.228850572770284 30.879140386483588 6 64.970595251797135
28.751330345049926 5.9999999999999991 63.475726743596709 26.984500303000299
6.0000000000000009 61.682296637572442 25.572269992316688 6 59.641024897944618
24.496501020694254 6 57.430611604304211 23.808679827155036 5.9999999999999982
55.143676112326013 23.55904391653543 5.9999999999999991 52.82502522328123
23.743825746413226 6.0000000000000009 50.473545159095949 24.38544711825768
6.0000000000000009 48.085951461562956 25.557077302382311 6 45.660816213245781
27.308774080343017 6 43.23346425934794 29.692839142489916 6 40.909626901054956
32.674336214167198 6.0000000000000018 38.798953798860076 35.984867658537489 6
36.872369968929149 39.215495535602983 6 35.038392020393914 42.055409553308635
6.0000000000000009 33.21825674828743 44.419162489197859 6 31.411713810195216
46.360885582308612 6 29.653324949576238 47.93841324652891 6 27.965821035991354
49.199750666433992 6 26.368541165449379 50.190879883306373 5.9999999999999991
24.864540712993573 50.93178836720395 6.0000000000000018 23.462598538098192
51.44594620620957 5.9999999999999982 22.176167793267826 51.768994396999219 6
21.009795834366813 51.918519832465776 6 19.970044608621368 51.880887632786951
6.0000000000000009 19.064373143487764 51.711886312676128 5.9999999999999991
18.276509304881316 51.474624022386955 6 17.588580407132412 51.203362731071309 6
16.986305131835636 50.916524914846548 6.0000000000000009 16.460462544403654
50.621592752068594 5.9999999999999991 16.004381403819799 50.324244672037281 6
15.612817472145387 50.02988815396796 6.0000000000000009 15.288525775236474
49.734502406803507 6 15.030245068384438 49.444687522614629 6 14.836672874349873
49.166801889195817 5.9999999999999991 14.718328842745134 48.90341195609718 6
14.671203049806198 48.66933581402666 6.0000000000000018 14.695465854228948
48.452513013839926 5.9999999999999991 14.809346518804428 48.252026763005389
6.0000000000000018 14.978880150593792 48.039995070377095 5.9999999999999991
15.205807897932083 47.813626462752445 6 15.479180913213522 47.577334858692289
6.0000000000000018 15.790504735154334 47.3250512060444 6 16.137758266250987
47.055787631332315 6.0000000000000009 16.519568185696663 46.763309267036945 6
16.933110088358191 46.435191828039763 6 17.370712627117257 46.054186428271265 6
17.830502097623818 45.612458720248782 6.0000000000000009 18.309912299709318
45.100851995725009 6 18.804074988707793 44.507527392371884 6.0000000000000009
19.304318813238719 43.820156864282566 5.9999999999999991 19.8074731192341
43.033317099957955 6 20.31498959714504 42.142939691031046 6 20.831471054548331
41.14271962127107 6 21.346532487278232 40.015183620404535 6 21.848351087018351
38.740019068127268 6 22.320513845236501 37.289390603002609 5.9999999999999991
22.710188340788257 35.617309520379301 6.0000000000000018 22.91520717860406
33.670180575865821 5.9999999999999982 22.762092425180072 31.458845536681487 6
22.174241983455474 29.084970545458606 6 21.061554103827191 26.669191304085082
5.9999999999999982 19.481147776191648 24.235297572896041 6.0000000000000018
18.306504468075715 22.581718583954675 5.9999999999999982 17.654640543566039
21.729116876765396 5.9999999999999982 0 null_surface null_surface nullbs nullbs
I I 0 0 0 I I } I I #
-1510 face $-1 $1719 $1720 $3 $-1 $1721 reversed single #
-1511 loop $-1 $-1 $1722 $1318 #
-1512 cone-surface $-1 38.950000000000003 2.75 0.47065599932939772 0 0 -1 0
-3.0239108575260527 0 1 I I 0.49613893835683243 0.86824314212445997 1 forward I
I I I #
-1513 loop $-1 $1723 $1724 $1129 #
-1514 coedge $-1 $1725 $1726 $1727 $1728 reversed $1319 $-1 #
-1515 coedge $-1 $1323 $1321 $1729 $1730 reversed $1130 $-1 #
-1516 coedge $-1 $1321 $1441 $1731 $1732 forward $1130 $-1 #
-1517 coedge $-1 $1733 $1734 $1321 $1518 forward $1735 $-1 #
-1518 edge $1736 $1737 0 $1738 1 $1321 $1739 forward 7 unknown #
-1519 coedge $-1 $1729 $1447 $1322 $1520 forward $1656 $-1 #
-1520 edge $1740 $1450 0 $1522 2.0493923816665971 $1322 $1741 forward 7 unknown
#
-1521 ptlist-eye-attrib $-1 $-1 $-1 $1324 #
-1522 vertex $-1 $1730 $1742 #
-1523 straight-curve $-1 24.112503634137017 9.7521296770387345 -9
1.7763568394002505e-14 -2.1316282072803006e-14 12 F 0 F 1 #
-1524 coedge $-1 $1743 $1325 $1327 $1530 reversed $1526 $-1 #
-1525 coedge $-1 $1325 $1743 $1331 $1533 reversed $1526 $-1 #
-1526 loop $-1 $-1 $1325 $1744 #
-1527 ptlist-eye-attrib $-1 $-1 $-1 $1326 #
-1528 straight-curve $-1 87.359844607264847 5.7856519932330741 3
5.6843418860808015e-14 9.3258734068513149e-14 1.9999999999999982 F 0 F 1 #
-1529 coedge $-1 $1327 $1745 $1746 $1747 forward $380 $-1 #
-1530 edge $1748 $1749 0 $1329 0.58531556153185094 $1327 $1750 forward 7
unknown #
-1531 point $-1 87.359844607264947 5.7856519932332375 4.9999999999999964 #
-1532 coedge $-1 $1670 $1331 $1751 $1752 reversed $1047 $-1 #
-1533 edge $1753 $1334 0 $1754 0.58531556153164921 $1525 $1755 forward 7
unknown #
-1534 point $-1 87.359844607264748 5.7856519932329622 3 #
-1535 coedge $-1 $1756 $1336 $1483 $1695 reversed $1051 $-1 #
-1536 coedge $-1 $1460 $1757 $1336 $1537 reversed $1674 $-1 #
-1537 edge $1758 $1539 0 $1759 1 $1536 $1760 forward 7 unknown #
-1538 ptlist-eye-attrib $-1 $-1 $-1 $1337 #
-1539 vertex $-1 $1537 $1761 #
-1540 ellipse-curve $-1 70 5.25 3 0 0 1 -1.3478861186989093 16.946480549394874
0 1 F 0 F 0.25345314951825071 #
-1541 ptlist-eye-attrib $-1 $-1 $-1 $1338 #
-1542 ellipse-curve $-1 70 5.25 5 0 0 1 -5.5541250886516167 16.067099753832697
0 1 F 0 F 0.34002193916691792 #
-1543 coedge $-1 $1341 $1341 $1762 $1763 forward $1144 $-1 #
-1544 coedge $-1 $1764 $1765 $1341 $1545 reversed $1766 $-1 #
-1545 edge $1767 $1768 0 $1769 3.1415926535897931 $1544 $1770 forward 7 unknown
#
-1546 coedge $-1 $1771 $1772 $1342 $1547 reversed $1773 $-1 #
-1547 edge $1774 $1553 0 $1552 3.1415926535897931 $1546 $1775 forward 7 unknown
#
-1548 coedge $-1 $1776 $1343 $1772 $1777 forward $1550 $-1 #
-1549 coedge $-1 $1343 $1776 $1771 $1778 reversed $1550 $-1 #
-1550 loop $-1 $-1 $1548 $1779 #
-1551 ptlist-eye-attrib $-1 $-1 $-1 $1344 #
-1552 vertex $-1 $1547 $1780 #
-1553 vertex $-1 $1547 $1781 #
-1554 ellipse-curve $-1 14.5 0.99999999999999889 6 0 0 -1 -1.5 0 0 1 F 0 F
3.1415926535897931 #
-1555 coedge $-1 $1782 $1345 $1348 $1562 forward $1557 $-1 #
-1556 coedge $-1 $1345 $1782 $1347 $1561 reversed $1557 $-1 #
-1557 loop $-1 $-1 $1555 $1783 #
-1558 ptlist-eye-attrib $-1 $-1 $-1 $1346 #
-1559 ellipse-curve $-1 24 2.0295123116234123e-26 5.9999999999999991 0 0 -1 2
2.4492935981124514e-16 0 1 F 0 F 3.1415926535897931 #
-1560 coedge $-1 $1348 $1347 $1784 $1785 forward $1349 $-1 #
-1561 edge $1786 $1351 0 $1787 1 $1347 $1788 forward 7 unknown #
-1562 edge $1789 $1352 0 $1790 1 $1348 $1791 forward 7 unknown #
-1563 face $-1 $1792 $1349 $3 $-1 $1793 reversed single #
-1564 point $-1 22 -4.8985871962042061e-16 5.9999999999999991 #
-1565 point $-1 26 2.4492935983154027e-16 5.9999999999999991 #
-1566 coedge $-1 $1355 $1354 $1794 $1795 reversed $1356 $-1 #
-1567 face $-1 $1362 $1356 $3 $-1 $1796 reversed single #
-1568 coedge $-1 $1794 $1794 $1359 $1569 forward $1797 $-1 #
-1569 edge $1798 $1574 0 $1571 3.1415926535897931 $1568 $1799 forward 7 unknown
#
-1570 ptlist-eye-attrib $-1 $-1 $-1 $1360 #
-1571 vertex $-1 $1360 $1800 #
-1572 straight-curve $-1 71.549999999999997 1.8982025386783975e-16 3 0
6.3273417955946582e-17 3 F 0 F 1 #
-1573 ptlist-eye-attrib $-1 $-1 $-1 $1361 #
-1574 vertex $-1 $1361 $1801 #
-1575 straight-curve $-1 68.449999999999989 -2.5309367182378648e-16 6 0
6.327341795594673e-17 -3 F 0 F 1 #
-1576 face $-1 $1802 $1803 $3 $-1 $1804 forward single #
-1577 cone-surface $-1 70 0 5 0 0 -1 1.55 0 0 1 I I 0 1 1 forward I I I I #
-1578 face $-1 $1805 $1806 $3 $-1 $1807 reversed single #
-1579 loop $-1 $1808 $1809 $1365 #
-1580 plane-surface $-1 0 0 5.2000000000000002 0 0 1 1 0 0 forward_v F
-3.3799999999999999 F 42.380000000000003 F -2.6560000000000001 F
5.4559999999999995 #
-1581 loop $-1 $-1 $1810 $1158 #
-1582 coedge $-1 $1811 $1811 $1812 $1813 forward $1366 $-1 #
-1583 coedge $-1 $1371 $1368 $1814 $1815 forward $1159 $-1 #
-1584 coedge $-1 $1370 $1369 $1368 $1585 reversed $947 $-1 #
-1585 edge $1816 $1594 0 $1817 1 $1368 $1818 forward 7 unknown #
-1586 coedge $-1 $1814 $1814 $1369 $1587 reversed $1808 $-1 #
-1587 edge $1819 $1591 0 $1817 3.1415926535897931 $1586 $1820 forward 7 unknown
#
-1588 edge $1821 $1590 0 $1594 3.1415926535897931 $1370 $1822 forward 7 unknown
#
-1589 ptlist-eye-attrib $-1 $-1 $-1 $1372 #
-1590 vertex $-1 $1588 $1823 #
-1591 vertex $-1 $1587 $1824 #
-1592 straight-curve $-1 40.349999999999994 2.75 6 0 0 -0.80000000000000071 F 0
F 1 #
-1593 ptlist-eye-attrib $-1 $-1 $-1 $1375 #
-1594 vertex $-1 $1588 $1825 #
-1595 ellipse-curve $-1 38.950000000000003 2.75 6 0 0 -1 -1.3999999999999986 0
0 1 F 0 F 3.1415926535897931 #
-1596 coedge $-1 $1826 $1376 $1827 $1828 forward $745 $-1 #
-1597 coedge $-1 $1416 $1471 $1376 $1598 reversed $1472 $-1 #
-1598 edge $1829 $1600 0 $1830 1.5911069472210839 $1597 $1831 forward 7 unknown
#
-1599 ptlist-eye-attrib $-1 $-1 $-1 $1378 #
-1600 vertex $-1 $1598 $1832 #
-1601 ellipse-curve $-1 27.091709257210223 -7.691309336451349 6 0 0 -1
-1.2344812997264931 0.85208915063248192 0 1 F 0 F 1.8155061033743636 #
-1602 ptlist-eye-attrib $-1 $-1 $-1 $1381 #
-1603 ellipse-curve $-1 1.3607458354745252 -13.000000000000011 6 0 0 -1
2.886579864025407e-15 5.4000000000000092 0 1 F 0 F 0.75369289262070538 #
-1604 point $-1 5.0561610692472687 -9.0624999999999556 6 #
-1605 point $-1 25.857227957483691 -6.8392201858188395 6.0000000000000071 #
-1606 point $-1 -4.0999999999999996 8.3999999999999968 6 #
-1607 ptlist-eye-attrib $-1 $-1 $-1 $1393 #
-1608 straight-curve $-1 -4.0999999999999996 8.3999999999999968 6
1.1999999999999993 -2.0784609690826494 0 F 0 F 1 #
-1609 point $-1 1.3607458354745281 -7.6000000000000014 6 #
-1610 ptlist-eye-attrib $-1 $-1 $-1 $1407 #
-1611 straight-curve $-1 -6.0000000588946252 -7.5999999994761964
6.0000000013094859 7.360745286100542 -6.2147691437530739e-09
-1.5536642195002059e-08 F 0 F 1 #
-1612 loop $-1 $-1 $1683 $1411 #
-1613 cone-surface $-1 54.15884432951664 -13.831346572595709 6.1383171157176228
0 0 1 0 -8.2553268462870424 0 1 I I 0.37139067635410433 0.92847669088525908 1
forward I I I I #
-1614 coedge $-1 $1413 $1413 $1833 $1834 reversed $1213 $-1 #
-1615 coedge $-1 $1835 $1836 $1413 $1616 forward $1837 $-1 #
-1616 edge $1838 $1839 0 $1840 3.1415926535897931 $1615 $1841 forward 7 unknown
#
-1617 ptlist-eye-attrib $-1 $-1 $-1 $1415 #
-1618 vertex $-1 $1466 $1842 #
-1619 ellipse-curve $-1 54.158844329516569 -13.831346572595722
-4.0000000000000036 0 0 -1 -5.2723993675657113 5.7482001451665408 0 1 F 0 F
1.4351319067945489 #
-1620 ptlist-eye-attrib $-1 $-1 $-1 $1417 #
-1621 straight-curve $-1 28.217496287571109 -6.7000457171068222
6.0000000006372929 -0.30020987526200571 -0.26433696456431832
-1.0000000001246967 F 0 F 1 #
-1622 face $-1 $990 $1472 $3 $-1 $1843 forward single #
-1623 cone-surface $-1 27.091709257210223 -7.691309336451349 6.1383171159557168
0 0 1 0 -1.555326846382286 0 1 I I 0.37139067635410433 0.92847669088525908 1
forward I I I I #
-1624 coedge $-1 $1844 $1845 $1425 $1625 forward $1846 $-1 #
-1625 edge $1847 $1848 0 $1630 1.7203432417662545 $1425 $1849 forward 7 unknown
#
-1626 coedge $-1 $1850 $1426 $1429 $1634 forward $1628 $-1 #
-1627 coedge $-1 $1426 $1850 $1844 $1851 reversed $1628 $-1 #
-1628 loop $-1 $-1 $1626 $1852 #
-1629 ptlist-eye-attrib $-1 $-1 $-1 $1427 #
-1630 vertex $-1 $1851 $1853 #
-1631 intcurve-curve $-1 forward { exactcur full nubs 3 open 3 0 3
2.1509752879194681 1 4.4409931817574542 3 5.6036299927692141
-8.4791666666666679 -9 5.0808234991776766 -7.9885032810835561 -9
4.1608436407396745 -6.8148037030989563 -9 3.3311017345157552
-5.5919993320347476 -9 2.9106955062771971 -4.9548608172305375 -9 0 null_surface
null_surface nullbs nullbs I I 0 0 0 I I } I I #
-1632 coedge $-1 $1854 $1428 $1855 $1856 reversed $1430 $-1 #
-1633 coedge $-1 $1429 $1854 $1857 $1858 reversed $1430 $-1 #
-1634 edge $1859 $1432 0 $1860 1 $1626 $1861 forward 7 unknown #
-1635 face $-1 $1436 $1430 $3 $-1 $1862 forward single #
-1636 point $-1 2.9106955062771971 -4.9548608172305375 -9 #
-1637 coedge $-1 $1452 $1855 $1434 $1638 forward $1662 $-1 #
-1638 edge $1863 $1640 0 $1455 3.3228249218916086 $1434 $1864 forward 7 unknown
#
-1639 ptlist-eye-attrib $-1 $-1 $-1 $1435 #
-1640 vertex $-1 $1638 $1865 #
-1641 straight-curve $-1 0.62917344115159923 -3.9502076883310133 -9
4.4408920985006262e-15 0 10.6 F 0 F 1 #
-1642 cone-surface $-1 0 0 -9 0 0 -1 4 0 0 1 I I 0 1 1 forward I I I I #
-1643 coedge $-1 $1866 $1867 $1438 $1644 reversed $1868 $-1 #
-1644 edge $1869 $1848 0 $1649 1.8155061033742899 $1643 $1870 forward 7 unknown
#
-1645 coedge $-1 $1871 $1439 $1867 $1872 forward $1647 $-1 #
-1646 coedge $-1 $1439 $1871 $1441 $1651 reversed $1647 $-1 #
-1647 loop $-1 $-1 $1646 $1873 #
-1648 ptlist-eye-attrib $-1 $-1 $-1 $1440 #
-1649 vertex $-1 $1440 $1874 #
-1650 ellipse-curve $-1 38.950000000000003 2.75 -9 0 0 -1 -11.359574984199117
7.2945223406579345 0 1 F 0 F 4.9904095678147851 #
-1651 edge $1875 $1443 0 $1876 9.6000341721090283 $1646 $1877 forward 7 unknown
#
-1652 point $-1 27.590425015800889 10.044522340657931 -9 #
-1653 coedge $-1 $1878 $1879 $1446 $1654 forward $1668 $-1 #
-1654 edge $1880 $1664 0 $1658 1 $1653 $1881 forward 7 unknown #
-1655 coedge $-1 $1447 $1882 $1878 $1883 forward $1656 $-1 #
-1656 loop $-1 $1884 $1885 $1667 #
-1657 ptlist-eye-attrib $-1 $-1 $-1 $1448 #
-1658 vertex $-1 $1654 $1886 #
-1659 ellipse-curve $-1 0.14666948469289723 6.2982924719530065 3 0 0 1
1.8263712687091533 -1.3979871204105265 0 1 F 0 F 0.29969559608661939 #
-1660 point $-1 2.3043596928763197 5.501817133031973 3 #
-1661 coedge $-1 $1887 $1452 $1879 $1888 forward $1662 $-1 #
-1662 loop $-1 $1889 $1890 $1891 #
-1663 ptlist-eye-attrib $-1 $-1 $-1 $1453 #
-1664 vertex $-1 $1888 $1892 #
-1665 ellipse-curve $-1 0.14666948469289723 6.2982924719530065
1.5999999999999996 0 0 -1 1.8263712687091471 -1.3979871204105354 0 1 F 0 F
0.94076632378588643 #
-1666 point $-1 0.0931234823446975 3.9989158552082578 1.5999999999999996 #
-1667 face $-1 $1893 $1656 $3 $-1 $1894 forward single #
-1668 loop $-1 $-1 $1895 $1457 #
-1669 cone-surface $-1 2.8465226645238175 4.2317028156939642 -28.71582687627571
0 0 1 -0.87348191112176843 0.66860253584851381 0 1 I I 0 1 1 forward I I I I #
-1670 coedge $-1 $1459 $1532 $1896 $1897 forward $1047 $-1 #
-1671 coedge $-1 $1898 $1899 $1459 $1672 forward $1690 $-1 #
-1672 edge $1900 $1676 0 $1901 72.285010437645326 $1671 $1902 forward 7 unknown
#
-1673 coedge $-1 $1757 $1460 $1899 $1903 forward $1674 $-1 #
-1674 loop $-1 $-1 $1673 $1689 #
-1675 ptlist-eye-attrib $-1 $-1 $-1 $1461 #
-1676 vertex $-1 $1672 $1904 #
-1677 ellipse-curve $-1 68.596612688178197 22.894276807311133 3 0 0 -1
0.055501193122893255 -0.69779625791625932 0 1 F 0 F 2.2719633869636198 #
-1678 point $-1 59.405360602742412 18.544871794871781 4.9999999999999964 #
-1679 coedge $-1 $1465 $1746 $1905 $1906 reversed $1051 $-1 #
-1680 edge $1907 $1687 0 $1618 1 $1475 $1908 forward 7 unknown #
-1681 ptlist-eye-attrib $-1 $-1 $-1 $1466 #
-1682 ellipse-curve $-1 70 5.25 -4 0 0 -1 -14.039607109260508
9.5858975697428441 0 1 F 0 F 4.8061976836427451 #
-1683 coedge $-1 $1476 $1827 $1471 $1684 forward $1612 $-1 #
-1684 edge $1909 $1830 0 $1273 1 $1471 $1910 forward 7 unknown #
-1685 coedge $-1 $1827 $1476 $1911 $1912 reversed $1612 $-1 #
-1686 ptlist-eye-attrib $-1 $-1 $-1 $1477 #
-1687 vertex $-1 $1680 $1913 #
-1688 ellipse-curve $-1 54.158844329516569 -13.831346572595722
4.9999999999999929 0 0 -1 -5.2723993675657397 5.7482001451665194 0 1 F 0 F
1.4351319067945925 #
-1689 face $-1 $1744 $1674 $3 $-1 $1914 reversed single #
-1690 loop $-1 $-1 $1915 $1480 #
-1691 spline-surface $-1 forward { exactsur full nubs 3 3 open open none none
31 2 -0.008491298703760794 3 0.015524059837575495 1 0.047259195814590343 1
0.078994331791605185 1 0.12940117006314947 1 0.17980800833469374 1
0.22028284845534507 1 0.28988959132336084 1 0.34721026971444591 1
0.38775058753174413 1 0.40378706782382379 1 0.41982354811590339 1
0.43734955702599038 1 0.45487556593607731 1 0.47470431136791624 1
0.48458806618654543 1 0.49447182100517467 1 0.50672084262045547 1
0.51896986423573621 1 0.53725869824517269 1 0.5593627255805137 1
0.58146675291585481 1 0.62555008337760287 1 0.66963341383935093 1
0.72767613102481588 1 0.78571884821028082 1 0.84500944072054918 1
0.867528624780871 1 0.91006293406496663 1 0.95572425715591458 1
0.96282675498910331 3 -2.1489720923071682 3 0.14897209230716824 3
67.597202392237278 22.727778270147553 5.1489720923071687 68.013960291762757
23.259074263904335 5.1489720923071687 68.91066374013235 24.563722199424227
5.1489720923071687 70.020349554541951 26.711494255590612 5.1489720923071687
71.211253238614745 29.521433523962546 5.1489720923071687 72.506272599615642
32.712180182754622 5.1489720923071687 74.059308441246955 35.966583150949418
5.1489720923071696 76.209396161778983 39.355154130493645 5.1489720923071678
79.266311285523386 42.241553087069278 5.1489720923071696 82.760442780332156
44.494040517982327 5.1489720923071687 85.411633694442358 45.598785896759701
5.1489720923071687 87.130642797317449 46.058021580561245 5.1489720923071687
88.327726961481645 46.262190261218151 5.1489720923071687 89.531259731786875
46.312251247931343 5.1489720923071669 90.425389358800956 46.095030778497232
5.1489720923071705 91.036738229641855 45.572859240663874 5.1489720923071651
91.372658447536381 44.975088971032449 5.1489720923071705 91.594063955489446
44.329219390656213 5.1489720923071678 91.746261541003605 43.556525673035068
5.1489720923071696 91.781478471251106 42.625382520495286 5.1489720923071696
91.575563148177253 41.503378083811555 5.1489720923071678 90.997068239668977
40.238830167081375 5.1489720923071687 89.784294198760861 38.276882592163048
5.1489720923071696 88.364983784745903 35.600171657867996 5.1489720923071678
86.834475733773729 31.98199054862382 5.1489720923071696 85.508174023096075
27.833244709100946 5.1489720923071687 84.68571581675775 23.117097462760061
5.1489720923071678 84.666872308908694 19.147161960640016 5.1489720923071705
85.544249097375854 15.691593992588629 5.1489720923071678 86.83175801238329
12.922470683676197 5.1489720923071687 87.545740133519246 10.80025764487948
5.1489720923071687 87.555416438962041 9.6736291717786074 5.1489720923071687
87.549649173391344 9.522970252159654 5.1489720923071687 67.597202392237278
22.727778270147553 4.3829906974357229 68.013960291762757 23.259074263904335
4.3829906974357229 68.91066374013235 24.563722199424227 4.3829906974357229
70.020349554541951 26.711494255590612 4.3829906974357229 71.211253238614745
29.521433523962546 4.3829906974357229 72.506272599615642 32.712180182754622
4.3829906974357229 74.059308441246955 35.966583150949418 4.3829906974357229
76.209396161778983 39.355154130493645 4.382990697435722 79.266311285523386
42.241553087069278 4.3829906974357247 82.760442780332156 44.494040517982327
4.382990697435722 85.411633694442358 45.598785896759701 4.3829906974357247
87.130642797317449 46.058021580561245 4.3829906974357229 88.327726961481645
46.262190261218151 4.3829906974357229 89.531259731786875 46.312251247931343
4.3829906974357229 90.425389358800956 46.095030778497232 4.3829906974357229
91.036738229641855 45.572859240663874 4.382990697435722 91.372658447536381
44.975088971032449 4.3829906974357229 91.594063955489446 44.329219390656213
4.3829906974357229 91.746261541003605 43.556525673035068 4.3829906974357238
91.781478471251106 42.625382520495286 4.3829906974357238 91.575563148177253
41.503378083811555 4.382990697435722 90.997068239668977 40.238830167081375
4.3829906974357229 89.784294198760861 38.276882592163048 4.3829906974357238
88.364983784745903 35.600171657867996 4.382990697435722 86.834475733773729
31.98199054862382 4.3829906974357238 85.508174023096075 27.833244709100946
4.3829906974357229 84.68571581675775 23.117097462760061 4.382990697435722
84.666872308908694 19.147161960640016 4.3829906974357238 85.544249097375854
15.691593992588629 4.382990697435722 86.83175801238329 12.922470683676197
4.3829906974357247 87.545740133519246 10.80025764487948 4.3829906974357193
87.555416438962041 9.6736291717786074 4.3829906974357229 87.549649173391344
9.522970252159654 4.3829906974357229 67.597202392237278 22.727778270147553
3.6170093025642771 68.013960291762757 23.259074263904335 3.6170093025642771
68.91066374013235 24.563722199424227 3.6170093025642767 70.020349554541951
26.711494255590612 3.6170093025642762 71.211253238614745 29.521433523962546
3.617009302564278 72.506272599615642 32.712180182754622 3.6170093025642762
74.059308441246955 35.966583150949418 3.617009302564278 76.209396161778983
39.355154130493645 3.6170093025642753 79.266311285523386 42.241553087069278
3.6170093025642793 82.760442780332156 44.494040517982327 3.6170093025642762
85.411633694442358 45.598785896759701 3.6170093025642789 87.130642797317449
46.058021580561245 3.6170093025642762 88.327726961481645 46.262190261218151
3.6170093025642771 89.531259731786875 46.312251247931343 3.6170093025642771
90.425389358800956 46.095030778497232 3.6170093025642776 91.036738229641855
45.572859240663874 3.6170093025642758 91.372658447536381 44.975088971032449
3.617009302564278 91.594063955489446 44.329219390656213 3.6170093025642771
91.746261541003605 43.556525673035068 3.6170093025642776 91.781478471251106
42.625382520495286 3.617009302564278 91.575563148177253 41.503378083811555
3.6170093025642762 90.997068239668977 40.238830167081375 3.6170093025642771
89.784294198760861 38.276882592163048 3.617009302564278 88.364983784745903
35.600171657867996 3.6170093025642767 86.834475733773729 31.98199054862382
3.617009302564278 85.508174023096075 27.833244709100946 3.6170093025642776
84.68571581675775 23.117097462760061 3.6170093025642762 84.666872308908694
19.147161960640016 3.6170093025642776 85.544249097375854 15.691593992588629
3.6170093025642767 86.83175801238329 12.922470683676197 3.617009302564278
87.545740133519246 10.80025764487948 3.6170093025642753 87.555416438962041
9.6736291717786074 3.6170093025642771 87.549649173391344 9.522970252159654
3.6170093025642771 67.597202392237278 22.727778270147553 2.8510279076928318
68.013960291762757 23.259074263904335 2.8510279076928318 68.91066374013235
24.563722199424227 2.8510279076928313 70.020349554541951 26.711494255590612
2.8510279076928313 71.211253238614745 29.521433523962546 2.8510279076928322
72.506272599615642 32.712180182754622 2.8510279076928322 74.059308441246955
35.966583150949418 2.8510279076928322 76.209396161778983 39.355154130493645
2.8510279076928309 79.266311285523386 42.241553087069278 2.8510279076928327
82.760442780332156 44.494040517982327 2.8510279076928304 85.411633694442358
45.598785896759701 2.8510279076928331 87.130642797317449 46.058021580561245
2.8510279076928313 88.327726961481645 46.262190261218151 2.8510279076928322
89.531259731786875 46.312251247931343 2.8510279076928318 90.425389358800956
46.095030778497232 2.8510279076928318 91.036738229641855 45.572859240663874
2.8510279076928313 91.372658447536381 44.975088971032449 2.8510279076928327
91.594063955489446 44.329219390656213 2.8510279076928309 91.746261541003605
43.556525673035068 2.8510279076928327 91.781478471251106 42.625382520495286
2.8510279076928322 91.575563148177253 41.503378083811555 2.8510279076928309
90.997068239668977 40.238830167081375 2.8510279076928322 89.784294198760861
38.276882592163048 2.8510279076928318 88.364983784745903 35.600171657867996
2.8510279076928313 86.834475733773729 31.98199054862382 2.8510279076928327
85.508174023096075 27.833244709100946 2.8510279076928322 84.68571581675775
23.117097462760061 2.8510279076928313 84.666872308908694 19.147161960640016
2.8510279076928327 85.544249097375854 15.691593992588629 2.8510279076928309
86.83175801238329 12.922470683676197 2.8510279076928322 87.545740133519246
10.80025764487948 2.8510279076928313 87.555416438962041 9.6736291717786074
2.8510279076928318 87.549649173391344 9.522970252159654 2.8510279076928318 0 0
0 0 0 0 0 F -0.008491298703760794 F 0.96282675498910331 F -2.1489720923071682 F
0.1489720923071684 } I I I I #
-1692 coedge $-1 $1896 $1916 $1898 $1917 reversed $1481 $-1 #
-1693 coedge $-1 $1918 $1483 $1757 $1919 forward $1284 $-1 #
-1694 coedge $-1 $1483 $1918 $1916 $1920 forward $1284 $-1 #
-1695 edge $1921 $1922 0 $1759 1.3670716485985934 $1483 $1923 forward 7 unknown
#
-1696 coedge $-1 $1484 $1924 $1506 $1716 forward $745 $-1 #
-1697 cone-surface $-1 1.3607458354745252 -13.000000000000011
6.1383171209653042 0 0 1 0 -5.4553268483861315 0 1 I I 0.37139067635410433
0.92847669088525908 1 forward I I I I #
-1698 coedge $-1 $1745 $1487 $1925 $1926 forward $380 $-1 #
-1699 coedge $-1 $1714 $1927 $1487 $1700 forward $1503 $-1 #
-1700 edge $1928 $1929 0 $1703 1.2810716709638756 $1699 $1930 forward 7 unknown
#
-1701 coedge $-1 $1488 $1715 $1714 $1931 forward $1311 $-1 #
-1702 ptlist-eye-attrib $-1 $-1 $-1 $1489 #
-1703 vertex $-1 $1700 $1932 #
-1704 straight-curve $-1 91.537778667575907 1.1836959441471246 5
-2.0989420417696181 -7.0407610901093314 0 F 0 F 1 #
-1705 edge $1933 $1934 0 $1492 1 $1505 $1935 forward 7 unknown #
-1706 point $-1 91.537778667575907 1.1836959441471246 5 #
-1707 ptlist-eye-attrib $-1 $-1 $-1 $1494 #
-1708 vertex $-1 $1507 $1936 #
-1709 straight-curve $-1 91.307274998207959 12.242570466251781
6.000000000582137 0.38637033021480249 0.10352762006332838 -1.000000000582137 F
0 F 1 #
-1710 point $-1 90.220472133971924 16.298573974291628 6 #
-1711 face $-1 $1937 $1938 $3 $-1 $1939 reversed single #
-1712 loop $-1 $-1 $1940 $1502 #
-1713 plane-surface $-1 84.111546365906761 -7.7999999999999998 5.5 0
-0.92847669088525919 0.371390676354104 0 -0.371390676354104
-0.92847669088525919 forward_v F -0.68748857302061872 F 0.68748857302061872 F
-2.6012946418529093 F 2.6012946418528951 #
-1714 coedge $-1 $1941 $1699 $1701 $1931 reversed $1503 $-1 #
-1715 coedge $-1 $1701 $1505 $1924 $1942 reversed $1311 $-1 #
-1716 edge $1943 $1934 0 $1708 0.55152404363018748 $1506 $1944 forward 7
unknown #
-1717 ptlist-eye-attrib $-1 $-1 $-1 $1507 #
-1718 straight-curve $-1 91.30727499820793 12.242570466251781 6.000000000582137
-1.0868028642360059 4.0560035080398471 -5.8213700526721368e-10 F 0 F 1 #
-1719 face $-1 $1945 $1946 $3 $-1 $1947 reversed single #
-1720 loop $-1 $-1 $1948 $1510 #
-1721 cone-surface $-1 38.950000000000003 2.75 0.47065599932939772 0 0 -1 0
-3.0239108575260527 0 1 I I 0.49613893835683243 0.86824314212445997 1 forward I
I I I #
-1722 coedge $-1 $1949 $1950 $1951 $1952 forward $1511 $-1 #
-1723 loop $-1 $-1 $1953 $1129 #
-1724 coedge $-1 $1954 $1955 $1956 $1957 reversed $1513 $-1 #
-1725 coedge $-1 $1958 $1514 $1959 $1960 reversed $1319 $-1 #
-1726 coedge $-1 $1514 $1731 $1871 $1961 forward $1319 $-1 #
-1727 coedge $-1 $1867 $1866 $1514 $1728 forward $1868 $-1 #
-1728 edge $1962 $1963 0 $1964 1.8155061033743376 $1727 $1965 forward 7 unknown
#
-1729 coedge $-1 $1966 $1519 $1515 $1730 forward $1656 $-1 #
-1730 edge $1967 $1522 0 $1737 0.66515012620943359 $1515 $1968 forward 7
unknown #
-1731 coedge $-1 $1726 $1969 $1516 $1732 reversed $1319 $-1 #
-1732 edge $1970 $1876 0 $1738 1.1550959672720238 $1731 $1971 forward 7 unknown
#
-1733 coedge $-1 $1972 $1517 $1969 $1973 reversed $1735 $-1 #
-1734 coedge $-1 $1517 $1972 $1966 $1974 reversed $1735 $-1 #
-1735 loop $-1 $-1 $1517 $1975 #
-1736 ptlist-eye-attrib $-1 $-1 $-1 $1518 #
-1737 vertex $-1 $1974 $1976 #
-1738 vertex $-1 $1973 $1977 #
-1739 straight-curve $-1 25.373403032088042 9.0638891393156555 3
8.1036830579250818e-09 -2.8948150543328666e-09 -2.4000000000000004 F 0 F 1 #
-1740 ptlist-eye-attrib $-1 $-1 $-1 $1520 #
-1741 ellipse-curve $-1 14.5 1 3 0 0 -1 -12.19564030712368 4.501817133031973 0
1 F 0 F 2.0493923816665971 #
-1742 point $-1 24.112503634136846 9.7521296770389476 3 #
-1743 coedge $-1 $1525 $1524 $1978 $1979 reversed $1526 $-1 #
-1744 face $-1 $535 $1526 $3 $-1 $1980 reversed single #
-1745 coedge $-1 $1529 $1698 $1981 $1982 reversed $380 $-1 #
-1746 coedge $-1 $1679 $1978 $1529 $1747 reversed $1051 $-1 #
-1747 edge $1983 $1984 0 $1749 0.91561282678300426 $1529 $1985 forward 7
unknown #
-1748 ptlist-eye-attrib $-1 $-1 $-1 $1530 #
-1749 vertex $-1 $1747 $1986 #
-1750 ellipse-curve $-1 88.989771080665051 4.6266266737041475
4.9999999999999964 0 -1.6142691321473749e-16 -1 -1.9989232716489624
0.065618244873178355 0 1 F 0 F 0.58531556153185094 #
-1751 coedge $-1 $1978 $1756 $1532 $1752 forward $1051 $-1 #
-1752 edge $1987 $1988 0 $1754 0.31591041761523975 $1532 $1989 forward 7
unknown #
-1753 ptlist-eye-attrib $-1 $-1 $-1 $1533 #
-1754 vertex $-1 $1979 $1990 #
-1755 ellipse-curve $-1 88.989771080665051 4.6266266737041475 3 0
1.6142691321473749e-16 1 -1.6299264734003032 1.1590253195288147 0 1 F 0 F
0.58531556153164921 #
-1756 coedge $-1 $1751 $1535 $1991 $1992 reversed $1051 $-1 #
-1757 coedge $-1 $1536 $1673 $1693 $1919 reversed $1674 $-1 #
-1758 ptlist-eye-attrib $-1 $-1 $-1 $1537 #
-1759 vertex $-1 $1695 $1993 #
-1760 straight-curve $-1 68.652113881301077 22.19648054939487 3 0 0 2 F 0 F 1
#
-1761 point $-1 68.652113881301091 22.196480549394874 3 #
-1762 coedge $-1 $1994 $1995 $1543 $1763 reversed $1996 $-1 #
-1763 edge $1997 $1769 0 $1768 3.1415926535897931 $1762 $1998 forward 7 unknown
#
-1764 coedge $-1 $1999 $1544 $1995 $2000 forward $1766 $-1 #
-1765 coedge $-1 $1544 $1999 $1994 $2001 reversed $1766 $-1 #
-1766 loop $-1 $-1 $1764 $2002 #
-1767 ptlist-eye-attrib $-1 $-1 $-1 $1545 #
-1768 vertex $-1 $1763 $2003 #
-1769 vertex $-1 $1763 $2004 #
-1770 ellipse-curve $-1 0 1.6834538236449273e-27 6 0 0 -1 -2.2000000000000006
2.6942229580977235e-16 0 1 F 0 F 3.1415926535897931 #
-1771 coedge $-1 $2005 $1546 $1549 $1778 forward $1773 $-1 #
-1772 coedge $-1 $1546 $2005 $1548 $1777 reversed $1773 $-1 #
-1773 loop $-1 $-1 $1771 $2006 #
-1774 ptlist-eye-attrib $-1 $-1 $-1 $1547 #
-1775 ellipse-curve $-1 14.5 0.99999999999999889 6 0 0 -1 1.5
4.4408920985006262e-16 0 1 F 0 F 3.1415926535897931 #
-1776 coedge $-1 $1549 $1548 $2007 $2008 forward $1550 $-1 #
-1777 edge $2009 $1552 0 $2010 1 $1548 $2011 forward 7 unknown #
-1778 edge $2012 $1553 0 $2013 1 $1549 $2014 forward 7 unknown #
-1779 face $-1 $2015 $1550 $3 $-1 $2016 reversed single #
-1780 point $-1 13 0.99999999999999822 6 #
-1781 point $-1 16 0.99999999999999933 6 #
-1782 coedge $-1 $1556 $1555 $2017 $2018 forward $1557 $-1 #
-1783 face $-1 $1563 $1557 $3 $-1 $2019 reversed single #
-1784 coedge $-1 $2020 $2021 $1560 $1785 reversed $2022 $-1 #
-1785 edge $2023 $1787 0 $1790 3.1415926535897931 $1784 $2024 forward 7 unknown
#
-1786 ptlist-eye-attrib $-1 $-1 $-1 $1561 #
-1787 vertex $-1 $2018 $2025 #
-1788 straight-curve $-1 22.000000006945022 1.190168393216401e-07
5.999999982637477 0.39999999722199675 -4.7606736197238126e-08
-0.99999999305499099 F 0 F 1 #
-1789 ptlist-eye-attrib $-1 $-1 $-1 $1562 #
-1790 vertex $-1 $2018 $2026 #
-1791 straight-curve $-1 25.999999993054974 -1.1901683914309737e-07
5.999999982637477 -0.3999999972219932 4.7606735981832221e-08
-0.99999999305498921 F 0 F 1 #
-1792 face $-1 $1873 $2022 $3 $-1 $2027 reversed single #
-1793 cone-surface $-1 24 4.8985871966540521e-16 6.1383171198212434 0 0 1 0
-2.0553268479284972 0 1 I I 0.37139067635410267 0.92847669088525975 1 forward I
I I I #
-1794 coedge $-1 $1568 $1568 $1566 $1795 forward $1797 $-1 #
-1795 edge $2028 $1571 0 $1574 3.1415926535897931 $1794 $2029 forward 7 unknown
#
-1796 cone-surface $-1 70 0 5 0 0 -1 1.55 0 0 1 I I 0 1 1 forward I I I I #
-1797 loop $-1 $-1 $1568 $1576 #
-1798 ptlist-eye-attrib $-1 $-1 $-1 $1569 #
-1799 ellipse-curve $-1 70 0 3 0 0 1 -1.5499999999999972
-1.8982025386784009e-16 0 1 F 0 F 3.1415926535897931 #
-1800 point $-1 71.549999999999997 1.8982025386784016e-16 3 #
-1801 point $-1 68.450000000000003 0 3 #
-1802 face $-1 $2030 $2031 $3 $-1 $2032 reversed single #
-1803 loop $-1 $1797 $2033 $1576 #
-1804 plane-surface $-1 0 0 3 0 0 -1 1 0 0 forward_v F 54.399999999999999 F
85.599999999999994 F -7.9038461538461444 F 10.096153846153847 #
-1805 face $-1 $2034 $2035 $3 $-1 $2036 reversed single #
-1806 loop $-1 $-1 $2037 $1578 #
-1807 cone-surface $-1 0 0 3 0 0 -1 2.5 0 0 1 I I 0 1 1 forward I I I I #
-1808 loop $-1 $-1 $1814 $1365 #
-1809 coedge $-1 $2038 $2038 $2039 $2040 forward $1579 $-1 #
-1810 coedge $-1 $2041 $2041 $1999 $2042 reversed $1581 $-1 #
-1811 coedge $-1 $1582 $1582 $2043 $2044 forward $1366 $-1 #
-1812 coedge $-1 $2045 $2046 $1582 $1813 reversed $2035 $-1 #
-1813 edge $2047 $2048 0 $2049 3.1415926535897931 $1812 $2050 forward 7 unknown
#
-1814 coedge $-1 $1586 $1586 $1583 $1815 reversed $1808 $-1 #
-1815 edge $2051 $1817 0 $1591 3.1415926535897931 $1814 $2052 forward 7 unknown
#
-1816 ptlist-eye-attrib $-1 $-1 $-1 $1585 #
-1817 vertex $-1 $1585 $2053 #
-1818 straight-curve $-1 37.550000000000004 2.75 6 0 0 -0.80000000000000071 F 0
F 1 #
-1819 ptlist-eye-attrib $-1 $-1 $-1 $1587 #
-1820 ellipse-curve $-1 38.950000000000003 2.75 5.2000000000000002 0 0 -1
1.3999999999999986 -4.4408920985006262e-16 0 1 F 0 F 3.1415926535897931 #
-1821 ptlist-eye-attrib $-1 $-1 $-1 $1588 #
-1822 ellipse-curve $-1 38.950000000000003 2.75 6 0 0 -1 1.3999999999999986
-4.4408920985006262e-16 0 1 F 0 F 3.1415926535897931 #
-1823 point $-1 40.350000000000001 2.7499999999999996 6 #
-1824 point $-1 40.350000000000001 2.7499999999999996 5.2000000000000002 #
-1825 point $-1 37.550000000000004 2.7500000000000004 6 #
-1826 coedge $-1 $2054 $1596 $2055 $2056 forward $745 $-1 #
-1827 coedge $-1 $1683 $1685 $1596 $1828 reversed $1612 $-1 #
-1828 edge $2057 $1830 0 $2058 1.4351319067945933 $1596 $2059 forward 7 unknown
#
-1829 ptlist-eye-attrib $-1 $-1 $-1 $1598 #
-1830 vertex $-1 $1828 $2060 #
-1831 ellipse-curve $-1 38.950000000000053 2.7500000000000364
6.0000000000000071 0 0 1 -10.732503646955333 -9.4500457918515508 0 1 F 0 F
1.5911069472210839 #
-1832 point $-1 28.217496353044695 -6.7000457918515366 6 #
-1833 coedge $-1 $2061 $2062 $1614 $1834 forward $2031 $-1 #
-1834 edge $2063 $1840 0 $1839 3.1415926535897931 $1833 $2064 forward 7 unknown
#
-1835 coedge $-1 $2065 $1615 $2062 $2066 forward $1837 $-1 #
-1836 coedge $-1 $1615 $2067 $2061 $2068 reversed $1837 $-1 #
-1837 loop $-1 $-1 $2067 $2030 #
-1838 ptlist-eye-attrib $-1 $-1 $-1 $1616 #
-1839 vertex $-1 $1834 $2069 #
-1840 vertex $-1 $1834 $2070 #
-1841 ellipse-curve $-1 70 5.25 -4 0 0 -1 -15 -1.7763568394002505e-15 0 1 F 0 F
3.1415926535897931 #
-1842 point $-1 59.14114329039419 -7.8299553118597789 -4 #
-1843 cone-surface $-1 38.950000000000053 2.7500000000000364 4.8616828844824695
0 0 -1 0 -14.755326846207037 0 1 I I 0.37139067635410267 0.92847669088525975 1
forward I I I I #
-1844 coedge $-1 $2071 $1624 $1627 $1851 forward $1846 $-1 #
-1845 coedge $-1 $1624 $1959 $1866 $2072 reversed $1846 $-1 #
-1846 loop $-1 $-1 $1959 $2073 #
-1847 ptlist-eye-attrib $-1 $-1 $-1 $1625 #
-1848 vertex $-1 $1625 $2074 #
-1849 ellipse-curve $-1 14.5 1 -9 0 0 -1 10.698837930963052 -7.3847726388146997
0 1 F 0 F 1.7203432417662545 #
-1850 coedge $-1 $1627 $1626 $2075 $2076 reversed $1628 $-1 #
-1851 edge $2077 $1630 0 $2078 1 $1627 $2079 forward 7 unknown #
-1852 face $-1 $484 $1628 $3 $-1 $2080 reversed single #
-1853 point $-1 5.6036299927692141 -8.4791666666666679 -9 #
-1854 coedge $-1 $1633 $1632 $2081 $2082 reversed $1430 $-1 #
-1855 coedge $-1 $1637 $1890 $1632 $1856 forward $1662 $-1 #
-1856 edge $2083 $2084 0 $1640 0.94076632378588332 $1632 $2085 forward 7
unknown #
-1857 coedge $-1 $2086 $2075 $1633 $1858 forward $1656 $-1 #
-1858 edge $2087 $1860 0 $2088 0.20472130305191988 $1857 $2089 forward 7
unknown #
-1859 ptlist-eye-attrib $-1 $-1 $-1 $1634 #
-1860 vertex $-1 $1634 $2090 #
-1861 straight-curve $-1 2.9106955062771971 -4.9548608172305375 -9 0 0 12 F 0 F
1 #
-1862 cone-surface $-1 0.99094816981377665 -6.2215771091213465 -9 0 0 -1
2.2999999999999998 0 0 1 I I 0 1 1 forward I I I I #
-1863 ptlist-eye-attrib $-1 $-1 $-1 $1638 #
-1864 ellipse-curve $-1 0 0 1.5999999999999979 0 0 -1 0.62917344115160445
-3.9502076883310138 0 1 F 0 F 3.3228249218916086 #
-1865 point $-1 0.62917344115160445 -3.9502076883310138 1.5999999999999996 #
-1866 coedge $-1 $1727 $1643 $1845 $2072 forward $1868 $-1 #
-1867 coedge $-1 $1643 $1727 $1645 $1872 reversed $1868 $-1 #
-1868 loop $-1 $-1 $1867 $2091 #
-1869 ptlist-eye-attrib $-1 $-1 $-1 $1644 #
-1870 ellipse-curve $-1 27.091709257210219 -7.6913093364513507 -9 0 0 -1
-1.8928713262471675 1.3065366976366519 0 1 F 0 F 1.8155061033742899 #
-1871 coedge $-1 $1646 $1645 $1726 $1961 reversed $1647 $-1 #
-1872 edge $2092 $1649 0 $1964 1 $1867 $2093 forward 7 unknown #
-1873 face $-1 $2091 $1647 $3 $-1 $2094 reversed single #
-1874 point $-1 28.817916137489771 -6.1713719013983397 -9 #
-1875 ptlist-eye-attrib $-1 $-1 $-1 $1651 #
-1876 vertex $-1 $1732 $2095 #
-1877 intcurve-curve $-1 forward { exactcur full nubs 3 open 2 0 3
9.6000341721090283 3 27.590425015800907 10.044522340657972 -9
27.590425015800907 10.044522340657972 -5.7999886092969906 27.576286062511947
10.023163603312941 -2.6000113907030098 27.576286062511947 10.023163603312941
0.59999999999999976 0 null_surface null_surface nullbs nullbs I I 0 0 0 I I } I
I #
-1878 coedge $-1 $1895 $1653 $1655 $1883 reversed $1668 $-1 #
-1879 coedge $-1 $1653 $1895 $1661 $1888 reversed $1668 $-1 #
-1880 ptlist-eye-attrib $-1 $-1 $-1 $1654 #
-1881 straight-curve $-1 1.9730407534020546 4.900305351542471
1.6000000000000001 -5.1070259132757201e-15 7.1054273576010019e-15
1.3999999999999999 F 0 F 1 #
-1882 coedge $-1 $1655 $2086 $2096 $2097 forward $1656 $-1 #
-1883 edge $2098 $2099 0 $1658 1.6319647986212122 $1655 $2100 forward 7 unknown
#
-1884 loop $-1 $-1 $2101 $1667 #
-1885 coedge $-1 $2102 $1966 $2103 $2104 reversed $1656 $-1 #
-1886 point $-1 1.9730407534020507 4.9003053515424799 3 #
-1887 coedge $-1 $1890 $1661 $2105 $2106 forward $1662 $-1 #
-1888 edge $2107 $1664 0 $2108 1.6319647986211971 $1879 $2109 forward 7 unknown
#
-1889 loop $-1 $-1 $2110 $1891 #
-1890 coedge $-1 $1855 $1887 $2111 $2112 forward $1662 $-1 #
-1891 face $-1 $2113 $1662 $3 $-1 $2114 forward single #
-1892 point $-1 1.9730407534020546 4.900305351542471 1.6000000000000001 #
-1893 face $-1 $2115 $2116 $3 $-1 $2117 forward single #
-1894 plane-surface $-1 0 0 3 0 0 -1 1 0 0 forward_v F 1.253963973153617 F
26.867014315608319 F -14.52029325749365 F 12.521080549179754 #
-1895 coedge $-1 $1879 $1878 $2118 $2119 reversed $1668 $-1 #
-1896 coedge $-1 $1991 $1692 $1670 $1897 reversed $1481 $-1 #
-1897 edge $2120 $1988 0 $1901 2.9613724133146215 $1896 $2121 forward 7 unknown
#
-1898 coedge $-1 $1915 $1671 $1692 $1917 forward $1690 $-1 #
-1899 coedge $-1 $1671 $1915 $1673 $1903 reversed $1690 $-1 #
-1900 ptlist-eye-attrib $-1 $-1 $-1 $1672 #
-1901 vertex $-1 $1672 $2122 #
-1902 intcurve-curve $-1 forward { exactcur full nubs 3 open 30 0 3
1.3108077016948398 1 3.9371366654871842 1 6.4906428777305081 1
10.432198395584116 1 14.282803386801676 1 17.315459193524909 1
22.495100562838054 1 26.760403839373271 1 29.787146747807331 1
30.96723594606722 1 32.136071428237514 1 33.316889170539902 1
34.237095258911765 1 35.217741946986521 1 35.744881278821119 1
36.362035538343953 1 37.183170320152747 1 37.985553812533155 1
39.169185176376764 1 40.670489313502756 1 42.36821211631981 1 45.94486011510287
1 49.513440483113648 1 54.22998864891175 1 58.99277371719819 1
63.973753180173006 1 65.891166521223283 1 69.346327790707306 1
72.285010437645326 3 68.027629299822479 23.302024160184494 3 68.282142809580634
23.657180259038345 3 69.006478636695235 24.753244552934749 2.9999999999999991
70.005299508657572 26.678169955163032 3 71.193296256987054 29.477231305534922
3.0000000000000004 72.489677276710594 32.672898530981222 3.0000000000000004
74.041512855675336 35.93520815640268 3 76.201766736776179 39.346473668168734 3
79.263147565983246 42.241185622148905 3 82.773426484116683 44.499370958738353
3.0000000000000009 85.394081977804632 45.592527031545295 2.9999999999999991
87.126595181680159 46.058097374332483 3 88.288737781188047 46.252138230992642 3
89.379708972276504 46.322489005985744 3 90.412213993291772 46.114282380238173
3.0000000000000004 91.053249867437444 45.55471273475851 3 91.392605864936954
44.929177786267182 3.0000000000000004 91.598662630373212 44.304676433206346
2.9999999999999996 91.744273918849075 43.569774575284107 3 91.782718712646613
42.630552341981542 3.0000000000000004 91.569580891324108 41.473603384539402
2.9999999999999996 90.942504347820091 40.142623635286611 3 89.751370733541762
38.225210545135354 3 88.373363720949271 35.613075555493218 3 86.82869479421737
31.970487696824122 3.0000000000000009 85.5033860012242 27.81452015828166
2.9999999999999991 84.677330338527923 23.056403699350177 3.0000000000000004
84.675154155867119 19.116803051026181 3 85.526271853201393 15.75471977517785 3
86.6808596479854 13.243069493044743 3.0000000000000009 87.424995688277377
11.207922096294041 3 87.525590519665471 10.233540137278386 3 0 null_surface
null_surface nullbs nullbs I I 0 0 0 I I } I I #
-1903 edge $2123 $1676 0 $2124 1 $1673 $2125 forward 7 unknown #
-1904 point $-1 68.027629299822436 23.302024160184441 3 #
-1905 coedge $-1 $2126 $1911 $1679 $1906 forward $2127 $-1 #
-1906 edge $2128 $1687 0 $1984 1.3152492023573685 $1905 $2129 forward 7 unknown
#
-1907 ptlist-eye-attrib $-1 $-1 $-1 $1680 #
-1908 straight-curve $-1 59.141143254398017 -7.8299552821725538
4.9999999996219966 3.5996315261854761e-08 -2.9687359237584587e-08
-8.9999999996219966 F 0 F 1 #
-1909 ptlist-eye-attrib $-1 $-1 $-1 $1684 #
-1910 straight-curve $-1 48.616065507879739 -7.7883669324603648
5.9999999994933804 0.27037945784882567 -0.29477949168681583
-0.99999999983052046 F 0 F 1 #
-1911 coedge $-1 $1905 $2055 $1685 $1912 forward $2127 $-1 #
-1912 edge $2130 $2058 0 $1687 1 $1911 $2131 forward 7 unknown #
-1913 point $-1 59.141143290394432 -7.8299553118599752 4.9999999999999929 #
-1914 cone-surface $-1 68.596612688178197 22.894276807311133 3 0 0 -1
0.69999999999999996 0 0 1 I I 0 1 1 forward I I I I #
-1915 coedge $-1 $1899 $1898 $1918 $2132 reversed $1690 $-1 #
-1916 coedge $-1 $1692 $1991 $1694 $1920 reversed $1481 $-1 #
-1917 edge $2133 $1901 0 $2134 1 $1898 $2135 forward 7 unknown #
-1918 coedge $-1 $1694 $1693 $1915 $2132 forward $1284 $-1 #
-1919 edge $2136 $1759 0 $2124 2.2719633869636402 $1757 $2137 forward 7 unknown
#
-1920 edge $2138 $2134 0 $1922 2.9613724133151611 $1916 $2139 forward 7 unknown
#
-1921 ptlist-eye-attrib $-1 $-1 $-1 $1695 #
-1922 vertex $-1 $1992 $2140 #
-1923 ellipse-curve $-1 70 5.25 5 0 0 1 16.32332184264996 4.7485960052700733 0
1 F 0 F 1.3670716485985934 #
-1924 coedge $-1 $1696 $2141 $1715 $1942 forward $745 $-1 #
-1925 coedge $-1 $1940 $2142 $1698 $1926 reversed $1712 $-1 #
-1926 edge $2143 $1929 0 $2144 1 $1925 $2145 forward 7 unknown #
-1927 coedge $-1 $1699 $1941 $1940 $2146 forward $1503 $-1 #
-1928 ptlist-eye-attrib $-1 $-1 $-1 $1700 #
-1929 vertex $-1 $1926 $2147 #
-1930 ellipse-curve $-1 86.563868915452503 -4.9999999999999964 5 0 0 1 0
-3.0000000000000027 0 1 F 0 F 1.2810716709638756 #
-1931 edge $2148 $2149 0 $1703 1 $1714 $2150 forward 7 unknown #
-1932 point $-1 89.438836638847931 -5.8570651022148095 5 #
-1933 ptlist-eye-attrib $-1 $-1 $-1 $1705 #
-1934 vertex $-1 $1716 $2151 #
-1935 straight-curve $-1 91.154449638161026 1.2979712928086844
6.0000000003245448 0.38332902941488101 -0.11427534866155953 -1.0000000003245448
F 0 F 1 #
-1936 point $-1 91.307275024851819 12.242570367715238 6 #
-1937 face $-1 $711 $2127 $3 $-1 $2152 forward single #
-1938 loop $-1 $-1 $2153 $1711 #
-1939 cone-surface $-1 81.65922381636102 -10.999999999999936 6.1383171227836426
0 0 1 0 -3.4553268491133982 0 1 I I 0.37139067635410544 0.92847669088525864 1
forward I I I I #
-1940 coedge $-1 $2154 $1925 $1927 $2146 reversed $1712 $-1 #
-1941 coedge $-1 $1927 $1714 $2141 $2155 reversed $1503 $-1 #
-1942 edge $2156 $2149 0 $1934 1 $1715 $2157 forward 7 unknown #
-1943 ptlist-eye-attrib $-1 $-1 $-1 $1716 #
-1944 ellipse-curve $-1 71.892165916440888 7.0403075611546049 6 0 0 1
19.262283746749844 -5.7423361848399468 0 1 F 0 F 0.55152404363018748 #
-1945 face $-1 $2158 $2159 $3 $-1 $2160 reversed single #
-1946 loop $-1 $-1 $2161 $1719 #
-1947 cone-surface $-1 38.950000000000003 2.75 3 0 0 -1 2.5499999999999998 0 0
1 I I 0 1 1 forward I I I I #
-1948 coedge $-1 $2162 $2163 $2164 $2165 forward $1720 $-1 #
-1949 coedge $-1 $2164 $1722 $2166 $2167 forward $1511 $-1 #
-1950 coedge $-1 $1722 $2164 $2168 $2169 reversed $1511 $-1 #
-1951 coedge $-1 $2163 $2162 $1722 $1952 reversed $1720 $-1 #
-1952 edge $2170 $2171 0 $2172 1 $1951 $2173 forward 7 unknown #
-1953 coedge $-1 $2168 $2168 $2163 $2174 forward $1723 $-1 #
-1954 coedge $-1 $2175 $1724 $2176 $2177 reversed $1513 $-1 #
-1955 coedge $-1 $1724 $2178 $2179 $2180 reversed $1513 $-1 #
-1956 coedge $-1 $2181 $2182 $1724 $1957 forward $2183 $-1 #
-1957 edge $2184 $2185 0 $2186 1 $1956 $2187 forward 7 unknown #
-1958 coedge $-1 $2188 $1725 $2189 $2190 forward $1319 $-1 #
-1959 coedge $-1 $1845 $2191 $1725 $1960 forward $1846 $-1 #
-1960 edge $2192 $2193 0 $1963 0.079935254145959658 $1725 $2194 forward 7
unknown #
-1961 edge $2195 $1876 0 $1964 4.9923525574122554 $1871 $2196 forward 7 unknown
#
-1962 ptlist-eye-attrib $-1 $-1 $-1 $1728 #
-1963 vertex $-1 $2072 $2197 #
-1964 vertex $-1 $1961 $2198 #
-1965 ellipse-curve $-1 27.091709257210219 -7.6913093364513507
0.59999999999999964 0 0 -1 -1.8928713262472314 1.3065366976365622 0 1 F 0 F
1.8155061033743376 #
-1966 coedge $-1 $1885 $1729 $1734 $1974 forward $1656 $-1 #
-1967 ptlist-eye-attrib $-1 $-1 $-1 $1730 #
-1968 ellipse-curve $-1 25.739235018375894 11.233259314691146 3 0 0 1
-1.6267313842390436 -1.481129637652197 0 1 F 0 F 0.66515012620943359 #
-1969 coedge $-1 $1731 $2199 $1733 $1973 forward $1319 $-1 #
-1970 ptlist-eye-attrib $-1 $-1 $-1 $1732 #
-1971 ellipse-curve $-1 25.739235018375894 11.233259314691146
0.59999999999999964 0 0 -1 1.8368787952018373 -1.210733782355911 0 1 F 0 F
1.1550959672720238 #
-1972 coedge $-1 $1734 $1733 $2200 $2201 reversed $1735 $-1 #
-1973 edge $2202 $2203 0 $1738 1.7603104224937094 $1969 $2204 forward 7 unknown
#
-1974 edge $2205 $1737 0 $2206 1.7603104436743022 $1734 $2207 forward 7 unknown
#
-1975 face $-1 $2208 $1735 $3 $-1 $2209 reversed single #
-1976 point $-1 25.373403032088042 9.0638891393156555 3 #
-1977 point $-1 25.373403057150863 9.0638891350891839 0.59999999999999964 #
-1978 coedge $-1 $1746 $1751 $1743 $1979 forward $1051 $-1 #
-1979 edge $2210 $1754 0 $1749 1 $1743 $2211 forward 7 unknown #
-1980 cone-surface $-1 88.989771080665051 4.6266266737041422
-28.715825520279697 0 1.6142691321473749e-16 1 -1.6299264734001635
1.1590253195290021 -1.8709787966929162e-16 1 I I 0 1 1 forward I I I I #
-1981 coedge $-1 $2153 $2212 $1745 $1982 forward $1938 $-1 #
-1982 edge $2213 $1984 0 $2144 0.62236848855502835 $1981 $2214 forward 7
unknown #
-1983 ptlist-eye-attrib $-1 $-1 $-1 $1747 #
-1984 vertex $-1 $1906 $2215 #
-1985 ellipse-curve $-1 70 5.25 5 0 0 1 9.9103402439068589 -13.812500000000007
0 1 F 0 F 0.91561282678300426 #
-1986 point $-1 86.990847809016088 4.6922449185773258 4.9999999999999964 #
-1987 ptlist-eye-attrib $-1 $-1 $-1 $1752 #
-1988 vertex $-1 $1752 $2216 #
-1989 ellipse-curve $-1 70 5.25 3 0 0 -1 16.323321842649989 4.7485960052699756
0 1 F 0 F 0.31591041761523975 #
-1990 point $-1 86.990847809016088 4.6922449185773925 3 #
-1991 coedge $-1 $1916 $1896 $1756 $1992 forward $1481 $-1 #
-1992 edge $2217 $1988 0 $1922 1 $1991 $2218 forward 7 unknown #
-1993 point $-1 68.652113881301077 22.196480549394874 5 #
-1994 coedge $-1 $2219 $1762 $1765 $2001 forward $1996 $-1 #
-1995 coedge $-1 $1762 $2219 $1764 $2000 reversed $1996 $-1 #
-1996 loop $-1 $-1 $1994 $2220 #
-1997 ptlist-eye-attrib $-1 $-1 $-1 $1763 #
-1998 ellipse-curve $-1 0 -5.3963016297774839e-28 6 0 0 -1 2.2000000000000006
-5.3884459162398757e-16 0 1 F 0 F 3.1415926535897931 #
-1999 coedge $-1 $1765 $1764 $1810 $2042 forward $1766 $-1 #
-2000 edge $2221 $1768 0 $2222 1 $1764 $2223 forward 7 unknown #
-2001 edge $2224 $1769 0 $2225 1 $1765 $2226 forward 7 unknown #
-2002 face $-1 $1567 $1766 $3 $-1 $2227 reversed single #
-2003 point $-1 -2.2000000000000006 2.6942229581103014e-16 6 #
-2004 point $-1 2.2000000000000006 -5.3884459162452715e-16 6 #
-2005 coedge $-1 $1772 $1771 $2228 $2229 forward $1773 $-1 #
-2006 face $-1 $1779 $1773 $3 $-1 $2230 reversed single #
-2007 coedge $-1 $2231 $2232 $1776 $2008 reversed $2233 $-1 #
-2008 edge $2234 $2010 0 $2013 3.1415926535897931 $2007 $2235 forward 7 unknown
#
-2009 ptlist-eye-attrib $-1 $-1 $-1 $1777 #
-2010 vertex $-1 $2229 $2236 #
-2011 straight-curve $-1 13.00000000151824 1.0000000550431274
5.9999999962044104 0.39999999931679397 -2.4769407636071605e-08
-0.99999999829198405 F 0 F 1 #
-2012 ptlist-eye-attrib $-1 $-1 $-1 $1778 #
-2013 vertex $-1 $2229 $2237 #
-2014 straight-curve $-1 15.999999998481758 0.9999999449568705
5.9999999962044104 -0.3999999993167922 2.476940785811621e-08
-0.99999999829198405 F 0 F 1 #
-2015 face $-1 $1975 $2233 $3 $-1 $2238 reversed single #
-2016 cone-surface $-1 14.5 0.99999999999999889 6.1383171163620407 0 0 1 0
-1.5553268465448167 0 1 I I 0.37139067635410405 0.92847669088525919 1 forward I
I I I #
-2017 coedge $-1 $2239 $2240 $1782 $2018 reversed $2241 $-1 #
-2018 edge $2242 $1790 0 $1787 3.1415926535897931 $1782 $2243 forward 7 unknown
#
-2019 cone-surface $-1 24 2.0295123116234123e-26 6.1383171198212434 0 0 1 0
-2.0553268479284972 0 1 I I 0.37139067635410267 0.92847669088525975 1 forward I
I I I #
-2020 coedge $-1 $2244 $1784 $2240 $2245 reversed $2022 $-1 #
-2021 coedge $-1 $1784 $2244 $2239 $2246 forward $2022 $-1 #
-2022 loop $-1 $-1 $2020 $1792 #
-2023 ptlist-eye-attrib $-1 $-1 $-1 $1785 #
-2024 ellipse-curve $-1 24 0 4.9999999999999982 0 0 -1 -1.6000000000000014
-1.9594348786357638e-16 0 1 F 0 F 3.1415926535897931 #
-2025 point $-1 22.399999999999999 -4.8985871965894099e-16 4.9999999999999973
#
-2026 point $-1 25.600000000000001 2.9391523179536432e-16 4.9999999999999973 #
-2027 cone-surface $-1 24 0 0 0 0 -1 1.6000000000000001 0 0 1 I I 0 1 1 forward
I I I I #
-2028 ptlist-eye-attrib $-1 $-1 $-1 $1795 #
-2029 ellipse-curve $-1 70 0 3 0 0 1 1.5499999999999972 1.8982025386784016e-16
0 1 F 0 F 3.1415926535897931 #
-2030 face $-1 $2247 $1837 $3 $-1 $2248 reversed single #
-2031 loop $-1 $-1 $2062 $1802 #
-2032 cone-surface $-1 70 5.25 -4 0 0 -1 15 0 0 1 I I 0 1 1 forward I I I I #
-2033 coedge $-1 $2249 $2250 $2067 $2251 reversed $1803 $-1 #
-2034 face $-1 $1891 $2252 $3 $-1 $2253 reversed single #
-2035 loop $-1 $-1 $2045 $1805 #
-2036 cone-surface $-1 0 0 3 0 0 -1 2.5 0 0 1 I I 0 1 1 forward I I I I #
-2037 coedge $-1 $2254 $2043 $2046 $2255 reversed $1806 $-1 #
-2038 coedge $-1 $1809 $1809 $2256 $2257 forward $1579 $-1 #
-2039 coedge $-1 $2161 $2258 $1809 $2040 reversed $1946 $-1 #
-2040 edge $2259 $2260 0 $2261 3.1415926535897931 $2039 $2262 forward 7 unknown
#
-2041 coedge $-1 $1810 $1810 $2219 $2263 reversed $1581 $-1 #
-2042 edge $2264 $2222 0 $2225 3.1415926535897931 $1999 $2265 forward 7 unknown
#
-2043 coedge $-1 $2037 $2266 $1811 $2044 reversed $1806 $-1 #
-2044 edge $2267 $2049 0 $2048 3.1415926535897931 $2043 $2268 forward 7 unknown
#
-2045 coedge $-1 $2269 $1812 $2266 $2270 forward $2035 $-1 #
-2046 coedge $-1 $1812 $2269 $2037 $2255 forward $2035 $-1 #
-2047 ptlist-eye-attrib $-1 $-1 $-1 $1813 #
-2048 vertex $-1 $2044 $2271 #
-2049 vertex $-1 $2044 $2272 #
-2050 ellipse-curve $-1 0 0 5.1999999999999993 0 0 -1 2.5
3.3971366688676545e-16 0 1 F 0 F 3.1415926535897931 #
-2051 ptlist-eye-attrib $-1 $-1 $-1 $1815 #
-2052 ellipse-curve $-1 38.950000000000003 2.75 5.2000000000000002 0 0 -1
-1.3999999999999986 0 0 1 F 0 F 3.1415926535897931 #
-2053 point $-1 37.550000000000004 2.7500000000000004 5.2000000000000002 #
-2054 coedge $-1 $2273 $1826 $2274 $2275 forward $745 $-1 #
-2055 coedge $-1 $1911 $2126 $1826 $2056 reversed $2127 $-1 #
-2056 edge $2276 $2058 0 $2277 1.3152492023573383 $2055 $2278 forward 7 unknown
#
-2057 ptlist-eye-attrib $-1 $-1 $-1 $1828 #
-2058 vertex $-1 $1828 $2279 #
-2059 ellipse-curve $-1 54.15884432951664 -13.831346572595709 6 0 0 -1
-5.5427788223127408 6.0429796397903948 0 1 F 0 F 1.4351319067945933 #
-2060 point $-1 48.616065507203885 -7.788366932805304 6.0000000000000071 #
-2061 coedge $-1 $2280 $1833 $1836 $2068 forward $2031 $-1 #
-2062 coedge $-1 $1833 $2280 $1835 $2066 reversed $2031 $-1 #
-2063 ptlist-eye-attrib $-1 $-1 $-1 $1834 #
-2064 ellipse-curve $-1 70 5.25 -4 0 0 -1 15 1.7763568394002505e-15 0 1 F 0 F
3.1415926535897931 #
-2065 coedge $-1 $2281 $1835 $2282 $2283 reversed $1837 $-1 #
-2066 edge $2284 $1840 0 $2285 1 $1835 $2286 forward 7 unknown #
-2067 coedge $-1 $1836 $2287 $2033 $2251 forward $1837 $-1 #
-2068 edge $2288 $1839 0 $2289 1 $1836 $2290 forward 7 unknown #
-2069 point $-1 55 5.2499999999999964 -4 #
-2070 point $-1 85 5.2500000000000018 -4 #
-2071 coedge $-1 $2191 $1844 $2291 $2292 reversed $1846 $-1 #
-2072 edge $2293 $1848 0 $1963 1 $1866 $2294 forward 7 unknown #
-2073 face $-1 $1852 $1846 $3 $-1 $2295 reversed single #
-2074 point $-1 25.198837930963052 -6.3847726388146988 -9 #
-2075 coedge $-1 $1857 $2291 $1850 $2076 forward $1656 $-1 #
-2076 edge $2296 $2078 0 $1860 4.4409931817574533 $1850 $2297 forward 7 unknown
#
-2077 ptlist-eye-attrib $-1 $-1 $-1 $1851 #
-2078 vertex $-1 $2076 $2298 #
-2079 straight-curve $-1 5.6036299927692124 -8.4791666666666679 -9 0 0 12 F 0 F
1 #
-2080 spline-surface $-1 forward { exactsur full nubs 3 3 open open none none 3
2 -0.020364806076516039 3 0.49863220817206733 1 1.0176292224206507 3 -12.24 3
0.24000000000000021 3 5.6637809084066362 -8.5349172866480227 3.2400000000000002
5.1509657332986576 -8.0656124680775001 3.2400000000000002 4.2201420830410754
-6.9062923565219609 3.2400000000000002 3.3077226367629686 -5.5578114802582315
3.2400000000000002 2.8655919868712196 -4.8864375468994679 3.2400000000000002
5.6637809084066362 -8.5349172866480227 -0.91999999999999993 5.1509657332986576
-8.0656124680775001 -0.91999999999999993 4.2201420830410754 -6.9062923565219609
-0.91999999999999993 3.3077226367629686 -5.5578114802582315
-0.91999999999999993 2.8655919868712196 -4.8864375468994679
-0.91999999999999993 5.6637809084066362 -8.5349172866480227 -5.0800000000000001
5.1509657332986576 -8.0656124680775001 -5.0800000000000001 4.2201420830410754
-6.9062923565219609 -5.0800000000000001 3.3077226367629686 -5.5578114802582315
-5.0800000000000001 2.8655919868712196 -4.8864375468994679 -5.0800000000000001
5.6637809084066362 -8.5349172866480227 -9.2400000000000002 5.1509657332986576
-8.0656124680775001 -9.2400000000000002 4.2201420830410754 -6.9062923565219609
-9.2399999999999984 3.3077226367629686 -5.5578114802582315 -9.2400000000000002
2.8655919868712196 -4.8864375468994679 -9.2400000000000002 0 0 0 0 0 0 0 F
-0.020364806076516039 F 1.0176292224206507 F -12.24 F 0.23999999999999999 } I I
I I #
-2081 coedge $-1 $2111 $2299 $1854 $2082 forward $2300 $-1 #
-2082 edge $2301 $2088 0 $2084 1 $1854 $2302 forward 7 unknown #
-2083 ptlist-eye-attrib $-1 $-1 $-1 $1856 #
-2084 vertex $-1 $1856 $2303 #
-2085 ellipse-curve $-1 0.99094816981377665 -6.2215771091213465
1.5999999999999996 0 0 1 1.622142368274428 1.6305379900661716 0 1 F 0 F
0.94076632378588332 #
-2086 coedge $-1 $1882 $1857 $2299 $2304 forward $1656 $-1 #
-2087 ptlist-eye-attrib $-1 $-1 $-1 $1858 #
-2088 vertex $-1 $2082 $2305 #
-2089 ellipse-curve $-1 0.99094816981377665 -6.2215771091213465 3 0 0 1
1.9197473364634194 1.2667162918908099 0 1 F 0 F 0.20472130305191988 #
-2090 point $-1 2.9106955062771975 -4.9548608172305375 3 #
-2091 face $-1 $2220 $1868 $3 $-1 $2306 forward single #
-2092 ptlist-eye-attrib $-1 $-1 $-1 $1872 #
-2093 straight-curve $-1 28.81791613748976 -6.1713719013983175 -9
3.5527136788005009e-15 -6.2172489379008766e-15 9.5999999999999996 F 0 F 1 #
-2094 cone-surface $-1 38.950000000000003 2.75 -9 0 0 -1 13.5 0 0 1 I I 0 1 1
forward I I I I #
-2095 point $-1 27.576113813577731 10.022525532335235 0.59999999999999964 #
-2096 coedge $-1 $2307 $2118 $1882 $2097 reversed $2308 $-1 #
-2097 edge $2309 $2310 0 $2099 1.8226373229225799 $1882 $2311 forward 7 unknown
#
-2098 ptlist-eye-attrib $-1 $-1 $-1 $1883 #
-2099 vertex $-1 $2097 $2312 #
-2100 ellipse-curve $-1 2.8465226645238175 4.2317028156939642 3 0 0 -1
-0.61395586881885755 -0.91272021514968182 0 1 F 0 F 1.6319647986212122 #
-2101 coedge $-1 $2313 $2313 $2314 $2315 reversed $1884 $-1 #
-2102 coedge $-1 $2316 $1885 $2317 $2318 forward $1656 $-1 #
-2103 coedge $-1 $2200 $2319 $1885 $2104 forward $2320 $-1 #
-2104 edge $2321 $2322 0 $2206 0.099653573702626119 $2103 $2323 forward 7
unknown #
-2105 coedge $-1 $2118 $2307 $1887 $2106 reversed $2308 $-1 #
-2106 edge $2324 $2108 0 $2325 1.8226373229225799 $2105 $2326 forward 7 unknown
#
-2107 ptlist-eye-attrib $-1 $-1 $-1 $1888 #
-2108 vertex $-1 $2106 $2327 #
-2109 ellipse-curve $-1 2.8465226645238175 4.2317028156939642
1.6000000000000014 0 0 1 -0.87348191112177354 0.66860253584850771 0 1 F 0 F
1.6319647986211971 #
-2110 coedge $-1 $2328 $2328 $2329 $2330 forward $1889 $-1 #
-2111 coedge $-1 $2331 $2081 $1890 $2112 reversed $2300 $-1 #
-2112 edge $2332 $2325 0 $2084 1.6319647986211967 $2111 $2333 forward 7 unknown
#
-2113 face $-1 $2334 $2335 $3 $-1 $2336 reversed single #
-2114 plane-surface $-1 0 0 1.6000000000000001 0 0 -1 1 0 0 forward_v F
-4.1625722343763742 F 4.1625800317971757 F -5.0901322409544072 F
4.7808660084671164 #
-2115 face $-1 $2337 $2338 $3 $-1 $2339 forward single #
-2116 loop $-1 $-1 $2340 $1893 #
-2117 cone-surface $-1 14.5 0.999999999999999 3 0 0 -1 3 0 0 1 I I 0 1 1
forward I I I I #
-2118 coedge $-1 $2096 $2105 $1895 $2119 forward $2308 $-1 #
-2119 edge $2341 $2108 0 $2099 1 $1895 $2342 forward 7 unknown #
-2120 ptlist-eye-attrib $-1 $-1 $-1 $1897 #
-2121 ellipse-curve $-1 86.913842015192898 10.170383448990043
3.0000000000000036 0 0 1 -0.59052017254292366 -0.17178744372006882 0 1 F 0 F
2.9613724133146215 #
-2122 point $-1 87.525590519665471 10.233540137278386 3 #
-2123 ptlist-eye-attrib $-1 $-1 $-1 $1903 #
-2124 vertex $-1 $2132 $2343 #
-2125 straight-curve $-1 68.027629299822479 23.302024160184494 3
1.4210854715202004e-14 1.0658141036401503e-14 2 F 0 F 1 #
-2126 coedge $-1 $2055 $1905 $2212 $2344 reversed $2127 $-1 #
-2127 loop $-1 $-1 $2126 $1937 #
-2128 ptlist-eye-attrib $-1 $-1 $-1 $1906 #
-2129 ellipse-curve $-1 70 5.25 4.9999999999998135 0 0 1 -10.858856709605583
-13.079955311859971 0 1 F 0 F 1.3152492023573685 #
-2130 ptlist-eye-attrib $-1 $-1 $-1 $1912 #
-2131 straight-curve $-1 59.396645757972188 -7.5221916218780622
5.9999999994048823 -0.2555025035741707 -0.30776366029449154
-0.99999999978288656 F 0 F 1 #
-2132 edge $2345 $2124 0 $2134 72.285010437645198 $1915 $2346 forward 7 unknown
#
-2133 ptlist-eye-attrib $-1 $-1 $-1 $1917 #
-2134 vertex $-1 $1920 $2347 #
-2135 straight-curve $-1 87.525590519665471 10.233540137278386 3
1.4210854715202004e-14 1.4210854715202004e-13 1.9999999999999982 F 0 F 1 #
-2136 ptlist-eye-attrib $-1 $-1 $-1 $1919 #
-2137 ellipse-curve $-1 68.596612688178197 22.894276807311133 5 0 0 -1
0.055501193122879044 -0.69779625791625932 0 1 F 0 F 2.2719633869636402 #
-2138 ptlist-eye-attrib $-1 $-1 $-1 $1920 #
-2139 ellipse-curve $-1 86.913842015192898 10.170383448990043
4.9999999999999893 0 0 -1 0.61174850447255835 0.063156688288572127 0 1 F 0 F
2.9613724133151611 #
-2140 point $-1 86.32332184264996 9.9985960052700698 4.9999999999999893 #
-2141 coedge $-1 $1924 $2273 $1941 $2155 forward $745 $-1 #
-2142 coedge $-1 $1925 $2154 $2153 $2348 forward $1712 $-1 #
-2143 ptlist-eye-attrib $-1 $-1 $-1 $1926 #
-2144 vertex $-1 $1982 $2349 #
-2145 straight-curve $-1 86.56386879728673 -7.9999999999999929 5
-4.9046449125125378 -7.1054273576010019e-15 0 F 0 F 1 #
-2146 edge $2350 $2351 0 $1929 1 $1940 $2352 forward 7 unknown #
-2147 point $-1 86.56386879728673 -7.9999999999999929 5 #
-2148 ptlist-eye-attrib $-1 $-1 $-1 $1931 #
-2149 vertex $-1 $1942 $2353 #
-2150 straight-curve $-1 89.05550759454259 -5.7427897922083933
6.0000000083909466 0.38332903126369899 -0.11427535375381304 -1.0000000083909466
F 0 F 1 #
-2151 point $-1 91.154449638161026 1.2979712928086844 6.0000000003245448 #
-2152 cone-surface $-1 70.000000000000171 5.2500000000003944 4.8616828844480224
0 0 -1 0 -17.055326846221096 0 1 I I 0.3713906763541015 0.92847669088526019 1
forward I I I I #
-2153 coedge $-1 $2274 $1981 $2142 $2348 reversed $1938 $-1 #
-2154 coedge $-1 $2142 $1940 $2273 $2354 reversed $1712 $-1 #
-2155 edge $2355 $2351 0 $2149 1.2810716709638401 $1941 $2356 forward 7 unknown
#
-2156 ptlist-eye-attrib $-1 $-1 $-1 $1942 #
-2157 straight-curve $-1 89.05550759454259 -5.7427897922083933
6.0000000083909466 2.0989420436184361 7.0407610850170776
-8.0664017687581691e-09 F 0 F 1 #
-2158 face $-1 $2357 $2358 $3 $-1 $2359 reversed single #
-2159 loop $-1 $-1 $2360 $1945 #
-2160 cone-surface $-1 38.950000000000003 2.75 3 0 0 -1 2.5499999999999998 0 0
1 I I 0 1 1 forward I I I I #
-2161 coedge $-1 $2361 $2039 $2362 $2363 forward $1946 $-1 #
-2162 coedge $-1 $1951 $1948 $2361 $2364 forward $1720 $-1 #
-2163 coedge $-1 $1948 $1951 $1953 $2174 reversed $1720 $-1 #
-2164 coedge $-1 $1950 $1949 $1948 $2165 reversed $1511 $-1 #
-2165 edge $2365 $2366 0 $2367 1 $1948 $2368 forward 7 unknown #
-2166 coedge $-1 $2362 $2360 $1949 $2167 reversed $2159 $-1 #
-2167 edge $2369 $2172 0 $2367 3.1415926535897931 $2166 $2370 forward 7 unknown
#
-2168 coedge $-1 $1953 $1953 $1950 $2169 forward $1723 $-1 #
-2169 edge $2371 $2171 0 $2366 3.1415926535897931 $1950 $2372 forward 7 unknown
#
-2170 ptlist-eye-attrib $-1 $-1 $-1 $1952 #
-2171 vertex $-1 $2169 $2373 #
-2172 vertex $-1 $2167 $2374 #
-2173 straight-curve $-1 41.89999998784824 2.7500001398122098
0.60000002126556329 -0.39999999572628298 -4.9171243521328734e-08
0.69999999252100886 F 0 F 1 #
-2174 edge $2375 $2366 0 $2171 3.1415926535897931 $2163 $2376 forward 7 unknown
#
-2175 coedge $-1 $2377 $1954 $2378 $2379 reversed $1513 $-1 #
-2176 coedge $-1 $2380 $2381 $1954 $2177 forward $2382 $-1 #
-2177 edge $2383 $2384 0 $2185 1 $2176 $2385 forward 7 unknown #
-2178 coedge $-1 $1955 $2377 $2386 $2387 reversed $1513 $-1 #
-2179 coedge $-1 $2388 $2389 $1955 $2180 forward $2358 $-1 #
-2180 edge $2390 $2186 0 $2391 1 $2179 $2392 forward 7 unknown #
-2181 coedge $-1 $2393 $1956 $2389 $2394 forward $2183 $-1 #
-2182 coedge $-1 $1956 $2393 $2380 $2395 reversed $2183 $-1 #
-2183 loop $-1 $-1 $2181 $2357 #
-2184 ptlist-eye-attrib $-1 $-1 $-1 $1957 #
-2185 vertex $-1 $2177 $2396 #
-2186 vertex $-1 $2180 $2397 #
-2187 straight-curve $-1 26.814582562299424 -1.6250000000000002
0.60000000000000009 -2.8145825622994245 -1.6249999999999998 0 F 0 F 1 #
-2188 coedge $-1 $2398 $1958 $2399 $2400 forward $1319 $-1 #
-2189 coedge $-1 $2401 $2402 $1958 $2190 reversed $2403 $-1 #
-2190 edge $2404 $2193 0 $2405 0.68408123179532965 $1958 $2406 forward 7
unknown #
-2191 coedge $-1 $1959 $2071 $2401 $2407 reversed $1846 $-1 #
-2192 ptlist-eye-attrib $-1 $-1 $-1 $1960 #
-2193 vertex $-1 $2407 $2408 #
-2194 ellipse-curve $-1 14.5 1 0.59999999999999964 0 0 1 10.075000000000003
-8.2154960288469479 0 1 F 0 F 0.079935254145959658 #
-2195 ptlist-eye-attrib $-1 $-1 $-1 $1961 #
-2196 ellipse-curve $-1 38.950000000000003 2.75 0.59999999999999609 0 0 -1
-11.373726713932044 7.2724370493520674 0 1 F 0 F 4.9923525574122554 #
-2197 point $-1 25.198837930962988 -6.3847726388147885 0.59999999999999964 #
-2198 point $-1 28.817916137489775 -6.1713719013983388 0.59999999999999964 #
-2199 coedge $-1 $1969 $2409 $2410 $2411 forward $1319 $-1 #
-2200 coedge $-1 $2410 $2103 $1972 $2201 forward $2320 $-1 #
-2201 edge $2412 $2206 0 $2203 1 $2200 $2413 forward 7 unknown #
-2202 ptlist-eye-attrib $-1 $-1 $-1 $1973 #
-2203 vertex $-1 $2201 $2414 #
-2204 ellipse-curve $-1 25.173858312294669 7.8805963163835706
0.60000000000000009 0 0 1 1.1245164290383016 -0.41888280082016394 0 1 F 0 F
1.7603104224937094 #
-2205 ptlist-eye-attrib $-1 $-1 $-1 $1974 #
-2206 vertex $-1 $1974 $2415 #
-2207 ellipse-curve $-1 25.173858312294669 7.8805963163835706 3 0 0 -1
0.19954471979337285 1.1832928229320849 0 1 F 0 F 1.7603104436743022 #
-2208 face $-1 $2416 $2320 $3 $-1 $2417 forward single #
-2209 cone-surface $-1 25.173858312294669 7.8805963163835706
0.60000000000000009 0 0 -1 1.2 0 0 1 I I 0 1 1 forward I I I I #
-2210 ptlist-eye-attrib $-1 $-1 $-1 $1979 #
-2211 straight-curve $-1 86.990847809016103 4.6922449185773916
2.9999999999999991 0 -3.1086244689504383e-14 2.0000000000000018 F 0 F 1 #
-2212 coedge $-1 $1981 $2274 $2126 $2344 forward $1938 $-1 #
-2213 ptlist-eye-attrib $-1 $-1 $-1 $1982 #
-2214 ellipse-curve $-1 81.65922381636102 -10.999999999999936 5 0 0 -1
-1.7488835724541616 2.4374999999999201 0 1 F 0 F 0.62236848855502835 #
-2215 point $-1 79.910340243906859 -8.562500000000016 5 #
-2216 point $-1 86.323321842649989 9.9985960052699898 3 #
-2217 ptlist-eye-attrib $-1 $-1 $-1 $1992 #
-2218 straight-curve $-1 86.323321842649989 9.9985960052699898 3
-2.8421709430404007e-14 7.638334409421077e-14 1.9999999999999982 F 0 F 1 #
-2219 coedge $-1 $1995 $1994 $2041 $2263 forward $1996 $-1 #
-2220 face $-1 $2002 $1996 $3 $-1 $2418 reversed single #
-2221 ptlist-eye-attrib $-1 $-1 $-1 $2000 #
-2222 vertex $-1 $2263 $2419 #
-2223 straight-curve $-1 -2.1999999851367193 -1.3664110452897053e-07
5.9999999851367329 0.79999999459517035 4.9687674270550287e-08
-0.79999999459517568 F 0 F 1 #
-2224 ptlist-eye-attrib $-1 $-1 $-1 $2001 #
-2225 vertex $-1 $2263 $2420 #
-2226 straight-curve $-1 2.1999999851367198 1.3664110460199581e-07
5.9999999851367338 -0.79999999459517102 -4.9687674504346548e-08
-0.79999999459517657 F 0 F 1 #
-2227 cone-surface $-1 0 1.6834538236449273e-27 6.1053391808860322 0 0 1 0
-2.3053391808860324 0 1 I I 0.70710678118654768 0.70710678118654735 1 forward I
I I I #
-2228 coedge $-1 $2421 $2422 $2005 $2229 reversed $2423 $-1 #
-2229 edge $2424 $2013 0 $2010 3.1415926535897931 $2005 $2425 forward 7 unknown
#
-2230 cone-surface $-1 14.5 0.99999999999999889 6.1383171163620407 0 0 1 0
-1.5553268465448167 0 1 I I 0.37139067635410405 0.92847669088525919 1 forward I
I I I #
-2231 coedge $-1 $2426 $2007 $2422 $2427 reversed $2233 $-1 #
-2232 coedge $-1 $2007 $2426 $2421 $2428 reversed $2233 $-1 #
-2233 loop $-1 $-1 $2231 $2015 #
-2234 ptlist-eye-attrib $-1 $-1 $-1 $2008 #
-2235 ellipse-curve $-1 14.5 0.999999999999999 5.0000000000000018 0 0 -1
-1.0999999999999996 -1.1102230246251565e-16 0 1 F 0 F 3.1415926535897931 #
-2236 point $-1 13.4 0.99999999999999878 5.0000000000000018 #
-2237 point $-1 15.6 0.99999999999999911 5.0000000000000018 #
-2238 cone-surface $-1 14.5 0.999999999999999 3 0 0 -1 1.1000000000000001 0 0 1
I I 0 1 1 forward I I I I #
-2239 coedge $-1 $2429 $2017 $2021 $2246 reversed $2241 $-1 #
-2240 coedge $-1 $2017 $2429 $2020 $2245 forward $2241 $-1 #
-2241 loop $-1 $-1 $2239 $2430 #
-2242 ptlist-eye-attrib $-1 $-1 $-1 $2018 #
-2243 ellipse-curve $-1 24 0 4.9999999999999973 0 0 -1 1.6000000000000014
2.9391523179536432e-16 0 1 F 0 F 3.1415926535897931 #
-2244 coedge $-1 $2021 $2020 $2431 $2432 forward $2022 $-1 #
-2245 edge $2433 $2434 0 $1787 1 $2020 $2435 forward 7 unknown #
-2246 edge $2436 $2437 0 $1790 1 $2021 $2438 forward 7 unknown #
-2247 face $-1 $2439 $2440 $3 $-1 $2441 reversed single #
-2248 cone-surface $-1 70 5.25 -4 0 0 -1 15 0 0 1 I I 0 1 1 forward I I I I #
-2249 coedge $-1 $2442 $2033 $2443 $2444 forward $1803 $-1 #
-2250 coedge $-1 $2033 $2282 $2280 $2445 forward $1803 $-1 #
-2251 edge $2446 $2447 0 $2289 0.15445959848418384 $2067 $2448 forward 7
unknown #
-2252 loop $-1 $-1 $2449 $2034 #
-2253 cone-surface $-1 0 -8.3232221071803192e-28 1.4722574815612504 0 0 -1 0
-3.0266455110632497 0 1 I I 0.51449575542752668 0.8574929257125441 1 forward I
I I I #
-2254 coedge $-1 $2266 $2037 $2450 $2451 reversed $1806 $-1 #
-2255 edge $2452 $2453 0 $2049 1 $2046 $2454 forward 7 unknown #
-2256 coedge $-1 $2360 $2362 $2038 $2257 reversed $2159 $-1 #
-2257 edge $2455 $2261 0 $2260 3.1415926535897931 $2256 $2456 forward 7 unknown
#
-2258 coedge $-1 $2039 $2361 $2360 $2457 forward $1946 $-1 #
-2259 ptlist-eye-attrib $-1 $-1 $-1 $2040 #
-2260 vertex $-1 $2257 $2458 #
-2261 vertex $-1 $2257 $2459 #
-2262 ellipse-curve $-1 38.950000000000003 2.75 5.1999999999999993 0 0 -1
2.5499999999999972 0 0 1 F 0 F 3.1415926535897931 #
-2263 edge $2460 $2225 0 $2222 3.1415926535897931 $2219 $2461 forward 7 unknown
#
-2264 ptlist-eye-attrib $-1 $-1 $-1 $2042 #
-2265 ellipse-curve $-1 0 1.6834538236449273e-27 5.2000000000000011 0 0 -1
-1.400000000000001 1.7145055187894611e-16 0 1 F 0 F 3.1415926535897931 #
-2266 coedge $-1 $2043 $2254 $2045 $2270 reversed $1806 $-1 #
-2267 ptlist-eye-attrib $-1 $-1 $-1 $2044 #
-2268 ellipse-curve $-1 0 0 5.1999999999999993 0 0 -1 -2.5
-3.0616169978683831e-16 0 1 F 0 F 3.1415926535897931 #
-2269 coedge $-1 $2046 $2045 $2462 $2463 reversed $2035 $-1 #
-2270 edge $2464 $2048 0 $2465 1 $2045 $2466 forward 7 unknown #
-2271 point $-1 2.5 6.1232339957367663e-16 5.1999999999999993 #
-2272 point $-1 -2.5 -3.0616169978683831e-16 5.1999999999999993 #
-2273 coedge $-1 $2141 $2054 $2154 $2354 forward $745 $-1 #
-2274 coedge $-1 $2212 $2153 $2054 $2275 reversed $1938 $-1 #
-2275 edge $2467 $2277 0 $2468 0.62236848855503113 $2274 $2469 forward 7
unknown #
-2276 ptlist-eye-attrib $-1 $-1 $-1 $2056 #
-2277 vertex $-1 $2275 $2470 #
-2278 ellipse-curve $-1 70.000000000000171 5.2500000000003944
5.9999999999999929 0 0 1 -10.603354198791436 -12.772191657463583 0 1 F 0 F
1.3152492023573383 #
-2279 point $-1 59.396645801208699 -7.5221916574632299 6 #
-2280 coedge $-1 $2062 $2061 $2250 $2445 reversed $2031 $-1 #
-2281 coedge $-1 $2471 $2065 $2472 $2473 reversed $1837 $-1 #
-2282 coedge $-1 $2250 $2474 $2065 $2283 forward $1803 $-1 #
-2283 edge $2475 $2476 0 $2285 0.15445959848418286 $2065 $2477 forward 7
unknown #
-2284 ptlist-eye-attrib $-1 $-1 $-1 $2066 #
-2285 vertex $-1 $2445 $2478 #
-2286 straight-curve $-1 85 5.2500000000000009 -4 0 2.6645352591003757e-15 7 F
0 F 1 #
-2287 coedge $-1 $2067 $2471 $2479 $2480 reversed $1837 $-1 #
-2288 ptlist-eye-attrib $-1 $-1 $-1 $2068 #
-2289 vertex $-1 $2445 $2481 #
-2290 straight-curve $-1 55 5.2499999999999982 -4 0 0 7 F 0 F 1 #
-2291 coedge $-1 $2075 $2482 $2071 $2292 forward $1656 $-1 #
-2292 edge $2483 $2484 0 $2078 1.6404079876202866 $2071 $2485 forward 7 unknown
#
-2293 ptlist-eye-attrib $-1 $-1 $-1 $2072 #
-2294 straight-curve $-1 25.198837930962998 -6.3847726388147859 -9
-2.4868995751603507e-14 -2.7533531010703882e-14 9.5999999999999996 F 0 F 1 #
-2295 cone-surface $-1 14.5 1 -9 0 0 -1 13 0 0 1 I I 0 1 1 forward I I I I #
-2296 ptlist-eye-attrib $-1 $-1 $-1 $2076 #
-2297 intcurve-curve $-1 forward { exactcur full nubs 3 open 3 0 3
2.1509752879194681 1 4.4409931817574533 3 5.6036299927692141
-8.4791666666666679 3 5.0808234991776766 -7.9885032810835561 3
4.1608436407396727 -6.8148037030989563 2.9999999999999991 3.3311017345157556
-5.5919993320347476 3 2.9106955062771975 -4.9548608172305375 3 0 null_surface
null_surface nullbs nullbs I I 0 0 0 I I } I I #
-2298 point $-1 5.6036299927692141 -8.4791666666666679 3 #
-2299 coedge $-1 $2081 $2331 $2086 $2304 reversed $2300 $-1 #
-2300 loop $-1 $-1 $2111 $2486 #
-2301 ptlist-eye-attrib $-1 $-1 $-1 $2082 #
-2302 straight-curve $-1 2.6130905380882155 -4.5910391190551856 3 0
7.1054273576010019e-15 -1.4000000000000028 F 0 F 1 #
-2303 point $-1 2.6130905380882155 -4.5910391190551785 1.5999999999999972 #
-2304 edge $2487 $2088 0 $2310 1.631964798621204 $2086 $2488 forward 7 unknown
#
-2305 point $-1 2.6130905380882155 -4.5910391190551856 3 #
-2306 cone-surface $-1 27.091709257210219 -7.6913093364513507 -9 0 0 -1
2.2999999999999998 0 0 1 I I 0 1 1 forward I I I I #
-2307 coedge $-1 $2105 $2096 $2331 $2489 forward $2308 $-1 #
-2308 loop $-1 $-1 $2105 $2334 #
-2309 ptlist-eye-attrib $-1 $-1 $-1 $2097 #
-2310 vertex $-1 $2489 $2490 #
-2311 ellipse-curve $-1 0 0 3 0 0 1 2.6579590256452788 -2.9891894918172723 0 1
F 0 F 1.8226373229225799 #
-2312 point $-1 2.23256679570496 3.3189826005442824 3 #
-2313 coedge $-1 $2101 $2101 $2491 $2492 reversed $1884 $-1 #
-2314 coedge $-1 $2493 $2494 $2101 $2315 forward $2338 $-1 #
-2315 edge $2495 $2496 0 $2497 3.1415926535897931 $2314 $2498 forward 7 unknown
#
-2316 coedge $-1 $2499 $2102 $2500 $2501 reversed $1656 $-1 #
-2317 coedge $-1 $2502 $2503 $2102 $2318 reversed $2504 $-1 #
-2318 edge $2505 $2322 0 $2506 1.4566850246427778 $2317 $2507 forward 7 unknown
#
-2319 coedge $-1 $2103 $2410 $2502 $2508 reversed $2320 $-1 #
-2320 loop $-1 $-1 $2410 $2208 #
-2321 ptlist-eye-attrib $-1 $-1 $-1 $2104 #
-2322 vertex $-1 $2318 $2509 #
-2323 ellipse-curve $-1 38.949184568013763 2.7492820063362804 3 0 0 -1
-13.056878999243377 3.4304388639235674 0 1 F 0 F 0.099653573702626119 #
-2324 ptlist-eye-attrib $-1 $-1 $-1 $2106 #
-2325 vertex $-1 $2106 $2510 #
-2326 ellipse-curve $-1 0 0 1.5999999999999999 0 0 -1 2.2325667957049551
3.3189826005442864 0 1 F 0 F 1.8226373229225799 #
-2327 point $-1 2.2325667957049546 3.3189826005442855 1.6000000000000005 #
-2328 coedge $-1 $2110 $2110 $2511 $2512 forward $1889 $-1 #
-2329 coedge $-1 $2449 $2513 $2110 $2330 reversed $2252 $-1 #
-2330 edge $2514 $2515 0 $2516 3.1415926535897931 $2110 $2517 forward 7 unknown
#
-2331 coedge $-1 $2299 $2111 $2307 $2489 reversed $2300 $-1 #
-2332 ptlist-eye-attrib $-1 $-1 $-1 $2112 #
-2333 ellipse-curve $-1 3.3888977576977304 -3.811216602067022
1.6000000000000014 0 0 1 -0.73093873205244675 0.8220271102497545 0 1 F 0 F
1.6319647986211967 #
-2334 face $-1 $2486 $2308 $3 $-1 $2518 forward single #
-2335 loop $-1 $-1 $2519 $2113 #
-2336 cone-surface $-1 -8.8817841970012523e-16 -2.4213592447693194e-27
1.4722574815612504 0 0 -1 0 -3.026645511063252 0 1 I I 0.51449575542752668
0.8574929257125441 1 forward I I I I #
-2337 face $-1 $2520 $2521 $3 $-1 $2522 forward single #
-2338 loop $-1 $-1 $2493 $2115 #
-2339 cone-surface $-1 14.5 0.999999999999999 3 0 0 -1 3 0 0 1 I I 0 1 1
forward I I I I #
-2340 coedge $-1 $2523 $2491 $2494 $2524 forward $2116 $-1 #
-2341 ptlist-eye-attrib $-1 $-1 $-1 $2119 #
-2342 straight-curve $-1 2.2325667957049546 3.3189826005442855
1.6000000000000005 1.7763568394002505e-15 -1.7763568394002505e-15
1.3999999999999995 F 0 F 1 #
-2343 point $-1 68.027629299822451 23.302024160184462 5 #
-2344 edge $2525 $2277 0 $1984 1 $2126 $2526 forward 7 unknown #
-2345 ptlist-eye-attrib $-1 $-1 $-1 $2132 #
-2346 intcurve-curve $-1 forward { exactcur full nubs 3 open 30 0 3
1.310807701694831 1 3.9371366654871753 1 6.4906428777304992 1
10.432198395584107 1 14.282803386801668 1 17.315459193524898 1
22.495100562838044 1 26.760403839373261 1 29.78714674780732 1
30.967235946067209 1 32.136071428237507 1 33.316889170539895 1
34.237095258911758 1 35.217741946986514 1 35.744881278821111 1
36.362035538343946 1 37.18317032015274 1 37.985553812533148 1
39.169185176376757 1 40.670489313502756 1 42.36821211631981 1 45.94486011510287
1 49.513440483113648 1 54.22998864891175 1 58.99277371719819 1
63.973753180173006 1 65.891166521223283 1 69.346327790707306 1
72.285010437645198 3 68.027629299822479 23.302024160184505 5 68.282142809580634
23.657180259038352 5 69.006478636695249 24.753244552934756 4.9999999999999991
70.005299508657558 26.678169955163035 5 71.193296256987054 29.477231305534922
5.0000000000000009 72.489677276710609 32.672898530981222 4.9999999999999991
74.041512855675307 35.935208156402666 4.9999999999999991 76.201766736776207
39.346473668168741 5 79.263147565983218 42.241185622148905 5 82.773426484116698
44.499370958738361 5.0000000000000009 85.394081977804618 45.592527031545288
4.9999999999999991 87.126595181680145 46.05809737433249 5 88.288737781188075
46.252138230992642 5.0000000000000018 89.379708972276504 46.322489005985759 5
90.412213993291772 46.114282380238173 5 91.053249867437444 45.55471273475851 5
91.392605864936954 44.929177786267182 5 91.598662630373212 44.304676433206346
4.9999999999999991 91.744273918849075 43.569774575284107 5.0000000000000009
91.782718712646613 42.630552341981542 4.9999999999999991 91.56958089132408
41.473603384539395 5 90.942504347820133 40.142623635286625 5.0000000000000018
89.751370733541734 38.22521054513534 4.9999999999999982 88.3733637209493
35.613075555493218 5.0000000000000018 86.82869479421737 31.970487696824122 5
85.5033860012242 27.81452015828166 5 84.677330338527923 23.056403699350177 5
84.675154155867119 19.116803051026178 5 85.526271853201393 15.754719775177856 5
86.680859647985358 13.243069493044771 5.0000000000000009 87.424995688277392
11.207922096294139 4.9999999999999982 87.525590519665485 10.233540137278528
4.9999999999999982 0 null_surface null_surface nullbs nullbs I I 0 0 0 I I } I
I #
-2347 point $-1 87.525590519665457 10.233540137278615 4.9999999999999893 #
-2348 edge $2527 $2468 0 $2144 1 $2153 $2528 forward 7 unknown #
-2349 point $-1 81.659223816360992 -7.9999999999999964 5 #
-2350 ptlist-eye-attrib $-1 $-1 $-1 $2146 #
-2351 vertex $-1 $2155 $2529 #
-2352 straight-curve $-1 86.563868813042149 -7.5999999968513254
6.000000007871666 -1.575543251419731e-08 -0.40000000314866746
-1.000000007871666 F 0 F 1 #
-2353 point $-1 89.055507609061848 -5.7427897552529226 6 #
-2354 edge $2530 $2468 0 $2351 1 $2154 $2531 forward 7 unknown #
-2355 ptlist-eye-attrib $-1 $-1 $-1 $2155 #
-2356 ellipse-curve $-1 86.563868915452503 -4.9999999999999964 6 0 0 1 0
-2.6000000000000005 0 1 F 0 F 1.2810716709638401 #
-2357 face $-1 $2532 $2183 $3 $-1 $2533 reversed single #
-2358 loop $-1 $-1 $2388 $2158 #
-2359 plane-surface $-1 24.000000000000004 -3.2500000000000004
0.60000000000000009 -0.49999999999999917 -0.86602540378443915 0
-0.86602540378443915 0.49999999999999917 0 forward_v F -0.14897209230716824 F
3.3989720923071736 F -2.5489720923071681 F 0.14897209230716824 #
-2360 coedge $-1 $2166 $2256 $2258 $2457 reversed $2159 $-1 #
-2361 coedge $-1 $2258 $2161 $2162 $2364 reversed $1946 $-1 #
-2362 coedge $-1 $2256 $2166 $2161 $2363 reversed $2159 $-1 #
-2363 edge $2534 $2260 0 $2172 1 $2362 $2535 forward 7 unknown #
-2364 edge $2536 $2367 0 $2172 3.1415926535897931 $2361 $2537 forward 7 unknown
#
-2365 ptlist-eye-attrib $-1 $-1 $-1 $2165 #
-2366 vertex $-1 $2169 $2538 #
-2367 vertex $-1 $2165 $2539 #
-2368 straight-curve $-1 36.000000012151759 2.7499998601877902
0.60000002126556418 0.39999999572629008 4.9171243521328734e-08
0.69999999252100886 F 0 F 1 #
-2369 ptlist-eye-attrib $-1 $-1 $-1 $2167 #
-2370 ellipse-curve $-1 38.950000000000003 2.75 1.2999999999999923 0 0 1
2.5499999999999972 4.4408920985006262e-16 0 1 F 0 F 3.1415926535897931 #
-2371 ptlist-eye-attrib $-1 $-1 $-1 $2169 #
-2372 ellipse-curve $-1 38.950000000000003 2.75 0.60000000000000053 0 0 1
2.9499999999999957 4.4408920985006262e-16 0 1 F 0 F 3.1415926535897931 #
-2373 point $-1 41.899999999999999 2.7500000000000004 0.60000000000000053 #
-2374 point $-1 41.5 2.7500000000000004 1.2999999999999923 #
-2375 ptlist-eye-attrib $-1 $-1 $-1 $2174 #
-2376 ellipse-curve $-1 38.950000000000003 2.75 0.60000000000000053 0 0 1
-2.9499999999999957 -4.4408920985006262e-16 0 1 F 0 F 3.1415926535897931 #
-2377 coedge $-1 $2178 $2175 $2540 $2541 reversed $1513 $-1 #
-2378 coedge $-1 $2542 $2543 $2175 $2379 forward $2544 $-1 #
-2379 edge $2545 $2546 0 $2384 1 $2378 $2547 forward 7 unknown #
-2380 coedge $-1 $2548 $2176 $2182 $2395 forward $2382 $-1 #
-2381 coedge $-1 $2176 $2548 $2542 $2549 reversed $2382 $-1 #
-2382 loop $-1 $-1 $2380 $2532 #
-2383 ptlist-eye-attrib $-1 $-1 $-1 $2177 #
-2384 vertex $-1 $2379 $2550 #
-2385 straight-curve $-1 26.814582562299424 1.6249999999999993
0.60000000000000009 0 -3.2499999999999996 0 F 0 F 1 #
-2386 coedge $-1 $2551 $2552 $2178 $2387 forward $2553 $-1 #
-2387 edge $2554 $2391 0 $2555 1 $2386 $2556 forward 7 unknown #
-2388 coedge $-1 $2557 $2179 $2552 $2558 forward $2358 $-1 #
-2389 coedge $-1 $2179 $2557 $2181 $2394 reversed $2358 $-1 #
-2390 ptlist-eye-attrib $-1 $-1 $-1 $2180 #
-2391 vertex $-1 $2180 $2559 #
-2392 straight-curve $-1 24 -3.2500000000000009 0.60000000000000009
-2.814582562299428 1.6249999999999998 0 F 0 F 1 #
-2393 coedge $-1 $2182 $2181 $2560 $2561 reversed $2183 $-1 #
-2394 edge $2562 $2186 0 $2563 1 $2181 $2564 forward 7 unknown #
-2395 edge $2565 $2185 0 $2566 1 $2380 $2567 forward 7 unknown #
-2396 point $-1 26.814582562299424 -1.6250000000000002 0.60000000000000009 #
-2397 point $-1 24 -3.2500000000000009 0.60000000000000009 #
-2398 coedge $-1 $2568 $2188 $2569 $2570 forward $1319 $-1 #
-2399 coedge $-1 $2571 $2572 $2188 $2400 reversed $2573 $-1 #
-2400 edge $2574 $2405 0 $2575 1 $2188 $2576 forward 7 unknown #
-2401 coedge $-1 $2577 $2189 $2191 $2407 forward $2403 $-1 #
-2402 coedge $-1 $2189 $2577 $2571 $2578 reversed $2403 $-1 #
-2403 loop $-1 $-1 $2402 $2579 #
-2404 ptlist-eye-attrib $-1 $-1 $-1 $2190 #
-2405 vertex $-1 $2578 $2580 #
-2406 ellipse-curve $-1 23.800000000000001 -6.5835347958587205
0.60000000000000142 0 0 1 0.77499999999999858 -0.63196123298822737 0 1 F 0 F
0.68408123179532965 #
-2407 edge $2581 $2193 0 $2484 1 $2191 $2582 forward 7 unknown #
-2408 point $-1 24.574999999999996 -7.2154960288469496 0.5999999999999992 #
-2409 coedge $-1 $2199 $2568 $2583 $2584 forward $1319 $-1 #
-2410 coedge $-1 $2319 $2200 $2199 $2411 reversed $2320 $-1 #
-2411 edge $2585 $2586 0 $2203 0.09965357370262809 $2199 $2587 forward 7
unknown #
-2412 ptlist-eye-attrib $-1 $-1 $-1 $2201 #
-2413 straight-curve $-1 26.298374741332964 7.4617135155633854 3 0
7.9936057773011271e-15 -2.3999999999999999 F 0 F 1 #
-2414 point $-1 26.298374741332964 7.4617135155633934 0.60000000000000009 #
-2415 point $-1 26.298374741332964 7.4617135155633854 3 #
-2416 face $-1 $2588 $2504 $3 $-1 $2589 reversed single #
-2417 cone-surface $-1 38.949184568013763 2.7492820063362804 3 0 0 -1 13.5 0 0
1 I I 0 1 1 forward I I I I #
-2418 cone-surface $-1 0 -5.3963016297774839e-28 6.1053391808860322 0 0 1 0
-2.3053391808860324 0 1 I I 0.70710678118654768 0.70710678118654735 1 forward I
I I I #
-2419 point $-1 -1.400000000000001 1.714505518795503e-16 5.2000000000000011 #
-2420 point $-1 1.400000000000001 -3.4290110376125912e-16 5.2000000000000011 #
-2421 coedge $-1 $2590 $2228 $2232 $2428 forward $2423 $-1 #
-2422 coedge $-1 $2228 $2590 $2231 $2427 forward $2423 $-1 #
-2423 loop $-1 $-1 $2421 $2591 #
-2424 ptlist-eye-attrib $-1 $-1 $-1 $2229 #
-2425 ellipse-curve $-1 14.5 0.999999999999999 5.0000000000000018 0 0 -1
1.0999999999999996 1.1102230246251565e-16 0 1 F 0 F 3.1415926535897931 #
-2426 coedge $-1 $2232 $2231 $2592 $2593 reversed $2233 $-1 #
-2427 edge $2594 $2595 0 $2010 1 $2231 $2596 forward 7 unknown #
-2428 edge $2597 $2013 0 $2598 1 $2232 $2599 forward 7 unknown #
-2429 coedge $-1 $2240 $2239 $2600 $2601 forward $2241 $-1 #
-2430 face $-1 $1783 $2241 $3 $-1 $2602 reversed single #
-2431 coedge $-1 $2600 $2600 $2244 $2432 reversed $2603 $-1 #
-2432 edge $2604 $2434 0 $2437 3.1415926535897931 $2244 $2605 forward 7 unknown
#
-2433 ptlist-eye-attrib $-1 $-1 $-1 $2245 #
-2434 vertex $-1 $2601 $2606 #
-2435 straight-curve $-1 22.399999999999999 -1.959434878635765e-16
2.9999999999999991 4.1670169537155743e-09 7.141010332034547e-08
1.9999999895824878 F 0 F 1 #
-2436 ptlist-eye-attrib $-1 $-1 $-1 $2246 #
-2437 vertex $-1 $2601 $2607 #
-2438 straight-curve $-1 25.599999999999998 2.6125798381810196e-16
2.9999999999999991 -4.1670134010018955e-09 -7.1410103422523161e-08
1.9999999895824878 F 0 F 1 #
-2439 face $-1 $2608 $2609 $3 $-1 $2610 forward single #
-2440 loop $-1 $-1 $2611 $2247 #
-2441 cone-surface $-1 57.154767421334874 7.2500000000000036 -28.71582687627571
0 0 1 -1.9761896274869426 0.30769230769230876 0 1 I I 0 1 1 forward I I I I #
-2442 coedge $-1 $2474 $2249 $2612 $2613 forward $1803 $-1 #
-2443 coedge $-1 $2479 $2611 $2249 $2444 reversed $2440 $-1 #
-2444 edge $2614 $2447 0 $2615 1.7252559252790736 $2443 $2616 forward 7 unknown
#
-2445 edge $2617 $2285 0 $2289 3.1415926535897931 $2280 $2618 forward 7 unknown
#
-2446 ptlist-eye-attrib $-1 $-1 $-1 $2251 #
-2447 vertex $-1 $2444 $2619 #
-2448 ellipse-curve $-1 70 5.25 3 0 0 1 -14.821422206152072 2.3076923076923048
0 1 F 0 F 0.15445959848418384 #
-2449 coedge $-1 $2462 $2329 $2620 $2621 forward $2252 $-1 #
-2450 coedge $-1 $2620 $2519 $2254 $2451 forward $2335 $-1 #
-2451 edge $2622 $2465 0 $2453 3.1415926535897931 $2450 $2623 forward 7 unknown
#
-2452 ptlist-eye-attrib $-1 $-1 $-1 $2255 #
-2453 vertex $-1 $2451 $2624 #
-2454 straight-curve $-1 -2.4999999919723566 -8.5157260932099331e-08
2.3500000133794012 -8.027643438879295e-09 8.5157260625937631e-08
2.8499999866205981 F 0 F 1 #
-2455 ptlist-eye-attrib $-1 $-1 $-1 $2257 #
-2456 ellipse-curve $-1 38.950000000000003 2.75 5.1999999999999993 0 0 -1
-2.5499999999999972 -4.4408920985006262e-16 0 1 F 0 F 3.1415926535897931 #
-2457 edge $2625 $2367 0 $2261 1 $2360 $2626 forward 7 unknown #
-2458 point $-1 41.5 2.7500000000000009 5.1999999999999993 #
-2459 point $-1 36.400000000000006 2.7499999999999996 5.1999999999999993 #
-2460 ptlist-eye-attrib $-1 $-1 $-1 $2263 #
-2461 ellipse-curve $-1 0 -5.3963016297774839e-28 5.2000000000000011 0 0 -1
1.400000000000001 -3.4290110376071949e-16 0 1 F 0 F 3.1415926535897931 #
-2462 coedge $-1 $2513 $2449 $2269 $2463 forward $2252 $-1 #
-2463 edge $2627 $2453 0 $2465 3.1415926535897931 $2462 $2628 forward 7 unknown
#
-2464 ptlist-eye-attrib $-1 $-1 $-1 $2270 #
-2465 vertex $-1 $2270 $2629 #
-2466 straight-curve $-1 2.5 4.3058357778240267e-16 5.1999999999999993
-8.027643438879295e-09 8.5157260578056208e-08 -2.8499999866205989 F 0 F 1 #
-2467 ptlist-eye-attrib $-1 $-1 $-1 $2275 #
-2468 vertex $-1 $2354 $2630 #
-2469 ellipse-curve $-1 81.65922381636102 -10.999999999999936
6.0000000000000009 0 0 -1 -1.9820680487813718 2.7624999999999318 0 1 F 0 F
0.62236848855503113 #
-2470 point $-1 79.677155767579706 -8.2375000000000718 5.9999999999999929 #
-2471 coedge $-1 $2287 $2281 $2631 $2632 reversed $1837 $-1 #
-2472 coedge $-1 $2633 $2634 $2281 $2473 forward $2635 $-1 #
-2473 edge $2636 $2637 0 $2476 1 $2472 $2638 forward 7 unknown #
-2474 coedge $-1 $2282 $2442 $2633 $2639 forward $1803 $-1 #
-2475 ptlist-eye-attrib $-1 $-1 $-1 $2283 #
-2476 vertex $-1 $2283 $2640 #
-2477 ellipse-curve $-1 70 5.25 3 0 0 -1 14.821422206152079 2.3076923076922906
0 1 F 0 F 0.15445959848418286 #
-2478 point $-1 85 5.25 3 #
-2479 coedge $-1 $2641 $2443 $2287 $2480 forward $2440 $-1 #
-2480 edge $2642 $2447 0 $2643 1 $2479 $2644 forward 7 unknown #
-2481 point $-1 55 5.2500000000000018 3 #
-2482 coedge $-1 $2291 $2645 $2577 $2646 forward $1656 $-1 #
-2483 ptlist-eye-attrib $-1 $-1 $-1 $2292 #
-2484 vertex $-1 $2292 $2647 #
-2485 ellipse-curve $-1 14.5 1 3 0 0 -1 10.075000000000003 -8.2154960288469479
0 1 F 0 F 1.6404079876202866 #
-2486 face $-1 $1635 $2300 $3 $-1 $2648 reversed single #
-2487 ptlist-eye-attrib $-1 $-1 $-1 $2304 #
-2488 ellipse-curve $-1 3.3888977576977304 -3.811216602067022 3 0 0 -1
-0.77580721960951493 -0.77982251698816363 0 1 F 0 F 1.631964798621204 #
-2489 edge $2649 $2310 0 $2325 1 $2331 $2650 forward 7 unknown #
-2490 point $-1 2.6579590256452783 -2.9891894918172719 3 #
-2491 coedge $-1 $2340 $2651 $2313 $2492 forward $2116 $-1 #
-2492 edge $2652 $2497 0 $2496 3.1415926535897931 $2491 $2653 forward 7 unknown
#
-2493 coedge $-1 $2654 $2314 $2651 $2655 forward $2338 $-1 #
-2494 coedge $-1 $2314 $2654 $2340 $2524 reversed $2338 $-1 #
-2495 ptlist-eye-attrib $-1 $-1 $-1 $2315 #
-2496 vertex $-1 $2492 $2656 #
-2497 vertex $-1 $2492 $2657 #
-2498 ellipse-curve $-1 14.5 0.999999999999999 3 0 0 -1 -3
-3.3306690738754696e-16 0 1 F 0 F 3.1415926535897931 #
-2499 coedge $-1 $2645 $2316 $2658 $2659 forward $1656 $-1 #
-2500 coedge $-1 $2660 $2661 $2316 $2501 forward $2662 $-1 #
-2501 edge $2663 $2664 0 $2506 3.25363111638893 $2500 $2665 forward 7 unknown
#
-2502 coedge $-1 $2583 $2317 $2319 $2508 forward $2504 $-1 #
-2503 coedge $-1 $2317 $2583 $2660 $2666 reversed $2504 $-1 #
-2504 loop $-1 $-1 $2583 $2416 #
-2505 ptlist-eye-attrib $-1 $-1 $-1 $2318 #
-2506 vertex $-1 $2501 $2667 #
-2507 ellipse-curve $-1 24.925129346604205 6.4338274527727011 3 0 0 -1
0.96717622216617727 -0.25410658251285145 0 1 F 0 F 1.4566850246427778 #
-2508 edge $2668 $2322 0 $2586 1 $2502 $2669 forward 7 unknown #
-2509 point $-1 25.892305568770382 6.179720870259847 3 #
-2510 point $-1 2.6579590256452796 -2.9891894918172701 1.6000000000000001 #
-2511 coedge $-1 $2519 $2620 $2328 $2512 reversed $2335 $-1 #
-2512 edge $2670 $2516 0 $2515 3.1415926535897931 $2511 $2671 forward 7 unknown
#
-2513 coedge $-1 $2329 $2462 $2519 $2672 reversed $2252 $-1 #
-2514 ptlist-eye-attrib $-1 $-1 $-1 $2330 #
-2515 vertex $-1 $2330 $2673 #
-2516 vertex $-1 $2330 $2674 #
-2517 ellipse-curve $-1 0 -8.3232221071803192e-28 1.5999999999999996 0 0 1
-2.9500000000000002 -3.6127080574689292e-16 0 1 F 0 F 3.1415926535897931 #
-2518 cone-surface $-1 0 0 3 0 0 -1 4 0 0 1 I I 0 1 1 forward I I I I #
-2519 coedge $-1 $2450 $2511 $2513 $2672 forward $2335 $-1 #
-2520 face $-1 $2675 $2676 $3 $-1 $2677 reversed single #
-2521 loop $-1 $2678 $2679 $2337 #
-2522 plane-surface $-1 0 0 2 0 0 -1 1 0 0 forward_v F 11.351027907692831 F
17.648972092307169 F -4.1575287731315917 F 2.1575287731315944 #
-2523 coedge $-1 $2651 $2340 $2680 $2681 reversed $2116 $-1 #
-2524 edge $2682 $2496 0 $2683 1 $2494 $2684 forward 7 unknown #
-2525 ptlist-eye-attrib $-1 $-1 $-1 $2344 #
-2526 straight-curve $-1 79.677155624279351 -8.2375001092835376
5.999999986864248 0.23318453180814913 -0.32499995354577216 -0.99999998649797206
F 0 F 1 #
-2527 ptlist-eye-attrib $-1 $-1 $-1 $2348 #
-2528 straight-curve $-1 81.65922389389597 -7.6000000067992204
5.9999999830019526 -9.1217629005768686e-09 -0.39999999320077961
-0.99999998300195259 F 0 F 1 #
-2529 point $-1 86.563868813042149 -7.5999999968513254 6.000000007871666 #
-2530 ptlist-eye-attrib $-1 $-1 $-1 $2354 #
-2531 straight-curve $-1 81.65922389389597 -7.6000000067992186
5.9999999830019526 4.9046449191461789 9.947893175876743e-09
2.4869713399766624e-08 F 0 F 1 #
-2532 face $-1 $2685 $2382 $3 $-1 $2686 reversed single #
-2533 plane-surface $-1 26.814582562299424 -1.6250000000000002
0.60000000000000009 0.50000000000000067 -0.86602540378443826 0
-0.86602540378443826 -0.50000000000000067 0 forward_v F -0.14897209230716824 F
3.3989720923071665 F -2.5489720923071681 F 0.14897209230716824 #
-2534 ptlist-eye-attrib $-1 $-1 $-1 $2363 #
-2535 straight-curve $-1 41.5 2.75 5.1999999999999993 -7.8780431067571044e-09
9.0640966288191294e-08 -3.8999999862134267 F 0 F 1 #
-2536 ptlist-eye-attrib $-1 $-1 $-1 $2364 #
-2537 ellipse-curve $-1 38.950000000000003 2.75 1.2999999999999929 0 0 1
-2.5499999999999972 -4.4408920985006262e-16 0 1 F 0 F 3.1415926535897931 #
-2538 point $-1 36.000000000000007 2.75 0.60000000000000053 #
-2539 point $-1 36.400000000000006 2.75 1.2999999999999923 #
-2540 coedge $-1 $2687 $2688 $2377 $2541 forward $2689 $-1 #
-2541 edge $2690 $2555 0 $2546 1 $2540 $2691 forward 7 unknown #
-2542 coedge $-1 $2692 $2378 $2381 $2549 forward $2544 $-1 #
-2543 coedge $-1 $2378 $2692 $2687 $2693 reversed $2544 $-1 #
-2544 loop $-1 $-1 $2542 $2685 #
-2545 ptlist-eye-attrib $-1 $-1 $-1 $2379 #
-2546 vertex $-1 $2541 $2694 #
-2547 straight-curve $-1 24.000000000000004 3.25 0.60000000000000009
2.8145825622994209 -1.6250000000000007 0 F 0 F 1 #
-2548 coedge $-1 $2381 $2380 $2695 $2696 reversed $2382 $-1 #
-2549 edge $2697 $2384 0 $2698 1 $2542 $2699 forward 7 unknown #
-2550 point $-1 26.814582562299424 1.6249999999999993 0.60000000000000009 #
-2551 coedge $-1 $2700 $2386 $2688 $2701 forward $2553 $-1 #
-2552 coedge $-1 $2386 $2700 $2388 $2558 reversed $2553 $-1 #
-2553 loop $-1 $-1 $2551 $2702 #
-2554 ptlist-eye-attrib $-1 $-1 $-1 $2387 #
-2555 vertex $-1 $2387 $2703 #
-2556 straight-curve $-1 21.185417437700572 -1.6250000000000011
0.60000000000000009 0 3.2500000000000018 0 F 0 F 1 #
-2557 coedge $-1 $2389 $2388 $2704 $2705 reversed $2358 $-1 #
-2558 edge $2706 $2391 0 $2707 1 $2552 $2708 forward 7 unknown #
-2559 point $-1 21.185417437700572 -1.6250000000000011 0.60000000000000009 #
-2560 coedge $-1 $2704 $2695 $2393 $2561 forward $2709 $-1 #
-2561 edge $2710 $2566 0 $2563 1 $2560 $2711 forward 7 unknown #
-2562 ptlist-eye-attrib $-1 $-1 $-1 $2394 #
-2563 vertex $-1 $2394 $2712 #
-2564 straight-curve $-1 24 -3.2500000000000004 0.60000000000000009
3.5527136788005009e-15 0 2.3999999999999999 F 0 F 1 #
-2565 ptlist-eye-attrib $-1 $-1 $-1 $2395 #
-2566 vertex $-1 $2395 $2713 #
-2567 straight-curve $-1 26.814582562299424 -1.6250000000000002
0.60000000000000009 0 0 2.3999999999999999 F 0 F 1 #
-2568 coedge $-1 $2409 $2398 $2714 $2715 forward $1319 $-1 #
-2569 coedge $-1 $2716 $2717 $2398 $2570 reversed $2718 $-1 #
-2570 edge $2719 $2575 0 $2720 1.5400222388506055 $2398 $2721 forward 7 unknown
#
-2571 coedge $-1 $2722 $2399 $2402 $2578 forward $2573 $-1 #
-2572 coedge $-1 $2399 $2722 $2716 $2723 forward $2573 $-1 #
-2573 loop $-1 $-1 $2722 $2724 #
-2574 ptlist-eye-attrib $-1 $-1 $-1 $2400 #
-2575 vertex $-1 $2723 $2725 #
-2576 straight-curve $-1 24.800000000000001 -6.5835347958587187
0.60000000000000053 0 0.08661244754640407 0 F 0 F 1 #
-2577 coedge $-1 $2402 $2401 $2482 $2646 reversed $2403 $-1 #
-2578 edge $2726 $2405 0 $2727 1 $2402 $2728 forward 7 unknown #
-2579 face $-1 $2073 $2403 $3 $-1 $2729 reversed single #
-2580 point $-1 24.800000000000001 -6.5835347958587187 0.60000000000000053 #
-2581 ptlist-eye-attrib $-1 $-1 $-1 $2407 #
-2582 straight-curve $-1 24.574999999999996 -7.2154960288469496
0.5999999999999992 7.1054273576010019e-15 2.6645352591003757e-15
2.4000000000000008 F 0 F 1 #
-2583 coedge $-1 $2503 $2502 $2409 $2584 reversed $2504 $-1 #
-2584 edge $2730 $2731 0 $2586 1.4566850246427754 $2409 $2732 forward 7 unknown
#
-2585 ptlist-eye-attrib $-1 $-1 $-1 $2411 #
-2586 vertex $-1 $2508 $2733 #
-2587 ellipse-curve $-1 38.949184568013763 2.7492820063362804
0.60000000000000009 0 0 -1 -13.056878999243377 3.4304388639235657 0 1 F 0 F
0.09965357370262809 #
-2588 face $-1 $2734 $2662 $3 $-1 $2735 forward single #
-2589 cone-surface $-1 24.925129346604205 6.4338274527727011 25.839965320795272
0 0 -1 0.96717622216617705 -0.25410658251285406 0 1 I I 0 1 1 forward I I I I
#
-2590 coedge $-1 $2422 $2421 $2736 $2737 reversed $2423 $-1 #
-2591 face $-1 $2006 $2423 $3 $-1 $2738 reversed single #
-2592 coedge $-1 $2739 $2740 $2426 $2593 forward $2676 $-1 #
-2593 edge $2741 $2598 0 $2595 3.1415926535897931 $2426 $2742 forward 7 unknown
#
-2594 ptlist-eye-attrib $-1 $-1 $-1 $2427 #
-2595 vertex $-1 $2743 $2744 #
-2596 straight-curve $-1 13.400000001755846 1.0000000175612183
2.4000000017558429 -9.2081187119674723e-10 1.2712501495926176e-08
2.5999999961565825 F 0 F 1 #
-2597 ptlist-eye-attrib $-1 $-1 $-1 $2428 #
-2598 vertex $-1 $2593 $2745 #
-2599 straight-curve $-1 15.599999999164966 0.99999996972627836
4.9999999979124254 -9.2081187119674723e-10 1.2712501384903874e-08
-2.5999999961565821 F 0 F 1 #
-2600 coedge $-1 $2431 $2431 $2429 $2601 reversed $2603 $-1 #
-2601 edge $2746 $2437 0 $2434 3.1415926535897931 $2429 $2747 forward 7 unknown
#
-2602 cone-surface $-1 24 0 0 0 0 -1 1.6000000000000001 0 0 1 I I 0 1 1 forward
I I I I #
-2603 loop $-1 $-1 $2431 $2748 #
-2604 ptlist-eye-attrib $-1 $-1 $-1 $2432 #
-2605 ellipse-curve $-1 24 0 3 0 0 -1 -1.6000000000000014
-1.9594348786357638e-16 0 1 F 0 F 3.1415926535897931 #
-2606 point $-1 22.399999999999999 -3.9188697572715305e-16 3 #
-2607 point $-1 25.600000000000001 1.9594348786357638e-16 3 #
-2608 face $-1 $2749 $2750 $3 $-1 $2751 forward single #
-2609 loop $-1 $-1 $2631 $2439 #
-2610 plane-surface $-1 0 0 5 0 0 -1 1 0 0 forward_v F 54.555826770294431 F
85.444173229705569 F -20.550000000000001 F -4.9500000000000037 #
-2611 coedge $-1 $2443 $2641 $2752 $2753 reversed $2440 $-1 #
-2612 coedge $-1 $2752 $2754 $2442 $2613 reversed $2750 $-1 #
-2613 edge $2755 $2615 0 $2756 1 $2612 $2757 forward 7 unknown #
-2614 ptlist-eye-attrib $-1 $-1 $-1 $2444 #
-2615 vertex $-1 $2613 $2758 #
-2616 ellipse-curve $-1 57.154767421334874 7.2500000000000036
2.9999999999999964 0 0 1 -1.9761896274869457 0.30769230769230038 0 1 F 0 F
1.7252559252790736 #
-2617 ptlist-eye-attrib $-1 $-1 $-1 $2445 #
-2618 ellipse-curve $-1 70 5.25 3 0 0 -1 15 1.7763568394002505e-15 0 1 F 0 F
3.1415926535897931 #
-2619 point $-1 55.178577793847936 7.5576923076923075 2.9999999999999987 #
-2620 coedge $-1 $2511 $2450 $2449 $2621 reversed $2335 $-1 #
-2621 edge $2759 $2515 0 $2453 1 $2620 $2760 forward 7 unknown #
-2622 ptlist-eye-attrib $-1 $-1 $-1 $2451 #
-2623 ellipse-curve $-1 0 0 2.3500000000000032 0 0 1 2.5 6.1232339957367663e-16
0 1 F 0 F 3.1415926535897931 #
-2624 point $-1 -2.5 -3.0616169978683831e-16 2.3500000000000032 #
-2625 ptlist-eye-attrib $-1 $-1 $-1 $2457 #
-2626 straight-curve $-1 36.400000007878049 2.7499999093590337
1.300000013786573 -7.8780431067571044e-09 9.0640965400012874e-08
3.8999999862134263 F 0 F 1 #
-2627 ptlist-eye-attrib $-1 $-1 $-1 $2463 #
-2628 ellipse-curve $-1 0 0 2.3499999999999996 0 0 1 -2.5
-3.0616169978683831e-16 0 1 F 0 F 3.1415926535897931 #
-2629 point $-1 2.5 6.1232339957367663e-16 2.3500000000000032 #
-2630 point $-1 81.65922381636102 -7.5999999999999925 6.0000000000000009 #
-2631 coedge $-1 $2761 $2762 $2471 $2632 forward $2609 $-1 #
-2632 edge $2763 $2643 0 $2637 2.8326734566214244 $2631 $2764 forward 7 unknown
#
-2633 coedge $-1 $2765 $2472 $2474 $2639 reversed $2635 $-1 #
-2634 coedge $-1 $2472 $2765 $2761 $2766 reversed $2635 $-1 #
-2635 loop $-1 $-1 $2633 $2749 #
-2636 ptlist-eye-attrib $-1 $-1 $-1 $2473 #
-2637 vertex $-1 $2632 $2767 #
-2638 straight-curve $-1 84.821422206152079 7.5576923076923119 5
1.4210854715202004e-14 -4.4408920985006262e-15 -1.9999999999999978 F 0 F 1 #
-2639 edge $2768 $2756 0 $2476 1.7252559252790638 $2633 $2769 forward 7 unknown
#
-2640 point $-1 84.821422206152093 7.5576923076923075 3.0000000000000022 #
-2641 coedge $-1 $2611 $2479 $2762 $2770 reversed $2440 $-1 #
-2642 ptlist-eye-attrib $-1 $-1 $-1 $2480 #
-2643 vertex $-1 $2480 $2771 #
-2644 straight-curve $-1 55.178577793847936 7.5576923076923075
2.9999999999999987 -7.1054273576010019e-15 4.4408920985006262e-15
2.0000000000000022 F 0 F 1 #
-2645 coedge $-1 $2482 $2499 $2722 $2772 reversed $1656 $-1 #
-2646 edge $2773 $2727 0 $2484 0.6840812317953282 $2577 $2774 forward 7 unknown
#
-2647 point $-1 24.575000000000003 -7.215496028846947 3 #
-2648 cone-surface $-1 3.3888977576977304 -3.811216602067022 25.839965320795272
0 0 -1 -0.77580721960951482 -0.77982251698816352 0 1 I I 0 1 1 forward I I I I
#
-2649 ptlist-eye-attrib $-1 $-1 $-1 $2489 #
-2650 straight-curve $-1 2.6579590256452788 -2.9891894918172719 3
8.8817841970012523e-16 1.7763568394002505e-15 -1.3999999999999999 F 0 F 1 #
-2651 coedge $-1 $2491 $2523 $2493 $2655 reversed $2116 $-1 #
-2652 ptlist-eye-attrib $-1 $-1 $-1 $2492 #
-2653 ellipse-curve $-1 14.5 0.999999999999999 3 0 0 -1 3
4.4408920985006262e-16 0 1 F 0 F 3.1415926535897931 #
-2654 coedge $-1 $2494 $2493 $2679 $2775 reversed $2338 $-1 #
-2655 edge $2776 $2497 0 $2777 1 $2493 $2778 forward 7 unknown #
-2656 point $-1 11.5 0.99999999999999822 3 #
-2657 point $-1 17.5 0.99999999999999944 3 #
-2658 coedge $-1 $2717 $2716 $2499 $2659 reversed $2718 $-1 #
-2659 edge $2779 $2664 0 $2780 1.5400222388506055 $2658 $2781 forward 7 unknown
#
-2660 coedge $-1 $2714 $2500 $2503 $2666 forward $2662 $-1 #
-2661 coedge $-1 $2500 $2714 $2717 $2782 reversed $2662 $-1 #
-2662 loop $-1 $-1 $2714 $2588 #
-2663 ptlist-eye-attrib $-1 $-1 $-1 $2501 #
-2664 vertex $-1 $2659 $2783 #
-2665 ellipse-curve $-1 24 0 3 0 0 -1 -0.16923076923076863 -5.4973958331873432
0 1 F 0 F 3.25363111638893 #
-2666 edge $2784 $2506 0 $2731 1 $2660 $2785 forward 7 unknown #
-2667 point $-1 24.782801754818941 5.4440078446538243 3 #
-2668 ptlist-eye-attrib $-1 $-1 $-1 $2508 #
-2669 straight-curve $-1 25.892305568770382 6.179720870259847 3 0 0
-2.3999999999999995 F 0 F 1 #
-2670 ptlist-eye-attrib $-1 $-1 $-1 $2512 #
-2671 ellipse-curve $-1 -8.8817841970012523e-16 -2.4213592447693194e-27
1.5999999999999988 0 0 1 2.9500000000000028 7.2254161149868032e-16 0 1 F 0 F
3.1415926535897931 #
-2672 edge $2786 $2516 0 $2465 1 $2519 $2787 forward 7 unknown #
-2673 point $-1 -2.9500000000000037 -3.6127080575263213e-16 1.5999999999999988
#
-2674 point $-1 2.950000000000002 7.2254161149625891e-16 1.5999999999999988 #
-2675 face $-1 $2591 $2788 $3 $-1 $2789 reversed single #
-2676 loop $-1 $-1 $2740 $2520 #
-2677 cone-surface $-1 14.5 0.99999999999999889 1.8946608224284487 0 0 -1 0
-1.6053391775715518 0 1 I I 0.70710678118654779 0.70710678118654724 1 forward I
I I I #
-2678 loop $-1 $-1 $2790 $2337 #
-2679 coedge $-1 $2680 $2680 $2654 $2775 forward $2521 $-1 #
-2680 coedge $-1 $2679 $2679 $2523 $2681 forward $2521 $-1 #
-2681 edge $2791 $2777 0 $2683 3.1415926535897931 $2680 $2792 forward 7 unknown
#
-2682 ptlist-eye-attrib $-1 $-1 $-1 $2524 #
-2683 vertex $-1 $2681 $2793 #
-2684 straight-curve $-1 11.5 0.99999999999999845 3 0 0 -1 F 0 F 1 #
-2685 face $-1 $2794 $2544 $3 $-1 $2795 reversed single #
-2686 plane-surface $-1 26.814582562299424 1.6250000000000002
0.60000000000000009 1 0 0 0 -1 0 forward_v F -0.14897209230716824 F
3.3989720923071687 F -2.5489720923071681 F 0.14897209230716824 #
-2687 coedge $-1 $2796 $2540 $2543 $2693 forward $2689 $-1 #
-2688 coedge $-1 $2540 $2796 $2551 $2701 reversed $2689 $-1 #
-2689 loop $-1 $-1 $2687 $2794 #
-2690 ptlist-eye-attrib $-1 $-1 $-1 $2541 #
-2691 straight-curve $-1 21.185417437700572 1.6250000000000002
0.60000000000000009 2.8145825622994316 1.6249999999999998 0 F 0 F 1 #
-2692 coedge $-1 $2543 $2542 $2797 $2798 reversed $2544 $-1 #
-2693 edge $2799 $2546 0 $2800 1 $2687 $2801 forward 7 unknown #
-2694 point $-1 24.000000000000004 3.25 0.60000000000000009 #
-2695 coedge $-1 $2560 $2797 $2548 $2696 forward $2709 $-1 #
-2696 edge $2802 $2698 0 $2566 1 $2695 $2803 forward 7 unknown #
-2697 ptlist-eye-attrib $-1 $-1 $-1 $2549 #
-2698 vertex $-1 $2549 $2804 #
-2699 straight-curve $-1 26.814582562299424 1.6249999999999993
0.60000000000000009 0 8.8817841970012523e-16 2.3999999999999999 F 0 F 1 #
-2700 coedge $-1 $2552 $2551 $2805 $2806 reversed $2553 $-1 #
-2701 edge $2807 $2555 0 $2808 1 $2551 $2809 forward 7 unknown #
-2702 face $-1 $2748 $2553 $3 $-1 $2810 reversed single #
-2703 point $-1 21.185417437700572 1.6250000000000007 0.60000000000000009 #
-2704 coedge $-1 $2805 $2560 $2557 $2705 forward $2709 $-1 #
-2705 edge $2811 $2563 0 $2707 1 $2704 $2812 forward 7 unknown #
-2706 ptlist-eye-attrib $-1 $-1 $-1 $2558 #
-2707 vertex $-1 $2705 $2813 #
-2708 straight-curve $-1 21.185417437700572 -1.6250000000000011
0.60000000000000009 0 6.6613381477509392e-16 2.3999999999999999 F 0 F 1 #
-2709 loop $-1 $2603 $2805 $2748 #
-2710 ptlist-eye-attrib $-1 $-1 $-1 $2561 #
-2711 straight-curve $-1 26.814582562299424 -1.6250000000000002 3
-2.8145825622994209 -1.6250000000000002 0 F 0 F 1 #
-2712 point $-1 24.000000000000004 -3.2500000000000004 3 #
-2713 point $-1 26.814582562299424 -1.6250000000000002 3 #
-2714 coedge $-1 $2661 $2660 $2568 $2715 reversed $2662 $-1 #
-2715 edge $2814 $2720 0 $2731 3.25363111638893 $2568 $2815 forward 7 unknown
#
-2716 coedge $-1 $2658 $2569 $2572 $2723 reversed $2718 $-1 #
-2717 coedge $-1 $2569 $2658 $2661 $2782 forward $2718 $-1 #
-2718 loop $-1 $-1 $2569 $2734 #
-2719 ptlist-eye-attrib $-1 $-1 $-1 $2570 #
-2720 vertex $-1 $2782 $2816 #
-2721 ellipse-curve $-1 23.800000000000001 -6.4969223483123146
0.60000000000000142 0 0 1 1 0 0 1 F 0 F 1.5400222388506055 #
-2722 coedge $-1 $2572 $2571 $2645 $2772 forward $2573 $-1 #
-2723 edge $2817 $2780 0 $2575 1 $2572 $2818 forward 7 unknown #
-2724 face $-1 $2579 $2573 $3 $-1 $2819 forward single #
-2725 point $-1 24.800000000000001 -6.4969223483123146 0.60000000000000053 #
-2726 ptlist-eye-attrib $-1 $-1 $-1 $2578 #
-2727 vertex $-1 $2646 $2820 #
-2728 straight-curve $-1 24.800000000000001 -6.5835347958587187
0.60000000000000053 0 0 2.3999999999999995 F 0 F 1 #
-2729 cone-surface $-1 23.800000000000001 -6.5835347958587205
-28.71582687627571 0 0 1 0.77500000000000246 -0.63196123298822404 0 1 I I 0 1 1
forward I I I I #
-2730 ptlist-eye-attrib $-1 $-1 $-1 $2584 #
-2731 vertex $-1 $2666 $2821 #
-2732 ellipse-curve $-1 24.925129346604205 6.4338274527727011
0.60000000000000142 0 0 1 -0.14232759178526422 -0.98981960811887681 0 1 F 0 F
1.4566850246427754 #
-2733 point $-1 25.892305568770382 6.179720870259847 0.60000000000000053 #
-2734 face $-1 $2724 $2718 $3 $-1 $2822 reversed single #
-2735 cone-surface $-1 24 0 3 0 0 -1 5.5 0 0 1 I I 0 1 1 forward I I I I #
-2736 coedge $-1 $2823 $2824 $2590 $2737 forward $2788 $-1 #
-2737 edge $2825 $2595 0 $2598 3.1415926535897931 $2590 $2826 forward 7 unknown
#
-2738 cone-surface $-1 14.5 0.999999999999999 3 0 0 -1 1.1000000000000001 0 0 1
I I 0 1 1 forward I I I I #
-2739 coedge $-1 $2827 $2592 $2824 $2743 reversed $2676 $-1 #
-2740 coedge $-1 $2592 $2827 $2823 $2828 forward $2676 $-1 #
-2741 ptlist-eye-attrib $-1 $-1 $-1 $2593 #
-2742 ellipse-curve $-1 14.5 0.999999999999999 2.3999999999999999 0 0 1
1.0999999999999996 2.2204460492503131e-16 0 1 F 0 F 3.1415926535897931 #
-2743 edge $2829 $2830 0 $2595 1 $2824 $2831 forward 7 unknown #
-2744 point $-1 13.4 0.99999999999999889 2.3999999999999999 #
-2745 point $-1 15.6 0.99999999999999922 2.3999999999999999 #
-2746 ptlist-eye-attrib $-1 $-1 $-1 $2601 #
-2747 ellipse-curve $-1 24 0 3 0 0 -1 1.6000000000000014 1.9594348786357638e-16
0 1 F 0 F 3.1415926535897931 #
-2748 face $-1 $2430 $2709 $3 $-1 $2832 forward single #
-2749 face $-1 $1175 $2635 $3 $-1 $2833 reversed single #
-2750 loop $-1 $-1 $2834 $2608 #
-2751 plane-surface $-1 55 5.2500000000000036 5 0 1 0 1 0 0 forward_v F
1.6409581181882635 F 28.359041881811748 F -0.14897209230716824 F
2.1489720923071682 #
-2752 coedge $-1 $2834 $2612 $2611 $2753 forward $2750 $-1 #
-2753 edge $2835 $2615 0 $2836 1 $2752 $2837 forward 7 unknown #
-2754 coedge $-1 $2612 $2834 $2765 $2838 forward $2750 $-1 #
-2755 ptlist-eye-attrib $-1 $-1 $-1 $2613 #
-2756 vertex $-1 $2639 $2839 #
-2757 straight-curve $-1 57.154767421334867 5.2500000000000036 3
25.690465157330266 0 0 F 0 F 1 #
-2758 point $-1 57.154767421334853 5.2500000000000036 3 #
-2759 ptlist-eye-attrib $-1 $-1 $-1 $2621 #
-2760 straight-curve $-1 -2.9499999873698415 -1.3398075686106881e-07
1.6000000210502574 0.44999999539748448 4.8823495928969484e-08
0.74999999232914383 F 0 F 1 #
-2761 coedge $-1 $2840 $2631 $2634 $2766 forward $2609 $-1 #
-2762 coedge $-1 $2631 $2840 $2641 $2770 forward $2609 $-1 #
-2763 ptlist-eye-attrib $-1 $-1 $-1 $2632 #
-2764 ellipse-curve $-1 70 5.25 5 0 0 -1 -14.821422206152072 2.3076923076923119
0 1 F 0 F 2.8326734566214244 #
-2765 coedge $-1 $2634 $2633 $2754 $2838 reversed $2635 $-1 #
-2766 edge $2841 $2637 0 $2842 1.7252559252790738 $2634 $2843 forward 7 unknown
#
-2767 point $-1 84.821422206152079 7.5576923076923119 5 #
-2768 ptlist-eye-attrib $-1 $-1 $-1 $2639 #
-2769 ellipse-curve $-1 82.845232578665133 7.2500000000000036 3 0 0 1
1.4210854715202004e-14 -2 0 1 F 0 F 1.7252559252790638 #
-2770 edge $2844 $2836 0 $2643 1.7252559252790773 $2762 $2845 forward 7 unknown
#
-2771 point $-1 55.178577793847928 7.5576923076923119 5.0000000000000036 #
-2772 edge $2846 $2727 0 $2780 1 $2722 $2847 forward 7 unknown #
-2773 ptlist-eye-attrib $-1 $-1 $-1 $2646 #
-2774 ellipse-curve $-1 23.800000000000001 -6.5835347958587205 3 0 0 -1 1 0 0 1
F 0 F 0.6840812317953282 #
-2775 edge $2848 $2683 0 $2777 3.1415926535897931 $2679 $2849 forward 7 unknown
#
-2776 ptlist-eye-attrib $-1 $-1 $-1 $2655 #
-2777 vertex $-1 $2655 $2850 #
-2778 straight-curve $-1 17.5 0.99999999999999933 3 0 0 -1 F 0 F 1 #
-2779 ptlist-eye-attrib $-1 $-1 $-1 $2659 #
-2780 vertex $-1 $2772 $2851 #
-2781 ellipse-curve $-1 23.800000000000001 -6.4969223483123146 3 0 0 -1
0.03076923076923066 0.99952651512497148 0 1 F 0 F 1.5400222388506055 #
-2782 edge $2852 $2664 0 $2720 1 $2717 $2853 forward 7 unknown #
-2783 point $-1 23.830769230769228 -5.4973958331873423 3 #
-2784 ptlist-eye-attrib $-1 $-1 $-1 $2666 #
-2785 straight-curve $-1 24.782801754818941 5.4440078446538251 3
-3.5527136788005009e-15 0 -2.3999999999999995 F 0 F 1 #
-2786 ptlist-eye-attrib $-1 $-1 $-1 $2672 #
-2787 straight-curve $-1 2.9499999873698415 1.3398075719983633e-07
1.6000000210502567 -0.44999999539748492 -4.8823496191196538e-08
0.74999999232914361 F 0 F 1 #
-2788 loop $-1 $-1 $2824 $2675 #
-2789 cone-surface $-1 14.5 0.99999999999999889 1.8946608224284487 0 0 -1 0
-1.6053391775715518 0 1 I I 0.70710678118654779 0.70710678118654724 1 forward I
I I I #
-2790 coedge $-1 $2854 $2854 $2855 $2856 forward $2678 $-1 #
-2791 ptlist-eye-attrib $-1 $-1 $-1 $2681 #
-2792 ellipse-curve $-1 14.5 0.999999999999999 2 0 0 -1 3
4.4408920985006262e-16 0 1 F 0 F 3.1415926535897931 #
-2793 point $-1 11.5 0.99999999999999822 2 #
-2794 face $-1 $2702 $2689 $3 $-1 $2857 reversed single #
-2795 plane-surface $-1 24.000000000000004 3.2500000000000004
0.60000000000000009 0.50000000000000067 0.86602540378443826 0
0.86602540378443826 -0.50000000000000067 0 forward_v F -0.14897209230716824 F
3.3989720923071665 F -2.5489720923071681 F 0.14897209230716824 #
-2796 coedge $-1 $2688 $2687 $2858 $2859 reversed $2689 $-1 #
-2797 coedge $-1 $2695 $2858 $2692 $2798 forward $2709 $-1 #
-2798 edge $2860 $2800 0 $2698 1 $2797 $2861 forward 7 unknown #
-2799 ptlist-eye-attrib $-1 $-1 $-1 $2693 #
-2800 vertex $-1 $2693 $2862 #
-2801 straight-curve $-1 24.000000000000004 3.25 0.60000000000000009 0
4.4408920985006262e-16 2.3999999999999999 F 0 F 1 #
-2802 ptlist-eye-attrib $-1 $-1 $-1 $2696 #
-2803 straight-curve $-1 26.814582562299424 1.6250000000000002 3 0
-3.2500000000000004 0 F 0 F 1 #
-2804 point $-1 26.814582562299424 1.6250000000000002 3 #
-2805 coedge $-1 $2858 $2704 $2700 $2806 forward $2709 $-1 #
-2806 edge $2863 $2707 0 $2808 1 $2805 $2864 forward 7 unknown #
-2807 ptlist-eye-attrib $-1 $-1 $-1 $2701 #
-2808 vertex $-1 $2701 $2865 #
-2809 straight-curve $-1 21.185417437700572 1.6250000000000002
0.60000000000000009 0 2.2204460492503131e-16 2.3999999999999999 F 0 F 1 #
-2810 plane-surface $-1 21.185417437700572 -1.6250000000000007
0.60000000000000009 -1 0 0 0 1 0 forward_v F -0.14897209230716846 F
3.3989720923071696 F -2.5489720923071681 F 0.14897209230716824 #
-2811 ptlist-eye-attrib $-1 $-1 $-1 $2705 #
-2812 straight-curve $-1 24.000000000000004 -3.2500000000000004 3
-2.8145825622994316 1.6250000000000002 0 F 0 F 1 #
-2813 point $-1 21.185417437700572 -1.6250000000000002 3 #
-2814 ptlist-eye-attrib $-1 $-1 $-1 $2715 #
-2815 ellipse-curve $-1 24 0 0.60000000000000053 0 0 -1 -0.16923076923076863
-5.4973958331873432 0 1 F 0 F 3.25363111638893 #
-2816 point $-1 23.830769230769228 -5.4973958331873423 0.60000000000000053 #
-2817 ptlist-eye-attrib $-1 $-1 $-1 $2723 #
-2818 straight-curve $-1 24.800000000000001 -6.4969223483123146 3 0 0
-2.3999999999999995 F 0 F 1 #
-2819 plane-surface $-1 24.800000000000001 -6.9315824398413701 3 -1 0 0 0 1 0
forward_v F 0.34631539503172143 F 0.43639234047998399 F -0.14897209230716824 F
2.5489720923071681 #
-2820 point $-1 24.800000000000001 -6.5835347958587205 3 #
-2821 point $-1 24.782801754818937 5.4440078446538251 0.60000000000000053 #
-2822 cone-surface $-1 23.800000000000001 -6.4969223483123146
25.839965320795272 0 0 -1 0.03076923076923066 0.99952651512497148 0 1 I I 0 1 1
forward I I I I #
-2823 coedge $-1 $2855 $2736 $2740 $2828 reversed $2788 $-1 #
-2824 coedge $-1 $2736 $2855 $2739 $2743 forward $2788 $-1 #
-2825 ptlist-eye-attrib $-1 $-1 $-1 $2737 #
-2826 ellipse-curve $-1 14.5 0.999999999999999 2.3999999999999999 0 0 1
-1.0999999999999996 -1.1102230246251565e-16 0 1 F 0 F 3.1415926535897931 #
-2827 coedge $-1 $2740 $2739 $2854 $2866 reversed $2676 $-1 #
-2828 edge $2867 $2868 0 $2598 1 $2823 $2869 forward 7 unknown #
-2829 ptlist-eye-attrib $-1 $-1 $-1 $2743 #
-2830 vertex $-1 $2866 $2870 #
-2831 straight-curve $-1 13.000000003192444 1.0000000319294886
2.0000000031924428 0.39999999856340196 -1.4368270129239136e-08
0.39999999856339974 F 0 F 1 #
-2832 plane-surface $-1 0 0 3 0 0 -1 1 0 0 forward_v F 21.036445345393403 F
26.963554654606593 F -3.3989720923071687 F 3.3989720923071687 #
-2833 cone-surface $-1 82.845232578665133 7.2500000000000036 25.839965320795272
0 0 -1 1.976189627486943 0.30769230769230799 0 1 I I 0 1 1 forward I I I I #
-2834 coedge $-1 $2754 $2752 $2840 $2871 forward $2750 $-1 #
-2835 ptlist-eye-attrib $-1 $-1 $-1 $2753 #
-2836 vertex $-1 $2770 $2872 #
-2837 straight-curve $-1 57.154767421334853 5.2500000000000036 3
2.1316282072803006e-14 0 2.0000000000000009 F 0 F 1 #
-2838 edge $2873 $2842 0 $2756 1 $2765 $2874 forward 7 unknown #
-2839 point $-1 82.845232578665133 5.2500000000000036 3 #
-2840 coedge $-1 $2762 $2761 $2834 $2871 reversed $2609 $-1 #
-2841 ptlist-eye-attrib $-1 $-1 $-1 $2766 #
-2842 vertex $-1 $2871 $2875 #
-2843 ellipse-curve $-1 82.845232578665133 7.2500000000000036 5 0 0 -1
1.9761896274869457 0.30769230769230838 0 1 F 0 F 1.7252559252790738 #
-2844 ptlist-eye-attrib $-1 $-1 $-1 $2770 #
-2845 ellipse-curve $-1 57.154767421334874 7.2500000000000036
5.0000000000000036 0 0 -1 -7.1054273576010019e-15 -2 0 1 F 0 F
1.7252559252790773 #
-2846 ptlist-eye-attrib $-1 $-1 $-1 $2772 #
-2847 straight-curve $-1 24.800000000000001 -6.5835347958587187 3 0
0.08661244754640407 0 F 0 F 1 #
-2848 ptlist-eye-attrib $-1 $-1 $-1 $2775 #
-2849 ellipse-curve $-1 14.5 0.999999999999999 2 0 0 -1 -3
-3.3306690738754696e-16 0 1 F 0 F 3.1415926535897931 #
-2850 point $-1 17.5 0.99999999999999944 2 #
-2851 point $-1 24.800000000000001 -6.4969223483123146 3 #
-2852 ptlist-eye-attrib $-1 $-1 $-1 $2782 #
-2853 straight-curve $-1 23.830769230769228 -5.4973958331873423 3 0 0
-2.3999999999999995 F 0 F 1 #
-2854 coedge $-1 $2790 $2790 $2827 $2866 forward $2678 $-1 #
-2855 coedge $-1 $2824 $2823 $2790 $2856 reversed $2788 $-1 #
-2856 edge $2876 $2830 0 $2868 3.1415926535897931 $2855 $2877 forward 7 unknown
#
-2857 plane-surface $-1 21.185417437700572 1.6250000000000007
0.60000000000000009 -0.49999999999999917 0.86602540378443915 0
0.86602540378443915 0.49999999999999917 0 forward_v F -0.14897209230716835 F
3.3989720923071736 F -2.5489720923071681 F 0.14897209230716824 #
-2858 coedge $-1 $2797 $2805 $2796 $2859 forward $2709 $-1 #
-2859 edge $2878 $2808 0 $2800 1 $2858 $2879 forward 7 unknown #
-2860 ptlist-eye-attrib $-1 $-1 $-1 $2798 #
-2861 straight-curve $-1 24.000000000000004 3.2500000000000004 3
2.8145825622994209 -1.6250000000000002 0 F 0 F 1 #
-2862 point $-1 24.000000000000004 3.2500000000000004 3 #
-2863 ptlist-eye-attrib $-1 $-1 $-1 $2806 #
-2864 straight-curve $-1 21.185417437700572 -1.6250000000000002 3 0
3.2500000000000009 0 F 0 F 1 #
-2865 point $-1 21.185417437700572 1.6250000000000007 3 #
-2866 edge $2880 $2868 0 $2830 3.1415926535897931 $2827 $2881 forward 7 unknown
#
-2867 ptlist-eye-attrib $-1 $-1 $-1 $2828 #
-2868 vertex $-1 $2866 $2882 #
-2869 straight-curve $-1 15.999999996807555 0.99999996807050917
2.0000000031924423 -0.39999999856340018 1.4368270573328346e-08
0.39999999856340152 F 0 F 1 #
-2870 point $-1 13 0.99999999999999867 2 #
-2871 edge $2883 $2836 0 $2842 1 $2834 $2884 forward 7 unknown #
-2872 point $-1 57.154767421334867 5.2500000000000036 5.0000000000000036 #
-2873 ptlist-eye-attrib $-1 $-1 $-1 $2838 #
-2874 straight-curve $-1 82.845232578665147 5.2500000000000036 5
-1.4210854715202004e-14 0 -2 F 0 F 1 #
-2875 point $-1 82.845232578665147 5.2500000000000009 5 #
-2876 ptlist-eye-attrib $-1 $-1 $-1 $2856 #
-2877 ellipse-curve $-1 14.5 0.99999999999999889 2 0 0 1 -1.5 0 0 1 F 0 F
3.1415926535897931 #
-2878 ptlist-eye-attrib $-1 $-1 $-1 $2859 #
-2879 straight-curve $-1 21.185417437700572 1.6250000000000004 3
2.8145825622994316 1.625 0 F 0 F 1 #
-2880 ptlist-eye-attrib $-1 $-1 $-1 $2866 #
-2881 ellipse-curve $-1 14.5 0.99999999999999889 2 0 0 1 1.5
4.4408920985006262e-16 0 1 F 0 F 3.1415926535897931 #
-2882 point $-1 16 0.99999999999999933 2 #
-2883 ptlist-eye-attrib $-1 $-1 $-1 $2871 #
-2884 straight-curve $-1 57.154767421334867 5.2500000000000036
5.0000000000000009 25.69046515733028 0 -8.8817841970012523e-16 F 0 F 1 #
End-of-ACIS-data
