500 0 1 0 
58 PRO/ENGINEER BY PARAMETRIC TECHNOLOGY CORPORATION, 2024273 8 ACIS 7.0 24
Tue Aug  4 13:04:14 2026 
1 0.012389021890883574 1e-10 
-0 body $-1 $1 $-1 $2 #
-1 lump $-1 $-1 $3 $0 #
-2 transform $-1 1 0 0 0 1 0 0 0 1 0 0 0 1 rotate no_reflect no_shear #
-3 shell $-1 $-1 $-1 $4 $-1 $1 #
-4 face $-1 $5 $6 $3 $-1 $7 reversed single #
-5 face $-1 $8 $9 $3 $-1 $10 reversed single #
-6 loop $-1 $11 $12 $4 #
-7 plane-surface $-1 0 0 0 0 0 1 1 0 0 forward_v F -8.6008403611739581 F
95.44285841987184 F -9.1185514330764512 F 51.126123086899071 #
-8 face $-1 $13 $14 $3 $-1 $15 forward single #
-9 loop $-1 $-1 $16 $5 #
-10 cone-surface $-1 10.367393670162397 20.799999999999997 -0.13804054239975727
0 0 -1 0 -3.2552162169598962 0 1 I I 0.37139067635410322 0.92847669088525953 1
forward I I I I #
-11 loop $-1 $17 $18 $4 #
-12 coedge $-1 $19 $20 $21 $22 forward $6 $-1 #
-13 face $-1 $23 $24 $3 $-1 $25 forward single #
-14 loop $-1 $-1 $26 $8 #
-15 plane-surface $-1 0 0 1 0 0 1 1 0 0 forward_v F 8.6979128181480672 F
95.510917122891613 F -9.5346095580964327 F 51.545087462918133 #
-16 coedge $-1 $27 $28 $29 $30 reversed $9 $-1 #
-17 loop $-1 $31 $32 $4 #
-18 coedge $-1 $33 $34 $35 $36 forward $11 $-1 #
-19 coedge $-1 $37 $12 $38 $39 forward $6 $-1 #
-20 coedge $-1 $12 $40 $27 $41 forward $6 $-1 #
-21 coedge $-1 $29 $42 $12 $22 reversed $43 $-1 #
-22 edge $44 $45 0 $46 1 $21 $47 forward 7 unknown #
-23 face $-1 $48 $49 $3 $-1 $50 forward single #
-24 loop $-1 $-1 $51 $13 #
-25 plane-surface $-1 0 0 1 0 0 1 1 0 0 forward_v F 8.6979128181480672 F
95.510917122891613 F -9.5346095580964327 F 51.545087462918133 #
-26 coedge $-1 $52 $53 $54 $55 forward $14 $-1 #
-27 coedge $-1 $56 $16 $20 $41 reversed $9 $-1 #
-28 coedge $-1 $16 $56 $57 $58 forward $9 $-1 #
-29 coedge $-1 $59 $21 $16 $30 forward $43 $-1 #
-30 edge $60 $45 0 $61 1 $29 $62 forward 7 unknown #
-31 loop $-1 $63 $64 $4 #
-32 coedge $-1 $65 $66 $67 $68 forward $17 $-1 #
-33 coedge $-1 $69 $18 $70 $71 forward $11 $-1 #
-34 coedge $-1 $18 $69 $72 $73 forward $11 $-1 #
-35 coedge $-1 $74 $75 $18 $36 reversed $76 $-1 #
-36 edge $77 $78 0 $79 1 $35 $80 forward 7 unknown #
-37 coedge $-1 $81 $19 $82 $83 forward $6 $-1 #
-38 coedge $-1 $84 $85 $19 $39 reversed $86 $-1 #
-39 edge $87 $46 0 $88 189.4930163358203 $38 $89 forward 7 unknown #
-40 coedge $-1 $20 $90 $91 $92 forward $6 $-1 #
-41 edge $93 $94 0 $45 0.92327917430500139 $27 $95 forward 7 unknown #
-42 coedge $-1 $21 $59 $84 $96 reversed $43 $-1 #
-43 loop $-1 $-1 $42 $97 #
-44 ptlist-eye-attrib $-1 $-1 $-1 $22 #
-45 vertex $-1 $41 $98 #
-46 vertex $-1 $39 $99 #
-47 straight-curve $-1 12.91966213004738 18.869734299451089
1.3265897306583932e-08 2.4192502858869513 3.1988222664877775
-1.3265897306583932e-08 F 0 F 1 #
-48 face $-1 $100 $101 $3 $-1 $102 forward single #
-49 loop $-1 $-1 $103 $23 #
-50 plane-surface $-1 0 0 1 0 0 1 1 0 0 forward_v F 8.6979128181480672 F
95.510917122891613 F -9.5346095580964327 F 51.545087462918133 #
-51 coedge $-1 $104 $105 $106 $107 forward $24 $-1 #
-52 coedge $-1 $53 $26 $108 $109 reversed $14 $-1 #
-53 coedge $-1 $26 $52 $110 $111 reversed $14 $-1 #
-54 coedge $-1 $112 $113 $26 $55 reversed $114 $-1 #
-55 edge $115 $116 0 $117 0.66681402406976331 $54 $118 forward 7 unknown #
-56 coedge $-1 $28 $27 $119 $120 forward $9 $-1 #
-57 coedge $-1 $121 $122 $28 $58 reversed $101 $-1 #
-58 edge $123 $124 0 $61 0.92327917430502027 $57 $125 forward 7 unknown #
-59 coedge $-1 $42 $29 $122 $126 reversed $43 $-1 #
-60 ptlist-eye-attrib $-1 $-1 $-1 $30 #
-61 vertex $-1 $58 $127 #
-62 straight-curve $-1 12.91966213004738 18.869734299451089
1.3265897306583932e-08 -0.31903355378238807 0.24128320976788942
0.99999998673410273 F 0 F 1 #
-63 loop $-1 $128 $129 $4 #
-64 coedge $-1 $130 $130 $131 $132 forward $31 $-1 #
-65 coedge $-1 $133 $32 $134 $135 forward $17 $-1 #
-66 coedge $-1 $32 $136 $137 $138 forward $17 $-1 #
-67 coedge $-1 $139 $140 $32 $68 reversed $141 $-1 #
-68 edge $142 $143 0 $144 1 $67 $145 forward 7 unknown #
-69 coedge $-1 $34 $33 $146 $147 forward $11 $-1 #
-70 coedge $-1 $148 $149 $33 $71 reversed $150 $-1 #
-71 edge $151 $79 0 $152 1 $70 $153 forward 7 unknown #
-72 coedge $-1 $154 $155 $34 $73 reversed $156 $-1 #
-73 edge $157 $158 0 $78 1 $72 $159 forward 7 unknown #
-74 coedge $-1 $160 $35 $155 $161 forward $76 $-1 #
-75 coedge $-1 $35 $162 $148 $163 reversed $76 $-1 #
-76 loop $-1 $-1 $164 $165 #
-77 ptlist-eye-attrib $-1 $-1 $-1 $36 #
-78 vertex $-1 $73 $166 #
-79 vertex $-1 $71 $167 #
-80 straight-curve $-1 -2.8999999999999995 12 0 5.7999999999999989 0 0 F 0 F 1
#
-81 coedge $-1 $168 $37 $169 $170 forward $6 $-1 #
-82 coedge $-1 $171 $172 $37 $83 reversed $173 $-1 #
-83 edge $174 $88 0 $175 1.287650218567951 $82 $176 forward 7 unknown #
-84 coedge $-1 $177 $38 $42 $96 forward $86 $-1 #
-85 coedge $-1 $38 $177 $171 $178 reversed $86 $-1 #
-86 loop $-1 $-1 $85 $179 #
-87 ptlist-eye-attrib $-1 $-1 $-1 $39 #
-88 vertex $-1 $83 $180 #
-89 intcurve-curve $-1 forward { exactcur full nubs 3 open 101 0 3
3.0794136285535667 1 5.8321358293200376 1 8.2658591602353439 1
10.433999453608781 1 12.446166847456977 1 14.260938532064998 1
15.856745025753023 1 17.276268464472668 1 18.548607153647616 1
19.695432245409627 1 20.733449954833798 1 21.677383307836639 1
22.536585219576054 1 23.317796186102346 1 24.027631141942447 1
24.671856273390105 1 25.252078037214492 1 25.774798647056855 1
26.247458760175871 1 26.676418834992187 1 27.063901068252413 1
27.403372449964618 1 27.689043678213512 1 27.913765212630423 1
28.104570242064987 1 28.348969555837222 1 28.640339321668868 1
28.978565692544901 1 29.372126135144963 1 29.814786371726285 1
30.307336161298664 1 30.852735391333464 1 31.456758521527242 1
32.125478278034393 1 32.863433257541416 1 33.680982229919408 1
34.594588926112394 1 35.627622679022458 1 36.798887079131873 1
38.123901035179301 1 39.617225273542765 1 41.293917966262832 1
43.171600660607787 1 45.277517485078647 1 47.645087934294907 1
50.310000408695494 1 53.299752016170601 1 56.622852143639541 1
60.287191777781807 1 64.341766183794434 1 68.294107524455882 1
71.760866685013312 1 74.847367523564699 1 77.624794514712576 1
80.083808993331004 1 82.266243581585954 1 84.432838690106578 1
86.753255900772245 1 89.12292199706522 1 91.394114360473054 1 93.77228389628911
1 96.460832127474589 1 99.401833685390784 1 102.64763735834323 1
106.22002385814348 1 109.67400377355951 1 112.70298068309219 1
115.40089898770499 1 117.78418305403424 1 120.11305016858701 1
122.73917440902247 1 125.41765261128067 1 127.77368924354882 1
129.81161192790211 1 131.58126836865466 1 133.11880556059432 1
134.45780002333731 1 135.61558499079979 1 136.62417699654463 1
137.66881229557688 1 138.87853631872483 1 140.25190749698496 1
141.79839031606997 1 143.53665563765051 1 145.48525252794374 1
147.65244856452014 1 150.03617673947812 1 152.68100516648283 1
155.35398571024885 1 157.73324312995854 1 160.09332157081803 1
162.76316307890127 1 165.76174997956929 1 169.08410351760773 1
172.43617723199768 1 175.42393814026539 1 178.32508570910235 1
181.61630053596144 1 185.3581390856927 1 189.4930163358203 3 15.338912415934331
22.06855656593887 -6.8931717712752302e-26 15.958088053341379 22.887253502546443
-6.8931717712752302e-26 17.084801965290247 24.474532134661402
2.8618324062488314e-26 18.44491236003152 26.87827284339015
-6.3903477619090507e-27 19.344716505681824 29.169940840575578
1.4299153122205838e-27 19.769719304246664 31.348491476953445
-3.3642450963242096e-28 19.745746172369223 33.358051425363833
7.816098466887456e-29 19.455304739768483 35.146705268380195
-1.7420819601828793e-29 19.02516152452975 36.700640250251723
3.8866988957810173e-30 18.533847961051496 38.043978832927991 0
18.018451825072098 39.21597757036983 0 17.495050853497013 40.24326951382352 0
16.97560454225097 41.148064274620339 0 16.465900428525011 41.94672632987885 0
15.96275610965392 42.646584801980993 0 15.46708949125761 43.253920872957636 0
14.981812505224219 43.775362358684397 0 14.510005835070633 44.215570314452286 0
14.06087432034608 44.586603045505278 0 13.647698240730307 44.910822376432186 0
13.273324262953913 45.202817713731292 0 12.938338913059761 45.471997412018283 0
12.642227887968744 45.718487796000581 0 12.396407782594215 45.950838684918587 0
12.217818452379785 46.171615822925759 0 12.111233813227749 46.384806111869118 0
12.0984611177744 46.609265975448622 0 12.160928467490557 46.845677537431264 0
12.284426717647277 47.111217479494698 0 12.489098980536895 47.386409821941136 0
12.761300723636161 47.66846586770253 0 13.095763153275442 47.959602619648145 0
13.491796393824641 48.254816913408206 0 13.953200661918961 48.550090382466614 0
14.486185592078364 48.839592330679196 0 15.094924515688113 49.120956110638517 0
15.785818609101998 49.391515564197967 0 16.576298834354031 49.62563796626123 0
17.487782612303537 49.779707439191895 0 18.530911460406976 49.796144282159013 0
19.701603352174669 49.648345395226421 0 20.991670882323099 49.312114091189208 0
22.392191024154766 48.771850631185906 0 23.897158447851108 48.014456735776491 0
25.506547510111574 47.025228482371901 0 27.203191495485324 45.753598290656704 0
28.962555614943632 44.145935368897497 0 30.7533156222697 42.154183884523491 0
32.538428373528561 39.748056936781481 0 34.342331250469428 36.952851516384712 0
36.261627818331675 33.812528577103976 0 38.378224433932203 30.546278741605828 0
40.736493243358801 27.524128764032547 0 43.269134157539717 25.083919043242588 0
45.8579972764785 23.331766920438103 0 48.403444400991077 22.19263069271507 0
50.818664967025576 21.599357732225339 0 53.09998976298408 21.485518740768427 0
55.310618392023336 21.831754194747695 0 57.474408798618725 22.608032975948728 0
59.489486052474604 23.784664659442193 0 61.269986907381686 25.325493281669658 0
62.76665141760575 27.277939335576129 0 64.053796440075587 29.622316909953273 0
65.290427792558432 32.309934052457244 4.2327344839128717e-30 66.723860969344429
35.230344583680107 -1.8322942195492788e-29 68.443939156632069
38.200295205355346 7.4727614958463643e-29 70.524495080753809 40.840987629780273
-2.5383011438422417e-28 72.63930650598823 43.054990343449717
7.8183835091155147e-28 74.538258989618527 44.976529440035698
-2.4503255929816772e-27 76.336303831634311 46.680126369548212
7.920365639557442e-27 78.414907072063585 47.999028108198509
-3.0490800464965599e-26 80.765330297223159 48.991071200579711
1.313415143507632e-25 83.217504390580871 49.728587663115732
-4.7361811126332007e-25 85.56957593318424 50.0303943695275
1.4448484116976191e-24 87.632213432565919 49.892572616016167
-4.3535862324094918e-24 89.366508843072126 49.439881466212903
1.318897844425269e-23 90.77118411291741 48.765158739896442
-4.0012926080805143e-23 91.858914018682498 47.961956705439079
1.213728295105155e-22 92.655667356657773 47.094463931239893
-3.6627310775901564e-22 93.169791038314045 46.141725725830263
1.1954871611076421e-21 93.420071669344594 45.073165156617804
-4.9754206647254028e-21 93.46681856666541 43.859775885388935
2.3111064332075268e-20 93.326836601228933 42.487143127963691
-1.0414059927853245e-19 93.006169760898331 40.964955399179644
4.6481317985936679e-19 92.458024558461787 39.305215572921789
-2.0685505841756897e-18 91.663794043398056 37.519893233762851
9.1460217906721031e-18 90.628651801588887 35.61513777369882
-3.9887793231728033e-17 89.399178457696749 33.555663720740874
1.7254788474974946e-16 88.103964555506181 31.338913025957083
-7.2357345132546708e-16 86.963324183236409 29.03554304861369
2.595606593565089e-15 86.197767519119154 26.671669762293231
-8.4764618799363911e-15 85.927125168422151 24.201791203139301
3.3213701661304357e-14 86.078749067907296 21.520620976825391
-1.4977659521420884e-13 86.628081556491594 18.568872393229988
6.6258891195611631e-13 87.471805693793229 15.455421507406909
-2.7700924301593243e-12 88.382297388909279 12.367158548667398
9.9236790782528052e-12 89.044085931745485 9.3499559258212219
-3.2173231857107814e-11 89.166068503780366 6.2737975819374556
1.232402869251987e-10 88.699340998246882 2.9842191000935592
-5.6106151790511699e-10 87.854537800653432 -0.64180214383223988
2.5128908493090224e-09 87.170854511181759 -3.1776054899574637
-5.9747714923711702e-09 86.78579002276993 -4.5010159802144445
-5.9747714923711702e-09 0 null_surface null_surface nullbs nullbs I I 0 0 0 I I
} I I #
-90 coedge $-1 $40 $181 $182 $183 forward $6 $-1 #
-91 coedge $-1 $184 $119 $40 $92 reversed $185 $-1 #
-92 edge $186 $187 0 $94 1 $91 $188 forward 7 unknown #
-93 ptlist-eye-attrib $-1 $-1 $-1 $41 #
-94 vertex $-1 $41 $189 #
-95 ellipse-curve $-1 10.367393670162397 20.799999999999997 0 0 0 1 0
-3.1999999999999922 0 1 F 0 F 0.92327917430500139 #
-96 edge $190 $46 0 $191 1 $42 $192 forward 7 unknown #
-97 face $-1 $193 $43 $3 $-1 $194 forward single #
-98 point $-1 12.919662242403124 18.869734439215101 0 #
-99 point $-1 15.338912415934331 22.068556565938866 0 #
-100 face $-1 $195 $196 $3 $-1 $197 forward single #
-101 loop $-1 $-1 $198 $48 #
-102 plane-surface $-1 0 0 1 0 0 1 1 0 0 forward_v F 8.6979128181480672 F
95.510917122891613 F -9.5346095580964327 F 51.545087462918133 #
-103 coedge $-1 $199 $200 $201 $202 reversed $49 $-1 #
-104 coedge $-1 $203 $51 $204 $205 forward $24 $-1 #
-105 coedge $-1 $51 $206 $207 $208 forward $24 $-1 #
-106 coedge $-1 $209 $210 $51 $107 reversed $211 $-1 #
-107 edge $212 $213 0 $214 1 $106 $215 forward 7 unknown #
-108 coedge $-1 $216 $217 $52 $109 forward $218 $-1 #
-109 edge $219 $220 0 $117 24.697752688130841 $108 $221 forward 7 unknown #
-110 coedge $-1 $222 $223 $53 $111 forward $196 $-1 #
-111 edge $224 $116 0 $220 5.0822530565730606 $110 $225 forward 7 unknown #
-112 coedge $-1 $226 $54 $223 $227 reversed $114 $-1 #
-113 coedge $-1 $54 $228 $216 $229 reversed $114 $-1 #
-114 loop $-1 $-1 $230 $195 #
-115 ptlist-eye-attrib $-1 $-1 $-1 $55 #
-116 vertex $-1 $111 $231 #
-117 vertex $-1 $109 $232 #
-118 ellipse-curve $-1 64.799999999999997 7.6399999999999997 1 0 0 -1
15.703485598360189 -3.0660300165024799 0 1 F 0 F 0.66681402406976331 #
-119 coedge $-1 $91 $233 $56 $120 reversed $185 $-1 #
-120 edge $234 $94 0 $124 1 $119 $235 forward 7 unknown #
-121 coedge $-1 $236 $57 $237 $238 forward $101 $-1 #
-122 coedge $-1 $57 $239 $59 $126 forward $101 $-1 #
-123 ptlist-eye-attrib $-1 $-1 $-1 $58 #
-124 vertex $-1 $58 $240 #
-125 ellipse-curve $-1 10.367393670162397 20.799999999999997 1 0 0 1
-3.0198066269804258e-14 -2.7999999999999936 0 1 F 0 F 0.92327917430502027 #
-126 edge $241 $191 0 $61 1 $59 $242 forward 7 unknown #
-127 point $-1 12.600628576264992 19.111017509218978 1 #
-128 loop $-1 $-1 $243 $4 #
-129 coedge $-1 $244 $244 $245 $246 forward $63 $-1 #
-130 coedge $-1 $64 $64 $247 $248 forward $31 $-1 #
-131 coedge $-1 $249 $250 $64 $132 reversed $251 $-1 #
-132 edge $252 $253 0 $254 3.1415926535897931 $131 $255 forward 7 unknown #
-133 coedge $-1 $256 $65 $257 $258 forward $17 $-1 #
-134 coedge $-1 $259 $260 $65 $135 reversed $261 $-1 #
-135 edge $262 $144 0 $263 1.5707963267948966 $134 $264 forward 7 unknown #
-136 coedge $-1 $66 $265 $266 $267 forward $17 $-1 #
-137 coedge $-1 $268 $269 $66 $138 reversed $270 $-1 #
-138 edge $271 $272 0 $143 1.5707963267949419 $137 $273 forward 7 unknown #
-139 coedge $-1 $274 $67 $269 $275 forward $141 $-1 #
-140 coedge $-1 $67 $274 $259 $276 forward $141 $-1 #
-141 loop $-1 $-1 $274 $277 #
-142 ptlist-eye-attrib $-1 $-1 $-1 $68 #
-143 vertex $-1 $138 $278 #
-144 vertex $-1 $135 $279 #
-145 straight-curve $-1 64.974999999999994 5.9979999999999984
3.0565727457431081e-19 3.5250000000000057 0 -3.0565727457431081e-19 F 0 F 1 #
-146 coedge $-1 $280 $281 $69 $147 reversed $282 $-1 #
-147 edge $283 $152 0 $158 1 $146 $284 forward 7 unknown #
-148 coedge $-1 $285 $70 $75 $163 forward $150 $-1 #
-149 coedge $-1 $70 $285 $280 $286 reversed $150 $-1 #
-150 loop $-1 $-1 $149 $287 #
-151 ptlist-eye-attrib $-1 $-1 $-1 $71 #
-152 vertex $-1 $147 $288 #
-153 straight-curve $-1 2.8999999999999995 12 0 0 3 0 F 0 F 1 #
-154 coedge $-1 $289 $72 $281 $290 forward $156 $-1 #
-155 coedge $-1 $72 $289 $74 $161 reversed $156 $-1 #
-156 loop $-1 $-1 $155 $291 #
-157 ptlist-eye-attrib $-1 $-1 $-1 $73 #
-158 vertex $-1 $73 $292 #
-159 straight-curve $-1 -2.8999999999999995 15 0 0 -3 0 F 0 F 1 #
-160 coedge $-1 $293 $74 $294 $295 forward $76 $-1 #
-161 edge $296 $78 0 $297 1 $74 $298 forward 7 unknown #
-162 coedge $-1 $75 $299 $300 $301 forward $76 $-1 #
-163 edge $302 $79 0 $303 1 $148 $304 forward 7 unknown #
-164 coedge $-1 $299 $305 $306 $307 reversed $76 $-1 #
-165 face $-1 $308 $76 $3 $-1 $309 reversed single #
-166 point $-1 -2.8999999999999995 12 0 #
-167 point $-1 2.8999999999999995 12 0 #
-168 coedge $-1 $310 $81 $311 $312 forward $6 $-1 #
-169 coedge $-1 $313 $314 $81 $170 reversed $315 $-1 #
-170 edge $316 $175 0 $317 1 $169 $318 forward 7 unknown #
-171 coedge $-1 $319 $82 $85 $178 forward $173 $-1 #
-172 coedge $-1 $82 $319 $313 $320 reversed $173 $-1 #
-173 loop $-1 $-1 $172 $321 #
-174 ptlist-eye-attrib $-1 $-1 $-1 $83 #
-175 vertex $-1 $170 $322 #
-176 ellipse-curve $-1 82.176920734335852 -3.1600000000000472 0 0 0 -1
4.6088699457963145 -1.3410137295103839 0 1 F 0 F 1.287650218567951 #
-177 coedge $-1 $85 $84 $239 $323 reversed $86 $-1 #
-178 edge $324 $88 0 $325 1 $85 $326 forward 7 unknown #
-179 face $-1 $97 $86 $3 $-1 $327 reversed single #
-180 point $-1 86.78579002276993 -4.5010159802144454 -5.9747714923711702e-09 #
-181 coedge $-1 $90 $310 $328 $329 forward $6 $-1 #
-182 coedge $-1 $330 $331 $90 $183 reversed $332 $-1 #
-183 edge $333 $334 0 $187 1.5707963267948952 $182 $335 forward 7 unknown #
-184 coedge $-1 $233 $91 $331 $336 forward $185 $-1 #
-185 loop $-1 $-1 $119 $337 #
-186 ptlist-eye-attrib $-1 $-1 $-1 $92 #
-187 vertex $-1 $92 $338 #
-188 straight-curve $-1 -6.0000000150659263 17.599999999613765
-9.655866476758015e-10 16.367393606995567 6.1955276464686904e-09
1.5488809272194242e-08 F 0 F 1 #
-189 point $-1 10.367393670162397 17.600000000000005 0 #
-190 ptlist-eye-attrib $-1 $-1 $-1 $96 #
-191 vertex $-1 $126 $339 #
-192 straight-curve $-1 15.338912415934331 22.06855656593887
-6.8931717712752302e-26 -0.31903357632427287 0.24128318875906984 1 F 0 F 1 #
-193 face $-1 $340 $341 $3 $-1 $342 forward single #
-194 plane-surface $-1 13.969770568630327 20.589787133481643
0.49999999999999983 -0.7405380869389121 0.56006455637729591
-0.37139067635410394 -0.29621523477556511 0.22402582255091855
0.92847669088525908 forward_v F -0.68719069037243963 F 0.68719069037244007 F
-2.1539943257165954 F 2.1539943257165985 #
-195 face $-1 $343 $114 $3 $-1 $344 forward single #
-196 loop $-1 $-1 $222 $100 #
-197 spline-surface $-1 forward { exactsur full nubs 3 3 open open none none 6
2 0.097567635356855961 3 0.17792905594425346 1 0.39045404358696811 1
0.57875305948594336 1 0.8299472811055717 1 1.0129690932242237 3
-0.14867420965898923 3 2.148674209658989 3 80.431502021113715 4.584657835324764
0.85132579034101075 80.583047044078569 4.5615950373892051 0.85132579034101075
81.140121670068112 4.521339125956823 0.85132579034101064 82.058516090597692
4.692218232068587 0.85132579034101075 83.201354735999018 5.1819871015160857
0.85132579034101052 84.251532001232476 5.7309485353667533 0.85132579034101097
85.020236581047826 6.044852983042829 0.85132579034101075 85.364553903467055
6.1158205461516681 0.85132579034101075 80.431502021113715 4.584657835324764
1.6171085967803367 80.583047044078569 4.5615950373892051 1.6171085967803367
81.140121670068112 4.521339125956823 1.6171085967803365 82.058516090597692
4.692218232068587 1.6171085967803367 83.201354735999018 5.1819871015160857
1.6171085967803369 84.251532001232476 5.7309485353667533 1.6171085967803369
85.020236581047826 6.044852983042829 1.6171085967803367 85.364553903467055
6.1158205461516681 1.6171085967803367 80.431502021113715 4.584657835324764
2.3828914032196629 80.583047044078569 4.5615950373892051 2.3828914032196629
81.140121670068112 4.521339125956823 2.3828914032196624 82.058516090597692
4.692218232068587 2.3828914032196629 83.201354735999018 5.1819871015160857
2.3828914032196629 84.251532001232476 5.7309485353667533 2.3828914032196629
85.020236581047826 6.044852983042829 2.3828914032196629 85.364553903467055
6.1158205461516681 2.3828914032196629 80.431502021113715 4.584657835324764
3.148674209658989 80.583047044078569 4.5615950373892051 3.148674209658989
81.140121670068112 4.521339125956823 3.1486742096589877 82.058516090597692
4.692218232068587 3.1486742096589895 83.201354735999018 5.1819871015160857
3.148674209658989 84.251532001232476 5.7309485353667533 3.148674209658989
85.020236581047826 6.044852983042829 3.148674209658989 85.364553903467055
6.1158205461516681 3.148674209658989 0 0 0 0 0 0 0 F 0.097567635356855961 F
1.0129690932242237 F -0.14867420965898923 F 2.148674209658989 } I I I I #
-198 coedge $-1 $345 $346 $347 $348 forward $101 $-1 #
-199 coedge $-1 $349 $103 $350 $351 forward $49 $-1 #
-200 coedge $-1 $103 $352 $353 $354 forward $49 $-1 #
-201 coedge $-1 $355 $356 $103 $202 forward $357 $-1 #
-202 edge $358 $359 0 $360 36.7397547170876 $201 $361 forward 7 unknown #
-203 coedge $-1 $362 $104 $230 $363 forward $24 $-1 #
-204 coedge $-1 $364 $365 $104 $205 reversed $366 $-1 #
-205 edge $367 $214 0 $368 0.93812104565472276 $204 $369 forward 7 unknown #
-206 coedge $-1 $105 $370 $371 $372 reversed $24 $-1 #
-207 coedge $-1 $373 $374 $105 $208 reversed $375 $-1 #
-208 edge $376 $377 0 $213 2.4076832992426866 $207 $378 forward 7 unknown #
-209 coedge $-1 $379 $106 $374 $380 reversed $211 $-1 #
-210 coedge $-1 $106 $381 $364 $382 reversed $211 $-1 #
-211 loop $-1 $383 $384 $385 #
-212 ptlist-eye-attrib $-1 $-1 $-1 $107 #
-213 vertex $-1 $208 $386 #
-214 vertex $-1 $205 $387 #
-215 straight-curve $-1 58.311697663012978 18 1 17.617291509414144 0 0 F 0 F 1
#
-216 coedge $-1 $388 $108 $113 $229 forward $218 $-1 #
-217 coedge $-1 $108 $388 $222 $389 reversed $218 $-1 #
-218 loop $-1 $-1 $108 $390 #
-219 ptlist-eye-attrib $-1 $-1 $-1 $109 #
-220 vertex $-1 $111 $391 #
-221 intcurve-curve $-1 forward { exactcur full nubs 3 open 32 0 3
1.06350053368651 1 1.9398307818718863 1 2.4691432073210566 1 2.907714622591179
1 3.3270157588483658 1 3.9166588236318249 1 5.1951243237368354 1
6.6237438951944494 1 8.11981686181905 1 10.176067463036526 1 13.7855401519287 1
15.056138590106713 1 16.230826420586741 1 17.277754393750858 1
17.753673778986194 1 18.159388567369533 1 18.608901036586197 1
19.206865912084695 1 19.649722538553569 1 20.20873039917894 1
20.542257114880815 1 21.021968183451762 1 21.508532316390315 1
21.825431392122656 1 22.280708029021589 1 22.669409935304294 1
23.083686641211109 1 23.390604444961614 1 23.957472841789777 1
24.499366781311636 1 24.697752688130841 3 85.291658969955705 6.0998274720278021
1 85.636946307638638 6.1801208750181669 1 86.290420929155971 6.2777662726354562
1 87.110051781247762 6.0250620643077095 1 87.579792762690516 5.616119631970486
0.99999999999999978 87.826665250080936 5.2076895561312551 1 87.847961413247447
4.7134300098840702 1 87.705378240263457 3.9632665816604655 0.99999999999999967
87.310844048169983 2.9306043665161816 1.0000000000000002 86.701139075119059
1.6711990474233396 1 86.100856525914651 0.11654398923859044 1
85.544903426478143 -2.1952694124291909 0.99999999999999978 85.012434687804742
-4.5125206557955702 1.0000000000000002 83.737212875525827 -6.1177256904079034
0.99999999999999989 82.728021191634895 -6.754386175680775 0.99999999999999978
81.811264038094606 -6.8887572335033855 1.0000000000000004 81.172026381974916
-6.789911778675382 0.99999999999999978 80.758037442468719 -6.6111147362700455
1.0000000000000002 80.399052920896821 -6.277155966600219 0.99999999999999989
80.088391275200721 -5.890116885606882 1 79.762232143249676 -5.4680683622706416
0.99999999999999978 79.452854159047305 -5.1451933831011347 1 79.088889489337305
-4.8660274626456115 1 78.686753857140658 -4.6850540475830655 1.0000000000000002
78.252575045893934 -4.6498824985172327 0.99999999999999989 77.836663986765757
-4.7104528430213346 1 77.460185595538718 -4.8019727897190316
0.99999999999999989 77.058616410023731 -4.9228015825370655 0.99999999999999978
76.703161541118448 -5.0261888109993356 1.0000000000000002 76.279100482472245
-5.1013406926373461 0.99999999999999956 75.790842511794935 -5.0051442660778021
1.0000000000000002 75.455581483121932 -4.7106728024804019 0.99999999999999978
75.287660124796375 -4.5308256602864763 1 75.24344280193128 -4.48165427830663 1
0 null_surface null_surface nullbs nullbs I I 0 0 0 I I } I I #
-222 coedge $-1 $392 $110 $217 $389 forward $196 $-1 #
-223 coedge $-1 $110 $392 $112 $227 forward $196 $-1 #
-224 ptlist-eye-attrib $-1 $-1 $-1 $111 #
-225 intcurve-curve $-1 forward { exactcur full nubs 3 open 6 0 3
0.38605437784158608 1 1.600133981775925 1 2.6758192326236334 1
4.1108024055541339 1 5.0822530565730606 3 80.503583451845032 4.5743858981508412
1 80.631243926560458 4.5581816071912025 1 81.165183355400131 4.5261457703940531
0.99999999999999967 82.058216761231165 4.6921117346175674 1.0000000000000002
83.201733712026126 5.1820883431686209 0.99999999999999978 84.228297368528331
5.7191937356349385 1.0000000000000002 84.976257521290748 6.0264837583795039 1
85.291658969955705 6.0998274720278021 1 0 null_surface null_surface nullbs
nullbs I I 0 0 0 I I } I I #
-226 coedge $-1 $393 $112 $394 $395 forward $114 $-1 #
-227 edge $396 $397 0 $116 1 $112 $398 forward 7 unknown #
-228 coedge $-1 $113 $399 $400 $401 forward $114 $-1 #
-229 edge $402 $117 0 $403 1 $216 $404 forward 7 unknown #
-230 coedge $-1 $405 $393 $203 $363 reversed $114 $-1 #
-231 point $-1 80.503583451845032 4.5743858981508412 1 #
-232 point $-1 75.24344280193128 -4.48165427830663 1 #
-233 coedge $-1 $119 $184 $406 $407 forward $185 $-1 #
-234 ptlist-eye-attrib $-1 $-1 $-1 $120 #
-235 straight-curve $-1 10.367393591929641 17.600000005809292
1.4523222624518439e-08 2.6892502447140032e-08 0.39999999419071131
0.99999998547677738 F 0 F 1 #
-236 coedge $-1 $408 $121 $409 $410 forward $101 $-1 #
-237 coedge $-1 $406 $411 $121 $238 reversed $211 $-1 #
-238 edge $412 $124 0 $413 1 $237 $414 forward 7 unknown #
-239 coedge $-1 $122 $415 $177 $323 forward $101 $-1 #
-240 point $-1 10.367393670162366 18.000000000000004 1 #
-241 ptlist-eye-attrib $-1 $-1 $-1 $126 #
-242 straight-curve $-1 15.019878839610058 22.30983975469794 1
-2.4192502633450665 -3.1988222454789614 0 F 0 F 1 #
-243 coedge $-1 $416 $416 $417 $418 forward $128 $-1 #
-244 coedge $-1 $129 $129 $419 $420 forward $63 $-1 #
-245 coedge $-1 $421 $422 $129 $246 reversed $423 $-1 #
-246 edge $424 $425 0 $426 3.1415926535897931 $245 $427 forward 7 unknown #
-247 coedge $-1 $428 $429 $130 $248 reversed $430 $-1 #
-248 edge $431 $254 0 $253 3.141592653589794 $247 $432 forward 7 unknown #
-249 coedge $-1 $433 $131 $429 $434 forward $251 $-1 #
-250 coedge $-1 $131 $433 $428 $435 reversed $251 $-1 #
-251 loop $-1 $-1 $249 $436 #
-252 ptlist-eye-attrib $-1 $-1 $-1 $132 #
-253 vertex $-1 $248 $437 #
-254 vertex $-1 $248 $438 #
-255 ellipse-curve $-1 70 -4.6246970568581817e-27 -8.8817841970012523e-16 0 0 1
2.0250000000000057 -8.2663658932421462e-17 0 1 F 0 F 3.1415926535897931 #
-256 coedge $-1 $439 $133 $440 $441 forward $17 $-1 #
-257 coedge $-1 $442 $443 $133 $258 reversed $444 $-1 #
-258 edge $445 $263 0 $446 1 $257 $447 forward 7 unknown #
-259 coedge $-1 $448 $134 $140 $276 reversed $261 $-1 #
-260 coedge $-1 $134 $448 $442 $449 forward $261 $-1 #
-261 loop $-1 $-1 $134 $450 #
-262 ptlist-eye-attrib $-1 $-1 $-1 $135 #
-263 vertex $-1 $258 $451 #
-264 ellipse-curve $-1 68.5 6.9979999999999993 0 0 0 1 0 -1 0 1 F 0 F
1.5707963267948966 #
-265 coedge $-1 $136 $452 $453 $454 forward $17 $-1 #
-266 coedge $-1 $455 $456 $136 $267 reversed $457 $-1 #
-267 edge $458 $459 0 $272 1 $266 $460 forward 7 unknown #
-268 coedge $-1 $461 $137 $456 $462 forward $270 $-1 #
-269 coedge $-1 $137 $461 $139 $275 reversed $270 $-1 #
-270 loop $-1 $-1 $269 $463 #
-271 ptlist-eye-attrib $-1 $-1 $-1 $138 #
-272 vertex $-1 $138 $464 #
-273 ellipse-curve $-1 64.974999999999994 4.9979999999999993 0 0 0 -1 -1
-4.5297099404706387e-14 0 1 F 0 F 1.5707963267949419 #
-274 coedge $-1 $140 $139 $465 $466 forward $141 $-1 #
-275 edge $467 $143 0 $468 1 $139 $469 forward 7 unknown #
-276 edge $470 $471 0 $144 1 $140 $472 forward 7 unknown #
-277 face $-1 $473 $141 $3 $-1 $474 reversed single #
-278 point $-1 64.974999999999994 5.9979999999999993 0 #
-279 point $-1 68.5 5.9979999999999984 0 #
-280 coedge $-1 $475 $146 $149 $286 forward $282 $-1 #
-281 coedge $-1 $146 $475 $154 $290 reversed $282 $-1 #
-282 loop $-1 $476 $280 $477 #
-283 ptlist-eye-attrib $-1 $-1 $-1 $147 #
-284 straight-curve $-1 2.8999999999999995 15 0 -5.7999999999999989 0 0 F 0 F 1
#
-285 coedge $-1 $149 $148 $478 $479 forward $150 $-1 #
-286 edge $480 $152 0 $481 1 $149 $482 forward 7 unknown #
-287 face $-1 $483 $150 $3 $-1 $484 reversed single #
-288 point $-1 2.8999999999999995 15 0 #
-289 coedge $-1 $155 $154 $485 $486 forward $156 $-1 #
-290 edge $487 $158 0 $488 1 $154 $489 forward 7 unknown #
-291 face $-1 $490 $156 $3 $-1 $491 reversed single #
-292 point $-1 -2.8999999999999995 15 0 #
-293 coedge $-1 $492 $160 $493 $494 forward $76 $-1 #
-294 coedge $-1 $485 $495 $160 $295 reversed $496 $-1 #
-295 edge $497 $297 0 $498 1 $160 $499 forward 7 unknown #
-296 ptlist-eye-attrib $-1 $-1 $-1 $161 #
-297 vertex $-1 $486 $500 #
-298 straight-curve $-1 -2.8999999999999995 12 0 0 0 6 F 0 F 1 #
-299 coedge $-1 $162 $164 $501 $502 reversed $76 $-1 #
-300 coedge $-1 $503 $478 $162 $301 reversed $496 $-1 #
-301 edge $504 $505 0 $303 1 $162 $506 forward 7 unknown #
-302 ptlist-eye-attrib $-1 $-1 $-1 $163 #
-303 vertex $-1 $301 $507 #
-304 straight-curve $-1 2.8999999999999995 12 0 0 0 6 F 0 F 1 #
-305 coedge $-1 $164 $508 $509 $510 reversed $76 $-1 #
-306 coedge $-1 $511 $512 $164 $307 forward $513 $-1 #
-307 edge $514 $515 0 $516 1 $164 $517 forward 7 unknown #
-308 face $-1 $518 $519 $3 $-1 $520 reversed single #
-309 plane-surface $-1 -2.8999999999999999 12 0 0 -1 0 1 0 0 forward_v F
-1.8719999999999992 F 7.0719999999999983 F -0.38 F 19.379999999999999 #
-310 coedge $-1 $181 $168 $521 $522 forward $6 $-1 #
-311 coedge $-1 $523 $524 $168 $312 reversed $525 $-1 #
-312 edge $526 $317 0 $527 0.86331311501555119 $311 $528 forward 7 unknown #
-313 coedge $-1 $529 $169 $172 $320 forward $315 $-1 #
-314 coedge $-1 $169 $530 $523 $531 reversed $315 $-1 #
-315 loop $-1 $-1 $530 $532 #
-316 ptlist-eye-attrib $-1 $-1 $-1 $170 #
-317 vertex $-1 $312 $533 #
-318 straight-curve $-1 82.176920530141174 -7.959999998371722
-4.0706827908465471e-09 -80.376920255692923 -7.1142203239560331e-11
1.7786424185336176e-10 F 0 F 1 #
-319 coedge $-1 $172 $171 $415 $534 reversed $173 $-1 #
-320 edge $535 $175 0 $536 1 $172 $537 forward 7 unknown #
-321 face $-1 $179 $173 $3 $-1 $538 forward single #
-322 point $-1 82.176920734335894 -7.9600000000000337 0 #
-323 edge $539 $325 0 $191 190.60178999644262 $177 $540 forward 7 unknown #
-324 ptlist-eye-attrib $-1 $-1 $-1 $178 #
-325 vertex $-1 $323 $541 #
-326 straight-curve $-1 86.785790022769959 -4.5010159802144445
-5.9747714923711702e-09 0.38407248722239729 -0.11175118107086046
1.0000000059747716 F 0 F 1 #
-327 spline-surface $-1 forward { exactsur full nubs 3 3 open open none none
103 2 -0.00631858388047268 3 0 1 0.01 1 0.02 1 0.029999999999999999 1
0.040000000000000001 1 0.050000000000000003 1 0.059999999999999998 1
0.070000000000000007 1 0.080000000000000002 1 0.089999999999999997 1
0.10000000000000001 1 0.11 1 0.12 1 0.13 1 0.14000000000000001 1
0.14999999999999999 1 0.16 1 0.17000000000000001 1 0.17999999999999999 1 0.19 1
0.20000000000000001 1 0.20999999999999999 1 0.22 1 0.23000000000000001 1
0.23999999999999999 1 0.25 1 0.26000000000000001 1 0.27000000000000002 1
0.28000000000000003 1 0.28999999999999998 1 0.29999999999999999 1 0.31 1
0.32000000000000001 1 0.33000000000000002 1 0.34000000000000002 1
0.34999999999999998 1 0.35999999999999999 1 0.37 1 0.38 1 0.39000000000000001 1
0.40000000000000002 1 0.40999999999999998 1 0.41999999999999998 1
0.42999999999999999 1 0.44 1 0.45000000000000001 1 0.46000000000000002 1
0.46999999999999997 1 0.47999999999999998 1 0.48999999999999999 1 0.5 1
0.51000000000000001 1 0.52000000000000002 1 0.53000000000000003 1
0.54000000000000004 1 0.55000000000000004 1 0.56000000000000005 1
0.56999999999999995 1 0.57999999999999996 1 0.58999999999999997 1
0.59999999999999998 1 0.60999999999999999 1 0.62 1 0.63 1 0.64000000000000001 1
0.65000000000000002 1 0.66000000000000003 1 0.67000000000000004 1
0.68000000000000005 1 0.68999999999999995 1 0.69999999999999996 1
0.70999999999999996 1 0.71999999999999997 1 0.72999999999999998 1
0.73999999999999999 1 0.75 1 0.76000000000000001 1 0.77000000000000002 1
0.78000000000000003 1 0.79000000000000004 1 0.80000000000000004 1
0.81000000000000005 1 0.81999999999999995 1 0.82999999999999996 1
0.83999999999999997 1 0.84999999999999998 1 0.85999999999999999 1 0.87 1 0.88 1
0.89000000000000001 1 0.90000000000000002 1 0.91000000000000003 1
0.92000000000000004 1 0.93000000000000005 1 0.93999999999999995 1
0.94999999999999996 1 0.95999999999999996 1 0.96999999999999997 1
0.97999999999999998 1 0.98999999999999999 1 1 1 1.0045192522536401 3
-0.13804053820415962 3 1.1380405382041596 3 14.223467395517568
20.568560090389099 -0.13804053820415962 14.59766192290096 21.020535737514138
-0.13804053820415962 15.613842076329506 22.30315044994726 -0.13804053820415962
17.235057963192915 24.602524252482205 -0.13804053820415962 18.560889198763537
26.994081477416948 -0.1380405382041596 19.435597716464549 29.288512935842707
-0.13804053820415962 19.829903226025618 31.414255612709688 -0.13804053820415965
19.792792271970857 33.464624104216014 -0.13804053820415962 19.48401665480058
35.268336523891492 -0.13804053820415965 19.05033530942044 36.800514013877233
-0.13804053820415962 18.55726170960029 38.133016170282559 -0.13804053820415968
18.041302797678071 39.296216256720655 -0.13804053820415962 17.517482739911873
40.317508379464051 -0.13804053820415968 16.998533378912491 41.216718678541298
-0.13804053820415962 16.487873426612577 42.012775976635453 -0.13804053820415962
15.982823658359976 42.711169809105499 -0.13804053820415962 15.485168973833954
43.317203152327494 -0.13804053820415968 14.997870279166936 43.837450372000703
-0.13804053820415962 14.521746112047945 44.278552763429417 -0.13804053820415962
14.072788377770067 44.647663368003933 -0.13804053820415968 13.661832809743595
44.969763783753386 -0.13804053820415962 13.290437025642907 45.259690378600418
-0.13804053820415962 12.957508697422915 45.527552826455072 -0.13804053820415968
12.66010958264704 45.77609045854318 -0.13804053820415962 12.418544328467503
46.007973442020194 -0.13804053820415962 12.246303183664688 46.228291785907437
-0.13804053820415968 12.163605898569534 46.420657423025482 -0.13804053820415962
12.152932103479753 46.570139617875142 -0.13804053820415962 12.204367055747047
46.806597350414719 -0.1380405382041596 12.320927988240555 47.062776500602418
-0.13804053820415965 12.512097046125016 47.328456780936968 -0.13804053820415962
12.781921752032455 47.612003524554922 -0.13804053820415962 13.110943050465831
47.900802239052616 -0.1380405382041596 13.501704663500421 48.194441835845957
-0.13804053820415965 13.956152224228852 48.487569004175299 -0.1380405382041596
14.481878643080933 48.775621510962736 -0.13804053820415965 15.085219058860224
49.056626482399047 -0.13804053820415962 15.766635632881494 49.326118101247339
-0.13804053820415962 16.542941531525628 49.560405197503776 -0.1380405382041596
17.433182842884563 49.718456042367436 -0.13804053820415965 18.458615243746561
49.744446600264332 -0.1380405382041596 19.615416985550276 49.608414228631943
-0.13804053820415965 20.894424792988385 49.285234169986069 -0.13804053820415962
22.285823868948018 48.758515247147727 -0.13804053820415962 23.782603342583752
48.014764698835322 -0.1380405382041596 25.380906830768112 47.043080315643273
-0.13804053820415965 27.066849718883688 45.793985299511611 -0.1380405382041596
28.817867956952586 44.212497470684099 -0.13804053820415965 30.607461791568245
42.24528535815066 -0.13804053820415962 32.397403400466601 39.856315266741447
-0.13804053820415962 34.210548982140999 37.061534106543682 -0.1380405382041596
36.097530984170298 33.971694420805989 -0.13804053820415965 38.360263282940622
30.463856487514203 -0.1380405382041596 40.870202909643766 27.289271256682721
-0.13804053820415965 43.380550277344248 24.926704503579732 -0.1380405382041596
45.965437987567697 23.20865660398249 -0.13804053820415965 48.537159482844352
22.087067312261475 -0.1380405382041596 50.959201308311769 21.526403659377962
-0.13804053820415965 53.106718671081225 21.437067051965009 -0.1380405382041596
55.239386666410567 21.757030873151656 -0.13804053820415962 57.474756682028378
22.540943349687055 -0.13804053820415962 59.574745620275607 23.777998561180951
-0.13804053820415962 61.267563389829341 25.252432922268699 -0.13804053820415962
62.72178718180308 27.106439690438481 -0.13804053820415962 64.052512453827859
29.490410518294162 -0.13804053820415962 65.278224711239801 32.150333349252989
-0.13804053820415962 66.684830019545188 35.041811977895307 -0.13804053820415962
68.520929152153059 38.228549908164169 -0.13804053820415962 70.718475886794636
40.976619949038458 -0.13804053820415962 72.787933039195337 43.125494918148426
-0.13804053820415962 74.696537114535332 45.058131815991899 -0.13804053820415962
76.40292754292868 46.651870922370058 -0.1380405382041596 78.28630563998064
47.86615050751756 -0.13804053820415968 80.75295198819137 48.937445705235334
-0.1380405382041596 83.404238352723482 49.715106364429403 -0.13804053820415965
85.728739777251533 49.977328011621935 -0.1380405382041596 87.756179575219903
49.815235744307827 -0.13804053820415965 89.456561903688979 49.34658457898351
-0.1380405382041596 90.82670236105281 48.665557993702627 -0.13804053820415965
91.889642020135085 47.86093181527081 -0.1380405382041596 92.655773541086717
46.992733298553887 -0.13804053820415965 93.104381095082687 46.139939543392131
-0.1380405382041596 93.352948856218859 45.153491070793805 -0.13804053820415965
93.414977310687249 43.942153629244316 -0.1380405382041596 93.285203205700554
42.581274678002728 -0.13804053820415962 92.977428114775918 41.072106005231696
-0.13804053820415962 92.444362482014512 39.423474679628697 -0.13804053820415962
91.663976578996355 37.643897652530441 -0.13804053820415962 90.632433902122813
35.732175133834055 -0.13804053820415962 89.425309615291596 33.705170550259425
-0.13804053820415962 88.06205717335672 31.387029538926491 -0.13804053820415962
86.844741593060263 28.895842568188932 -0.13804053820415962 86.151518069013207
26.672444557747593 -0.13804053820415962 85.878242999005394 24.373045359820928
-0.13804053820415962 86.00320021425334 21.672187530348811 -0.13804053820415962
86.533657892166275 18.724696143117534 -0.13804053820415962 87.411774926004682
15.462043188732213 -0.1380405382041596 88.385303653844147 12.149054575057834
-0.13804053820415965 88.985101979960575 9.2915238614636859 -0.13804053820415962
89.117058106326795 6.493647830429607 -0.13804053820415962 88.689571036534929
3.2094318624100118 -0.13804053820415962 87.856972742195396 -0.41141932367127731
-0.13804053820415962 86.950594602304577 -3.784522002423401 -0.13804053820415965
86.381790537819043 -5.6703723083921282 -0.13804053820415962 86.204483261627786
-6.2338809537218305 -0.13804053820415962 14.094218356414952 20.679642010011939
0.28731982059861344 14.46583248901457 21.128222174086773 0.28731982059861344
15.476717415270066 22.404014252038149 0.28731982059861344 17.091822627619813
24.694851630247513 0.2873198205986135 18.406846492399858 27.067652327632906
0.28731982059861338 19.271427643842529 29.336841239523189 0.28731982059861344
19.659150048642964 31.428208838909107 0.28731982059861344 19.622840425610526
33.447673561310097 0.28731982059861344 19.317848456871229 35.230383008890144
0.28731982059861344 18.888479199208422 36.747487762669024 0.28731982059861344
18.399510840571445 38.068977802953349 0.2873198205986135 17.887662544368482
39.222900071058099 0.28731982059861344 17.36801781451102 40.236071724288337
0.28731982059861344 16.852942827865714 41.128550852864791 0.28731982059861355
16.346978164822922 41.917241892878408 0.28731982059861338 15.847741112961646
42.607540170760934 0.28731982059861344 15.356982662685951 43.205148341902301
0.28731982059861344 14.877354691281969 43.717128501151322 0.2873198205986135
14.410439108279963 44.14972992039727 0.28731982059861344 13.966754376578759
44.514589473553308 0.28731982059861344 13.557434390127025 44.835415039014023
0.2873198205986135 13.1850510152876 45.126102759926304 0.28731982059861344
12.84982195241864 45.395827724712689 0.28731982059861344 12.548436159470288
45.647584241338535 0.2873198205986135 12.294108860639515 45.891244540041058
0.28731982059861344 12.102530819204306 46.134603013889134 0.28731982059861344
11.995627674483172 46.373993338801981 0.2873198205986135 11.981140313487117
46.591536587521119 0.28731982059861344 12.043128075992486 46.86321354602056
0.28731982059861338 12.173262067880128 47.149685440449261 0.2873198205986135
12.383268641481214 47.440419756323863 0.28731982059861344 12.66438832431777
47.735243119006753 0.28731982059861344 13.004126329575627 48.033472438672931
0.28731982059861344 13.404528470133998 48.334266510406742 0.28731982059861338
13.869337794681755 48.634080837405435 0.28731982059861344 14.405624412151619
48.92784341813946 0.2873198205986135 15.017760681934286 49.212938602282023
0.28731982059861344 15.71031173830481 49.486853418071014 0.28731982059861344
16.502516788559639 49.726116586755651 0.28731982059861344 17.416802730762761
49.888464776133013 0.28731982059861338 18.467517168873961 49.914942210306279
0.28731982059861344 19.647446460828341 49.776000309303384 0.2873198205986135
20.946567909469017 49.447580384383826 0.28731982059861344 22.354856773499918
48.914319373830374 0.28731982059861344 23.865324268030829 48.163679174878268
0.28731982059861344 25.476094591102509 47.18438742111848 0.28731982059861338
27.175144990862329 45.925565340455087 0.28731982059861344 28.938489976046426
44.33289045421327 0.2873198205986135 30.739359791837391 42.353172031871118
0.28731982059861344 32.537821341330265 39.952622990730724 0.28731982059861344
34.355246025358674 37.151060360366564 0.28731982059861344 36.242476348903494
34.060795514785511 0.28731982059861338 38.500069736370278 30.561227413302934
0.2873198205986135 40.997242752771015 27.403352725070985 0.28731982059861338
43.487898560169015 25.059786898583525 0.2873198205986135 46.047851563425752
23.358511936806451 0.28731982059861338 48.592158272570558 22.249046515208555
0.28731982059861344 50.983254851531711 21.695889208318654 0.28731982059861344
53.097669648856325 21.608063295171913 0.28731982059861344 55.197377224009188
21.922987949042959 0.28731982059861344 57.402515268923601 22.696068554623064
0.28731982059861344 59.475034856125873 23.917107927048686 0.28731982059861338
61.143099707015544 25.370018891149442 0.2873198205986135 62.578095494678038
27.198914404062297 0.28731982059861338 63.899266132983264 29.56457367338184
0.2873198205986135 65.123856729330683 32.221816652766201 0.28731982059861338
66.533646600921131 35.120192952379121 0.2873198205986135 68.378978091630131
38.323406297748811 0.28731982059861338 70.591932750594466 41.090864756700327
0.28731982059861344 72.667636753865892 43.245742578717106 0.28731982059861344
74.574353509673742 45.176614593820517 0.28731982059861344 76.296020766157682
46.785427395750908 0.28731982059861344 78.208050080626023 48.018238595315502
0.28731982059861344 80.695462189946042 49.097887334874663 0.28731982059861338
83.367332577343277 49.882010253239315 0.2873198205986135 85.725141996891765
50.148573041633171 0.28731982059861338 87.7846815331865 49.983962070226141
0.2873198205986135 89.516431550470472 49.50699765067106 0.28731982059861338
90.916310865159886 48.81136719552228 0.2873198205986135 92.004281008810636
47.987992677299928 0.28731982059861338 92.795473568671696 47.0930065152303
0.2873198205986135 93.265801028700011 46.199302163633718 0.28731982059861338
93.522583940427765 45.176477378695779 0.2873198205986135 93.585554694606344
43.935686081798259 0.28731982059861344 93.453728108161755 42.555750486290421
0.28731982059861344 93.142149197924084 41.028090546918136 0.28731982059861344
92.603379164656758 39.362136811461866 0.28731982059861338 91.816511816598165
37.56810677583492 0.2873198205986135 90.779737707519573 35.646939367194335
0.28731982059861338 89.57099233003278 33.617298284186738 0.2873198205986135
88.210891488009906 31.30437552699869 0.28731982059861338 87.002390174447811
28.830017044258113 0.2873198205986135 86.319028037214721 26.636992306031011
0.28731982059861338 86.049131251471266 24.368525169717643 0.28731982059861344
86.172488876595878 21.693353976380489 0.28731982059861344 86.699538801870418
18.763393172233787 0.28731982059861344 87.574775618029662 15.510858613753584
0.28731982059861344 88.549640790464565 12.193317585470995 0.28731982059861344
89.154356333023202 9.3163550111326998 0.28731982059861338 89.28786654638472
6.4830682982608732 0.2873198205986135 88.856713523687347 3.1767341493716641
0.28731982059861338 88.021758181535304 -0.45395128083642211 0.28731982059861344
87.114339248689305 -3.8307967519907509 0.28731982059861344 86.544617867581934
-5.7197553891024837 0.28731982059861344 86.366966057688373 -6.2844378432197558
0.28731982059861344 13.964969317312338 20.79072392963478 0.71268017940138662
14.334003055128182 21.235908610659411 0.71268017940138662 15.339592754210621
22.504878054129044 0.7126801794013865 16.948587292046717 24.787179008012792
0.71268017940138673 18.252803786036182 27.141223177848868 0.71268017940138662
19.107257571220508 29.385169543203666 0.71268017940138662 19.488396871260299
31.44216206510853 0.71268017940138662 19.452888579250207 33.430723018404187
0.71268017940138662 19.151680258941887 35.192429493888767 0.71268017940138662
18.726623088996401 36.69446151146083 0.71268017940138673 18.241759971542606
38.004939435624145 0.71268017940138673 17.734022291058878 39.149583885395522
0.71268017940138662 17.21855288911016 40.154635069112651 0.71268017940138673
16.707352276818938 41.040383027188284 0.71268017940138673 16.206082903033266
41.821707809121364 0.71268017940138662 15.712658567563313 42.503910532416384
0.71268017940138662 15.228796351537955 43.093093531477123 0.71268017940138662
14.756839103396999 43.596806630301927 0.71268017940138673 14.299132104511987
44.020907077365145 0.71268017940138673 13.860720375387444 44.381515579102654
0.71268017940138662 13.453035970510459 44.701066294274696 0.71268017940138673
13.079665004932295 44.992515141252156 0.71268017940138673 12.742135207414368
45.264102622970327 0.71268017940138662 12.436762736293534 45.519078024133883
0.71268017940138673 12.169673392811529 45.774515638061914 0.71268017940138673
11.958758454743936 46.04091424187083 0.71268017940138662 11.827649450396798
46.327329254578487 0.71268017940138673 11.809348523494494 46.612933557167096
0.71268017940138673 11.881889096237916 46.919829741626394 0.7126801794013865
12.025596147519707 47.23659438029609 0.71268017940138673 12.254440236837414
47.552382731710765 0.71268017940138662 12.546854896603081 47.858482713458557
0.71268017940138662 12.89730960868542 48.166142638293259 0.71268017940138673
13.307352276767578 48.474091184967513 0.71268017940138662 13.782523365134661
48.780592670635599 0.7126801794013865 14.329370181222307 49.080065325316198
0.71268017940138673 14.950302305008341 49.369250722164992 0.71268017940138662
15.653987843728126 49.647588734894704 0.71268017940138662 16.462092045593646
49.891827976007505 0.71268017940138673 17.400422618640967 50.058473509898633
0.71268017940138662 18.476419094001354 50.085437820348183 0.7126801794013865
19.679475936106421 49.943586389974854 0.71268017940138673 20.998711025949639
49.609926598781577 0.71268017940138662 22.423889678051825 49.070123500513006
0.71268017940138662 23.948045193477906 48.312593650921251 0.71268017940138673
25.571282351436921 47.325694526593679 0.71268017940138662 27.283440262840955
46.057145381398577 0.7126801794013865 29.05911199514027 44.453283437742428
0.71268017940138673 30.87125779210654 42.461058705591583 0.71268017940138662
32.678239282193942 40.048930714720001 0.71268017940138662 34.499943068576343
37.240586614189461 0.71268017940138673 36.387421713636691 34.149896608765047
0.71268017940138662 38.639876189799921 30.658598339091661 0.7126801794013865
41.124282595898279 27.517434193459259 0.71268017940138662 43.595246842993753
25.192869293587307 0.7126801794013865 46.130265139283814 23.508367269630412
0.71268017940138662 48.64715706229677 22.411025718155638 0.7126801794013865
51.007308394751625 21.865374757259335 0.71268017940138662 53.088620626631446
21.779059538378821 0.71268017940138662 55.155367781607808 22.088945024934265
0.71268017940138639 57.330273855818838 22.85119375955906 0.71268017940138662
59.375324091976125 24.056217292916429 0.71268017940138662 61.01863602420174
25.487604860030178 0.7126801794013865 62.434403807552982 27.291389117686105
0.71268017940138662 63.746019812138684 29.638736828469511 0.7126801794013865
64.969488747421579 32.293299956279441 0.71268017940138662 66.382463182297101
35.198573926862913 0.7126801794013865 68.237027031107175 38.418262687333467
0.71268017940138662 70.465389614394326 41.205109564362189 0.7126801794013865
72.547340468536433 43.365990239285779 0.71268017940138662 74.452169904812095
45.295097371649163 0.71268017940138662 76.189113989386698 46.918983869131743
0.71268017940138639 78.129794521271421 48.170326683113437 0.71268017940138662
80.637972391700742 49.258328964513993 0.7126801794013865 83.330426801962986
50.048914142049199 0.71268017940138662 85.721544216532095 50.319818071644413
0.7126801794013865 87.81318349115304 50.152688396144441 0.71268017940138662
89.576301197251979 49.667410722358603 0.7126801794013865 91.005919369266948
48.957176397341932 0.71268017940138662 92.118919997486174 48.115053539329047
0.7126801794013865 92.935173596256675 47.193279731906728 0.71268017940138662
93.427220962317378 46.258664783875282 0.7126801794013865 93.692219024636643
45.199463686597774 0.71268017940138662 93.756132078525397 43.929218534352202
0.71268017940138662 93.62225301062297 42.530226294578114 0.71268017940138639
93.30687028107225 40.98407508860457 0.71268017940138662 92.762395847299004
39.300798943295007 0.71268017940138662 91.969047054199947 37.492315899139427
0.7126801794013865 90.927041512916333 35.561703600554587 0.71268017940138662
89.716675044773993 33.52942601811408 0.7126801794013865 88.359725802663093
31.221721515070897 0.71268017940138662 87.160038755835345 28.764191520327302
0.7126801794013865 86.48653800541625 26.60154005431443 0.71268017940138662
86.220019503937067 24.364004979614357 0.7126801794013865 86.341777538938487
21.714520422412164 0.71268017940138662 86.865419711574532 18.80209020135004
0.71268017940138662 87.737776310054699 15.559674038774951 0.71268017940138639
88.713977927084983 12.237580595884152 0.71268017940138662 89.323610686085772
9.3411861608017173 0.7126801794013865 89.458674986442688 6.4724887660921349
0.71268017940138662 89.023856010839765 3.144036436333316 0.7126801794013865
88.186543620875227 -0.49648323800156691 0.71268017940138662 87.278083895074047
-3.8770715015580999 0.71268017940138662 86.707445197344867 -5.7691384698128401
0.71268017940138662 86.529448853748988 -6.3349947327176821 0.71268017940138662
13.835720278209722 20.90180584925762 1.1380405382041596 14.202173621241792
21.34359504723205 1.1380405382041596 15.202468093151181 22.605741856219925
1.1380405382041598 16.805351956473608 24.8795063857781 1.1380405382041596
18.098761079672506 27.214794028064823 1.1380405382041596 18.943087498598487
29.433497846884144 1.1380405382041594 19.317643693877645 31.456115291307952
1.1380405382041598 19.28293673288988 33.413772475498263 1.1380405382041596
18.985512061012528 35.154475978887419 1.1380405382041598 18.564766978784387
36.641435260252621 1.1380405382041596 18.084009102513754 37.94090106829492
1.1380405382041598 17.580382037749288 39.076267699732959 1.1380405382041596
17.069087963709308 40.073198413936936 1.1380405382041596 16.561761725772161
40.952215201511777 1.1380405382041598 16.065187641243611 41.726173725364319
1.1380405382041594 15.57757602216498 42.40028089407182 1.1380405382041598
15.100610040389956 42.981038721051931 1.1380405382041596 14.636323515512027
43.476484759452546 1.1380405382041598 14.187825100744005 43.892084234333012
1.1380405382041598 13.754686374196137 44.248441684652029 1.1380405382041596
13.348637550893889 44.566717549535326 1.1380405382041598 12.974278994576988
44.858927522578036 1.1380405382041598 12.634448462410095 45.132377521227951
1.1380405382041596 12.325089313116784 45.390571806929216 1.1380405382041598
12.045237924983539 45.657786736082784 1.1380405382041598 11.81498609028356
45.947225469852533 1.1380405382041596 11.659671226310433 46.280665170354979
1.1380405382041598 11.637556733501864 46.634330526813081 1.1380405382041598
11.720650116483355 46.976445937232228 1.1380405382041596 11.877930227159279
47.323503320142933 1.1380405382041598 12.125611832193611 47.664345707097681
1.1380405382041596 12.4293214688884 47.981722307910367 1.1380405382041598
12.790492887795212 48.298812837913587 1.1380405382041596 13.210176083401155
48.613915859528298 1.1380405382041596 13.695708935587565 48.927104503865742
1.1380405382041596 14.25311595029299 49.232287232492936 1.1380405382041598
14.882843928082405 49.525562842047975 1.1380405382041596 15.597663949151446
49.80832405171838 1.1380405382041598 16.421667302627654 50.057539365259366
1.1380405382041596 17.384042506519165 50.228482243664217 1.1380405382041596
18.485321019128758 50.255933430390122 1.1380405382041596 19.71150541138449
50.111172470646309 1.1380405382041598 21.050854142430271 49.772272813179327
1.1380405382041596 22.492922582603725 49.225927627195652 1.1380405382041598
24.03076611892498 48.461508126964191 1.1380405382041596 25.666470111771314
47.4670016320689 1.1380405382041596 27.391735534819606 46.188725422342053
1.1380405382041596 29.1797340142341 44.5736764212716 1.1380405382041598
31.003155792375701 42.568945379312034 1.1380405382041596 32.818657223057599
40.145238438709285 1.1380405382041598 34.644640111794033 37.330112868012343
1.1380405382041596 36.532367078369887 34.23899770274457 1.1380405382041596
38.77968264322957 30.755969264880388 1.1380405382041596 41.25132243902555
27.631515661847533 1.1380405382041596 43.702595125818519 25.325951688591097
1.1380405382041596 46.212678715141877 23.658222602454376 1.1380405382041596
48.702155852022983 22.573004921102715 1.1380405382041596 51.031361937971553
22.03486030620002 1.1380405382041596 53.079571604406546 21.950055781585732
1.1380405382041596 55.113358339206435 22.254902100825561 1.1380405382041596
57.258032442714068 23.006318964495069 1.1380405382041596 59.275613327826385
24.195326658784161 1.1380405382041596 60.894172341387943 25.60519082891091
1.1380405382041596 62.290712120427933 27.383863831309924 1.1380405382041596
63.592773491294103 29.712899983557186 1.1380405382041596 64.815120765512447
32.364783259792659 1.1380405382041596 66.231279763673058 35.276954901346727
1.1380405382041596 68.095075970584233 38.513119076918109 1.1380405382041596
70.338846478194199 41.319354372024051 1.1380405382041596 72.427044183206974
43.486237899854459 1.1380405382041596 74.329986299950519 45.413580149477781
1.1380405382041596 76.082207212615685 47.052540342512593 1.1380405382041596
78.051538961916819 48.322414770911379 1.1380405382041596 80.5804825934554
49.418770594153344 1.1380405382041596 83.293521026582766 50.215818030859097
1.1380405382041596 85.717946436172355 50.491063101655655 1.1380405382041596
87.841685449119623 50.321414722062741 1.1380405382041596 89.636170844033472
49.827823794046147 1.1380405382041596 91.095527873374024 49.102985599161585
1.1380405382041596 92.233558986161725 48.242114401358165 1.1380405382041596
93.074873623841654 47.293552948583141 1.1380405382041596 93.588640895934688
46.318027404116869 1.1380405382041596 93.861854108845506 45.222449994499748
1.1380405382041596 93.926709462444464 43.922750986906145 1.1380405382041596
93.790777913084199 42.504702102865799 1.1380405382041596 93.471591364220416
40.940059630291017 1.1380405382041596 92.92141252994125 39.239461075128155
1.1380405382041596 92.121582291801744 37.416525022443906 1.1380405382041596
91.074345318313135 35.476467833914867 1.1380405382041596 89.862357759515163
33.441553752041393 1.1380405382041596 88.50856011731625 31.139067503143099
1.1380405382041596 87.317687337222893 28.69836599639649 1.1380405382041596
86.65404797361775 26.566087802597849 1.1380405382041596 86.390907756402925
24.359484789511072 1.1380405382041596 86.511066201281054 21.73568686844385
1.1380405382041596 87.031300621278689 18.840787230466297 1.1380405382041596
87.900777002079693 15.608489463796312 1.1380405382041596 88.878315063705429
12.281843606297318 1.1380405382041596 89.492865039148342 9.3660173104707294
1.1380405382041596 89.629483426500627 6.461909233923401 1.1380405382041596
89.190998497992155 3.1113387232949683 1.1380405382041596 88.351329060215136
-0.53901519516671215 1.1380405382041596 87.441828541458804 -3.923346251125448
1.1380405382041598 86.870272527107772 -5.8185215505231955 1.1380405382041596
86.691931649809575 -6.3855516222156075 1.1380405382041596 0 0 0 0 0 0 0 F
-0.00631858388047268 F 1.0045192522536401 F -0.13804053820415962 F
1.1380405382041596 } I I I I #
-328 coedge $-1 $542 $543 $181 $329 reversed $544 $-1 #
-329 edge $545 $546 0 $334 1 $328 $547 forward 7 unknown #
-330 coedge $-1 $548 $182 $543 $549 forward $332 $-1 #
-331 coedge $-1 $182 $548 $184 $336 reversed $332 $-1 #
-332 loop $-1 $-1 $330 $550 #
-333 ptlist-eye-attrib $-1 $-1 $-1 $183 #
-334 vertex $-1 $183 $551 #
-335 ellipse-curve $-1 -5.9999999999999991 17 0 0 0 -1 -0.60000000000000053 0 0
1 F 0 F 1.5707963267948952 #
-336 edge $552 $187 0 $553 1 $184 $554 forward 7 unknown #
-337 face $-1 $555 $185 $3 $-1 $556 forward single #
-338 point $-1 -6 17.600000000000001 0 #
-339 point $-1 15.019878839610058 22.30983975469794 1 #
-340 face $-1 $557 $366 $3 $-1 $558 forward single #
-341 loop $-1 $-1 $559 $193 #
-342 plane-surface $-1 1.8 -8.3599999999999994 0 0 -1 0 1 0 0 forward_v F
-1.2600000000000009 F 64.260000000000005 F 0.85132579034101075 F
6.1486742096589895 #
-343 face $-1 $560 $561 $3 $-1 $562 reversed single #
-344 cone-surface $-1 64.799999999999997 7.6399999999999997 1 0 0 1 16 0 0 1 I
I 0 1 1 forward I I I I #
-345 coedge $-1 $563 $198 $564 $565 forward $101 $-1 #
-346 coedge $-1 $198 $566 $567 $568 forward $101 $-1 #
-347 coedge $-1 $569 $570 $198 $348 reversed $571 $-1 #
-348 edge $572 $573 0 $574 91.179022962150526 $347 $575 forward 7 unknown #
-349 coedge $-1 $576 $199 $577 $578 reversed $49 $-1 #
-350 coedge $-1 $579 $580 $199 $351 reversed $581 $-1 #
-351 edge $582 $359 0 $583 2.5621179105502447 $350 $584 forward 7 unknown #
-352 coedge $-1 $200 $576 $585 $586 forward $49 $-1 #
-353 coedge $-1 $587 $588 $200 $354 reversed $589 $-1 #
-354 edge $590 $591 0 $360 2.6473813877746877 $353 $592 forward 7 unknown #
-355 coedge $-1 $593 $201 $588 $594 forward $357 $-1 #
-356 coedge $-1 $201 $593 $579 $595 reversed $357 $-1 #
-357 loop $-1 $-1 $593 $596 #
-358 ptlist-eye-attrib $-1 $-1 $-1 $202 #
-359 vertex $-1 $351 $597 #
-360 vertex $-1 $354 $598 #
-361 intcurve-curve $-1 forward { exactcur full nubs 3 open 7 0 3
0.6867056303573027 1 6.845460357462759 1 16.31804175256071 1 25.871589023243331
1 33.344945132475367 1 36.7397547170876 3 20.858380206207883 44.254070786207436
1 21.064997290141115 44.15555454479022 1 23.108205165148302 43.139435653657358
1.0000000000000004 27.57805125608747 39.906302512134793 0.99999999999999978
32.81788073273573 33.275542761354266 1.0000000000000002 37.866543555446391
26.034752669995633 1 42.796985616823271 21.237283548221509 1 45.866198679848381
19.288899008932511 1 46.862397755463164 18.752137243913864 1 0 null_surface
null_surface nullbs nullbs I I 0 0 0 I I } I I #
-362 coedge $-1 $370 $203 $599 $600 forward $24 $-1 #
-363 edge $601 $368 0 $602 0.68973713877477161 $230 $603 forward 7 unknown #
-364 coedge $-1 $604 $204 $210 $382 forward $366 $-1 #
-365 coedge $-1 $204 $604 $405 $605 reversed $366 $-1 #
-366 loop $-1 $-1 $365 $340 #
-367 ptlist-eye-attrib $-1 $-1 $-1 $205 #
-368 vertex $-1 $363 $606 #
-369 ellipse-curve $-1 75.928989172427123 15.800000000000001 1 0 0 -1 0
2.1999999999999993 0 1 F 0 F 0.93812104565472276 #
-370 coedge $-1 $206 $362 $607 $608 reversed $24 $-1 #
-371 coedge $-1 $609 $610 $206 $372 forward $611 $-1 #
-372 edge $612 $377 0 $613 85.996454066329065 $371 $614 forward 7 unknown #
-373 coedge $-1 $615 $207 $610 $616 reversed $375 $-1 #
-374 coedge $-1 $207 $615 $209 $380 forward $375 $-1 #
-375 loop $-1 $-1 $373 $617 #
-376 ptlist-eye-attrib $-1 $-1 $-1 $208 #
-377 vertex $-1 $208 $618 #
-378 ellipse-curve $-1 58.311697663012978 18.399999999999999 1 0 0 1
-0.26791107299103345 0.2970246740067104 0 1 F 0 F 2.4076832992426866 #
-379 coedge $-1 $619 $209 $620 $621 forward $211 $-1 #
-380 edge $622 $623 0 $213 1 $209 $624 forward 7 unknown #
-381 coedge $-1 $210 $625 $626 $627 reversed $211 $-1 #
-382 edge $628 $214 0 $629 1 $364 $630 forward 7 unknown #
-383 loop $-1 $-1 $631 $385 #
-384 coedge $-1 $632 $619 $566 $633 reversed $211 $-1 #
-385 face $-1 $634 $211 $3 $-1 $635 forward single #
-386 point $-1 58.311697663012978 18 1 #
-387 point $-1 75.928989172427123 18 1 #
-388 coedge $-1 $217 $216 $636 $637 reversed $218 $-1 #
-389 edge $638 $220 0 $639 1 $217 $640 forward 7 unknown #
-390 face $-1 $641 $218 $3 $-1 $642 forward single #
-391 point $-1 85.291658969955705 6.0998274720278021 1 #
-392 coedge $-1 $223 $222 $643 $644 reversed $196 $-1 #
-393 coedge $-1 $230 $226 $645 $646 reversed $114 $-1 #
-394 coedge $-1 $643 $647 $226 $395 reversed $648 $-1 #
-395 edge $649 $397 0 $650 0.13573773313925833 $394 $651 forward 7 unknown #
-396 ptlist-eye-attrib $-1 $-1 $-1 $227 #
-397 vertex $-1 $227 $652 #
-398 straight-curve $-1 80.503580537658948 4.5744945130434589 3
2.9141860835579791e-06 -0.00010861489261859703 -2 F 0 F 1 #
-399 coedge $-1 $228 $653 $654 $655 reversed $114 $-1 #
-400 coedge $-1 $656 $636 $228 $401 reversed $648 $-1 #
-401 edge $657 $658 0 $403 0.062621430291449606 $400 $659 forward 7 unknown #
-402 ptlist-eye-attrib $-1 $-1 $-1 $229 #
-403 vertex $-1 $229 $660 #
-404 straight-curve $-1 75.24344280193128 -4.48165427830663 1 0
-6.2172489379008766e-15 2 F 0 F 1 #
-405 coedge $-1 $661 $230 $365 $605 forward $114 $-1 #
-406 coedge $-1 $662 $237 $233 $407 reversed $211 $-1 #
-407 edge $663 $553 0 $124 1 $233 $664 forward 7 unknown #
-408 coedge $-1 $665 $236 $666 $667 reversed $101 $-1 #
-409 coedge $-1 $668 $669 $236 $410 reversed $670 $-1 #
-410 edge $671 $413 0 $672 1.0326065230813193 $409 $673 forward 7 unknown #
-411 coedge $-1 $237 $674 $668 $675 reversed $211 $-1 #
-412 ptlist-eye-attrib $-1 $-1 $-1 $238 #
-413 vertex $-1 $410 $676 #
-414 straight-curve $-1 10.367393618822145 18.000000000000004 1
5.1959308608201056 -3.5527136788005009e-15 0 F 0 F 1 #
-415 coedge $-1 $239 $677 $319 $534 forward $101 $-1 #
-416 coedge $-1 $243 $243 $678 $679 forward $128 $-1 #
-417 coedge $-1 $680 $681 $243 $418 reversed $682 $-1 #
-418 edge $683 $684 0 $685 3.141592653589794 $417 $686 forward 7 unknown #
-419 coedge $-1 $687 $688 $244 $420 reversed $689 $-1 #
-420 edge $690 $426 0 $425 3.141592653589794 $419 $691 forward 7 unknown #
-421 coedge $-1 $692 $245 $688 $693 forward $423 $-1 #
-422 coedge $-1 $245 $692 $687 $694 reversed $423 $-1 #
-423 loop $-1 $-1 $421 $695 #
-424 ptlist-eye-attrib $-1 $-1 $-1 $246 #
-425 vertex $-1 $420 $696 #
-426 vertex $-1 $420 $697 #
-427 ellipse-curve $-1 45 -6.2872583924663963e-27 0 0 0 1 2.0249999999999986
-8.2663658937221114e-17 0 1 F 0 F 3.1415926535897931 #
-428 coedge $-1 $698 $247 $250 $435 forward $430 $-1 #
-429 coedge $-1 $247 $698 $249 $434 reversed $430 $-1 #
-430 loop $-1 $-1 $428 $699 #
-431 ptlist-eye-attrib $-1 $-1 $-1 $248 #
-432 ellipse-curve $-1 70 -8.3955278615821396e-16 -8.8817841970012523e-16 0 0 1
-2.0250000000000057 1.087543762987124e-15 0 1 F 0 F 3.141592653589794 #
-433 coedge $-1 $250 $249 $700 $701 forward $251 $-1 #
-434 edge $702 $253 0 $703 1 $429 $704 forward 7 unknown #
-435 edge $705 $254 0 $706 1 $428 $707 forward 7 unknown #
-436 face $-1 $699 $251 $3 $-1 $708 reversed single #
-437 point $-1 72.025000000000006 -3.7652622607991914e-16
-8.8817841970012523e-16 #
-438 point $-1 67.974999999999994 2.4799097682891005e-16
-8.8817841970012523e-16 #
-439 coedge $-1 $709 $256 $710 $711 forward $17 $-1 #
-440 coedge $-1 $712 $713 $256 $441 reversed $714 $-1 #
-441 edge $715 $446 0 $716 1.5707963267948966 $440 $717 forward 7 unknown #
-442 coedge $-1 $718 $257 $260 $449 reversed $444 $-1 #
-443 coedge $-1 $257 $718 $712 $719 forward $444 $-1 #
-444 loop $-1 $-1 $718 $720 #
-445 ptlist-eye-attrib $-1 $-1 $-1 $258 #
-446 vertex $-1 $441 $721 #
-447 straight-curve $-1 69.5 6.9979999999999984 0 0 4.5219999999999994 0 F 0 F
1 #
-448 coedge $-1 $260 $259 $722 $723 reversed $261 $-1 #
-449 edge $724 $725 0 $263 1 $260 $726 forward 7 unknown #
-450 face $-1 $277 $261 $3 $-1 $727 reversed single #
-451 point $-1 69.5 6.9979999999999984 0 #
-452 coedge $-1 $265 $728 $729 $730 forward $17 $-1 #
-453 coedge $-1 $731 $732 $265 $454 reversed $733 $-1 #
-454 edge $734 $735 0 $459 1.5707963267948974 $453 $736 forward 7 unknown #
-455 coedge $-1 $737 $266 $732 $738 reversed $457 $-1 #
-456 coedge $-1 $266 $737 $268 $462 reversed $457 $-1 #
-457 loop $-1 $-1 $266 $739 #
-458 ptlist-eye-attrib $-1 $-1 $-1 $267 #
-459 vertex $-1 $267 $740 #
-460 straight-curve $-1 63.975000000000001 4.3599999999999994 0 0
0.6379999999999848 1.528286372871581e-19 F 0 F 1 #
-461 coedge $-1 $269 $268 $741 $742 reversed $270 $-1 #
-462 edge $743 $272 0 $744 1 $456 $745 forward 7 unknown #
-463 face $-1 $739 $270 $3 $-1 $746 forward single #
-464 point $-1 63.975000000000001 4.9979999999999842 1.528286372871581e-19 #
-465 coedge $-1 $741 $722 $274 $466 reversed $747 $-1 #
-466 edge $748 $468 0 $471 1 $274 $749 forward 7 unknown #
-467 ptlist-eye-attrib $-1 $-1 $-1 $275 #
-468 vertex $-1 $742 $750 #
-469 straight-curve $-1 64.974999999999994 5.9979999999999984
3.0565727457431081e-19 0 0 3 F 0 F 1 #
-470 ptlist-eye-attrib $-1 $-1 $-1 $276 #
-471 vertex $-1 $466 $751 #
-472 straight-curve $-1 68.5 5.9979999999999984 3 0 0 -3 F 0 F 1 #
-473 face $-1 $752 $753 $3 $-1 $754 reversed single #
-474 plane-surface $-1 63.975000000000001 5.9979999999999993 0 0 -1 0 1 0 0
forward_v F 0.85132579034100586 F 4.6736742096589854 F -0.14867420965898923 F
3.148674209658989 #
-475 coedge $-1 $281 $280 $755 $756 forward $282 $-1 #
-476 loop $-1 $-1 $757 $477 #
-477 face $-1 $291 $282 $3 $-1 $758 reversed single #
-478 coedge $-1 $300 $755 $285 $479 reversed $496 $-1 #
-479 edge $759 $303 0 $481 1 $285 $760 forward 7 unknown #
-480 ptlist-eye-attrib $-1 $-1 $-1 $286 #
-481 vertex $-1 $756 $761 #
-482 straight-curve $-1 2.8999999999999995 15 0 0 0 6 F 0 F 1 #
-483 face $-1 $762 $763 $3 $-1 $764 reversed single #
-484 plane-surface $-1 2.8999999999999999 12 0 1 0 0 0 1 0 forward_v F
-0.14867420965898923 F 3.148674209658989 F -0.14867420965898923 F
6.1486742096589895 #
-485 coedge $-1 $755 $294 $289 $486 reversed $496 $-1 #
-486 edge $765 $488 0 $297 1 $485 $766 forward 7 unknown #
-487 ptlist-eye-attrib $-1 $-1 $-1 $290 #
-488 vertex $-1 $290 $767 #
-489 straight-curve $-1 -2.8999999999999995 15 0 0 0 6 F 0 F 1 #
-490 face $-1 $768 $769 $3 $-1 $770 forward single #
-491 plane-surface $-1 -2.8999999999999999 15 0 -1 0 0 0 -1 0 forward_v F
-0.14867420965898923 F 3.148674209658989 F -0.14867420965898923 F
6.1486742096589895 #
-492 coedge $-1 $771 $293 $772 $773 reversed $76 $-1 #
-493 coedge $-1 $774 $775 $293 $494 reversed $776 $-1 #
-494 edge $777 $498 0 $778 1 $493 $779 forward 7 unknown #
-495 coedge $-1 $294 $780 $774 $781 reversed $496 $-1 #
-496 loop $-1 $-1 $782 $768 #
-497 ptlist-eye-attrib $-1 $-1 $-1 $295 #
-498 vertex $-1 $295 $783 #
-499 straight-curve $-1 -2.8999999999999995 12 6 -1.7000000000000002 0 0 F 0 F
1 #
-500 point $-1 -2.8999999999999995 12 6 #
-501 coedge $-1 $784 $785 $299 $502 forward $786 $-1 #
-502 edge $787 $505 0 $515 1 $299 $788 forward 7 unknown #
-503 coedge $-1 $789 $300 $785 $790 forward $496 $-1 #
-504 ptlist-eye-attrib $-1 $-1 $-1 $301 #
-505 vertex $-1 $790 $791 #
-506 straight-curve $-1 3.9999999999999987 12 6 -1.0999999999999992 0 0 F 0 F 1
#
-507 point $-1 2.8999999999999995 12 6 #
-508 coedge $-1 $305 $771 $792 $793 forward $76 $-1 #
-509 coedge $-1 $794 $794 $305 $510 forward $519 $-1 #
-510 edge $795 $516 0 $796 1 $509 $797 forward 7 unknown #
-511 coedge $-1 $792 $306 $794 $798 forward $513 $-1 #
-512 coedge $-1 $306 $799 $784 $800 reversed $513 $-1 #
-513 loop $-1 $-1 $511 $801 #
-514 ptlist-eye-attrib $-1 $-1 $-1 $307 #
-515 vertex $-1 $800 $802 #
-516 vertex $-1 $307 $803 #
-517 straight-curve $-1 3.9999999999999938 12 12.231885425213139
-3.9999999999999938 0 -3.730349362740526e-14 F 0 F 1 #
-518 face $-1 $804 $805 $3 $-1 $806 forward single #
-519 loop $-1 $-1 $794 $308 #
-520 plane-surface $-1 0 0 19 -1 0 0 0 0 1 forward_v F -6.9167887844459583 F
-5.08321121555415 F 11.898 F 12.002000000000001 #
-521 coedge $-1 $807 $808 $310 $522 reversed $809 $-1 #
-522 edge $810 $527 0 $546 0.70748321177934492 $521 $811 forward 7 unknown #
-523 coedge $-1 $812 $311 $314 $531 forward $525 $-1 #
-524 coedge $-1 $311 $812 $807 $813 reversed $525 $-1 #
-525 loop $-1 $-1 $523 $814 #
-526 ptlist-eye-attrib $-1 $-1 $-1 $312 #
-527 vertex $-1 $522 $815 #
-528 ellipse-curve $-1 1.8000000000000411 1.640000000000021 0 0 0 -1
-4.1078251911130792e-14 -9.6000000000000352 0 1 F 0 F 0.86331311501555119 #
-529 coedge $-1 $530 $313 $677 $816 reversed $315 $-1 #
-530 coedge $-1 $314 $529 $559 $817 forward $315 $-1 #
-531 edge $818 $317 0 $819 1 $314 $820 forward 7 unknown #
-532 face $-1 $321 $315 $3 $-1 $821 forward single #
-533 point $-1 1.8000002744482515 -7.9599999984428642 -3.8928185489931853e-09
#
-534 edge $822 $536 0 $325 1.2876502185679326 $319 $823 forward 7 unknown #
-535 ptlist-eye-attrib $-1 $-1 $-1 $320 #
-536 vertex $-1 $534 $824 #
-537 straight-curve $-1 82.176920530141189 -7.9599999983717229
-4.0706827908465471e-09 -1.701610585769231e-08 -0.40000000162827298
1.0000000040706829 F 0 F 1 #
-538 cone-surface $-1 82.176920734335852 -3.1600000000000472 1.1380405382041587
0 0 1 0 -5.2552162152816528 0 1 I I 0.37139067635410905 0.92847669088525719 1
forward I I I I #
-539 ptlist-eye-attrib $-1 $-1 $-1 $323 #
-540 intcurve-curve $-1 forward { exactcur full nubs 3 open 101 0 3
4.1491977917515026 1 7.9175153985914868 1 11.261471966003521 1
14.234458582003064 1 17.269171673746506 1 20.632410466071732 1
23.933154046037835 1 26.889634241198749 1 29.50017541503647 1
31.789294069236316 1 34.09921717916351 1 36.727662375859964 1 39.35671268313169
1 41.74713143818952 1 43.93864966462133 1 45.923397318107057 1
47.703767901334892 1 49.294413249389351 1 50.716630501673365 1
51.994347704811922 1 53.126317437059321 1 54.235477976395615 1
55.480377794766305 1 56.895295163060915 1 58.509268355410207 1
60.35492494150229 1 62.46869878545828 1 64.898057985855942 1 67.632076751062726
1 70.314865233862761 1 72.714054766200235 1 75.143130687454729 1
77.848804349544125 1 80.900002511900084 1 84.403470680708779 1
88.018023371057836 1 91.281984506982937 1 94.213326914323872 1
96.85611717368667 1 99.164143204586864 1 101.35954394137116 1
103.65437653295601 1 105.8993884597124 1 107.98864155049893 1
110.09408267079192 1 112.47888613839351 1 115.18545981097441 1
118.20273965869701 1 121.60686601945233 1 125.51183518306453 1
129.54312760034895 1 133.20756548551211 1 136.54904858449211 1
139.57103329303945 1 142.27443250851769 1 144.68102211088575 1
146.8247110871871 1 148.73763740045635 1 150.45111531907747 1
151.98689548857809 1 153.36059390023397 1 154.58627340097814 1
155.67742946189969 1 156.64558397280348 1 157.50342804642386 1
158.27046591013701 1 158.96377106779659 1 159.59522166382686 1
160.1693329802942 1 160.69109479670522 1 161.1670576515877 1 161.60339655038268
1 162.00965322448587 1 162.37931402210913 1 162.71963123329041 1
163.04979158791929 1 163.39357236620162 1 163.75343616529429 1
164.13384071274626 1 164.53730928247617 1 164.97340486624526 1
165.44836628098031 1 165.96567154271142 1 166.52956272327054 1
167.14709153441183 1 167.8300971567331 1 168.58593632826586 1
169.42184299131571 1 170.34514612445531 1 171.36399831095278 1
172.48950303784085 1 173.73776889416254 1 175.12877883016557 1
176.68710044752635 1 178.45032540132729 1 180.39235901139608 1
182.48334865720847 1 184.85257052583955 1 187.55613744373267 1
190.60178999644262 3 87.169862509992356 -4.612767161285305 1 87.556260614348503
-3.2847732331020092 1 88.243490667739238 -0.73585074917161009 1
89.095227991800613 2.9206319929667774 0.99999999999999989 89.567546378123694
6.2603931441836327 1 89.443212794364783 9.3940536514642119 0.99999999999999989
88.773589463491632 12.453961886375737 1 87.859724470563776 15.553959616127141
0.99999999999999989 87.020255052347608 18.650384106330328 1 86.477846115842738
21.561633112257038 0.99999999999999978 86.328644940498123 24.185161536592215
1.0000000000000002 86.591165422519808 26.588646377630081 0.99999999999999978
87.338837500840754 28.893210072091314 1.0000000000000002 88.461045751241016
31.157358155909467 0.99999999999999989 89.747392284441702 33.358580670955227
1.0000000000000002 90.979403533035153 35.422457038214233 0.99999999999999978
92.024991775347587 37.347033121874432 0.99999999999999978 92.832887188938443
39.163756714786388 1.0000000000000002 93.393604295297934 40.862395156953099
0.99999999999999978 93.723493479358538 42.428768107782325 1.0000000000000002
93.868344301286811 43.85496466080231 0.99999999999999978 93.817806781514818
45.136705458930159 1 93.54590895427441 46.288483113901123 1 92.98844017785278
47.32318343860814 0.99999999999999989 92.133160592066943 48.257149253738078
1.0000000000000002 90.981120374092271 49.108493672238652 0.99999999999999978
89.507622981152977 49.816795294973815 1 87.699388448727888 50.289361387085876 1
85.561436133966339 50.432691619044981 0.99999999999999978 83.141155239680728
50.123127907118104 1 80.629286851989988 49.368656261672953 1 78.223058425269699
48.351956305858863 1 76.095696322784519 47.001680366504303 0.99999999999999978
74.26646553001234 45.270920899006938 1.0000000000000002 72.34992552493776
43.331190776102289 1 70.216985483599146 41.097879774477946 1 68.113284006167987
38.426937206623741 1.0000000000000002 66.374212642914529 35.425630032263925
0.99999999999999978 64.933105828242475 32.490145362956795 1 63.701793070061228
29.813765145863091 1 62.435804185383503 27.505656179470392 0.99999999999999978
60.979211475282959 25.603437995482963 0.99999999999999989 59.25449284625585
24.111287135866945 1 57.304828963251879 22.972918657975658 0.99999999999999978
55.212952217569196 22.22217961011448 1.0000000000000004 53.078522679944612
21.887443405717896 0.99999999999999978 50.873786899283559 21.997992065667788 1
48.531016063736587 22.574101365138077 1 46.051295298916784 23.684323704795855
1.0000000000000002 43.518897207589603 25.398736543829393 1 41.030021547118295
27.797900883693014 1 38.699735880769538 30.785381802344318 0.99999999999999978
36.596215200240536 34.032059320009665 1 34.677747169833651 37.171013113537569 1
32.864497984961162 39.980316992245413 1 31.061413942083139 42.410136084045035 1
29.246040588669999 44.429027258885746 0.99999999999999978 27.458195809902143
46.06257674797051 1.0000000000000002 25.731588767377726 47.356590888471025 1
24.090968222279955 48.364992813211231 1 22.551770888981554 49.13937903487723
1.0000000000000002 21.111285121094859 49.694750451169824 0.99999999999999978
19.774056370928374 50.042887748772003 0.99999999999999989 18.549827681231491
50.19704940780408 1 17.450819557370959 50.179328865382622 1 16.488864027834158
50.016946222696731 0.99999999999999978 15.658639075299137 49.771308854431553
0.99999999999999978 14.938510163116007 49.489432295056702 1.0000000000000002
14.305249941167508 49.196653063378648 0.99999999999999978 13.748644165547402
48.89421608469349 1.0000000000000004 13.263286515728357 48.5835490444492
0.99999999999999978 12.842896021591033 48.270073819903111 1.0000000000000002
12.482062419974215 47.955745035751193 1 12.176735325379196 47.63869717939999 1
11.935705691051249 47.311699755354297 1.0000000000000002 11.777813038511159
46.97239141426229 1 11.692913965390105 46.632927686508751 1 11.715702627260271
46.287965792589098 0.99999999999999989 11.866027986172025 45.971150221611936
1.0000000000000002 12.09276693001093 45.687905890760909 0.99999999999999978
12.369727285492928 45.424960856789859 1.0000000000000002 12.682201435816594
45.164663846859931 1 13.023781381553459 44.890188428511458 0.99999999999999989
13.399205586533906 44.597351188119951 1 13.80729516220401 44.277153104054371 1
14.244058950760671 43.916508476058638 1 14.698847991478077 43.492222316802341 1
15.166136096697194 42.989991553832823 0.99999999999999978 15.645832457626657
42.40212694863974 1 16.135429882671353 41.720994431113994 1 16.633761265951005
40.94003370767804 0.99999999999999978 17.143056587811781 40.052910636076128 1
17.656689363306512 39.044804979433373 1 18.162165724291455 37.89537245634051
0.99999999999999989 18.643215778648127 36.580276179926173 1 19.063040174256507
35.064197664716851 0.99999999999999978 19.345267375218512 33.328113993312016
1.0000000000000002 19.369120186452015 31.385175863265914 0.99999999999999989
18.956902172970853 29.276523757362355 0.99999999999999967 18.0795508882197
27.04467935252886 1.0000000000000002 16.743163968036257 24.684127167634621 1
15.632266160603837 23.119560927119053 1 15.019878839610058 22.30983975469794 1
0 null_surface null_surface nullbs nullbs I I 0 0 0 I I } I I #
-541 point $-1 87.169862509992356 -4.612767161285305 1 #
-542 coedge $-1 $825 $328 $808 $826 forward $544 $-1 #
-543 coedge $-1 $328 $825 $330 $549 reversed $544 $-1 #
-544 loop $-1 $-1 $542 $827 #
-545 ptlist-eye-attrib $-1 $-1 $-1 $329 #
-546 vertex $-1 $329 $828 #
-547 straight-curve $-1 -6.5999999987976903 -1.6096152366408027
-3.0057608809327023e-09 -6.7327832198316173e-10 18.609615295746348
1.6832071107290383e-09 F 0 F 1 #
-548 coedge $-1 $331 $330 $829 $830 forward $332 $-1 #
-549 edge $831 $334 0 $832 1 $330 $833 forward 7 unknown #
-550 face $-1 $337 $332 $3 $-1 $834 forward single #
-551 point $-1 -6.5999999994709686 17.000000059105545 -1.3225537702036641e-09
#
-552 ptlist-eye-attrib $-1 $-1 $-1 $336 #
-553 vertex $-1 $835 $836 #
-554 straight-curve $-1 -6.0000000150659263 17.599999999613765
-9.655866476758015e-10 -3.7664831253891862e-09 0.39999999990344293
0.99999999975860321 F 0 F 1 #
-555 face $-1 $837 $838 $3 $-1 $839 forward single #
-556 plane-surface $-1 2.1836968350811996 17.800000000000001 0.5 0
0.92847669088525975 -0.37139067635410256 0 0.37139067635410256
0.92847669088525975 forward_v F -0.68719069037243941 F 0.68719069037243941 F
-8.5110447084844445 F 8.5110447084844445 #
-557 face $-1 $840 $841 $3 $-1 $842 reversed single #
-558 cone-surface $-1 75.928989172427123 15.800000000000001 1 0 0 1
2.2000000000000002 0 0 1 I I 0 1 1 forward I I I I #
-559 coedge $-1 $843 $844 $530 $817 reversed $341 $-1 #
-560 face $-1 $845 $846 $3 $-1 $847 forward single #
-561 loop $-1 $-1 $848 $343 #
-562 cone-surface $-1 81.138364553464569 6.7066893774885585 -25.053793508278396
0 0 1 -0.3644059310733006 0.020816277251249096 0 1 I I 0 1 1 forward I I I I #
-563 coedge $-1 $677 $345 $653 $849 forward $101 $-1 #
-564 coedge $-1 $850 $654 $345 $565 reversed $851 $-1 #
-565 edge $852 $574 0 $853 28.955969711763075 $564 $854 forward 7 unknown #
-566 coedge $-1 $346 $855 $384 $633 forward $101 $-1 #
-567 coedge $-1 $856 $857 $346 $568 reversed $841 $-1 #
-568 edge $858 $859 0 $573 0.70476266108357277 $567 $860 forward 7 unknown #
-569 coedge $-1 $861 $347 $857 $862 forward $571 $-1 #
-570 coedge $-1 $347 $861 $850 $863 reversed $571 $-1 #
-571 loop $-1 $-1 $861 $840 #
-572 ptlist-eye-attrib $-1 $-1 $-1 $348 #
-573 vertex $-1 $568 $864 #
-574 vertex $-1 $565 $865 #
-575 intcurve-curve $-1 forward { exactcur full nubs 3 open 25 0 3
0.84462033207894782 1 4.8633372681943552 1 9.7984541364890241 1
13.364487101862466 1 16.293568920087033 1 21.868319487886577 1
27.306050466002752 1 31.71588538993576 1 36.618653301308697 1
40.689555746949594 1 43.14256204230368 1 45.813812699883776 1
48.581812351376954 1 51.54987732609122 1 53.800900583645536 1
58.064895728279048 1 63.691080466173432 1 67.061575608145986 1
72.20288846168161 1 74.429439011383849 1 77.175578149607446 1
82.009102275289536 1 87.273924385186547 1 91.179022962150526 3
56.298205226449497 18.762350931338133 1 56.512672722893782 18.944747551092824 1
57.736887265769951 20.008683505243635 1 60.071304562520538 22.276910270028896
0.99999999999999967 63.083879282899844 25.251863072064907 1.0000000000000002
64.70516188430669 28.734872188451089 0.99999999999999978 66.547321056450926
32.305417226661497 1.0000000000000002 69.007587020228058 36.259752312868763
0.99999999999999978 72.183698353802825 40.326747459896282 1.0000000000000002
75.874032512368785 43.615114235835073 1 79.6600698536989 45.994559879631034
1.0000000000000002 83.058741927231111 47.741366919888478 0.99999999999999978
86.094925100534994 48.455234659390662 1 88.762926650520143 47.873578770025873
0.99999999999999989 91.047996751177635 46.079212366896009 1 91.999684061014975
43.344458875286776 1.0000000000000004 90.992564717431577 40.250282976927416
0.99999999999999956 88.696555718010657 36.906170682819109 1.0000000000000004
86.075816631306296 33.359592791419601 1 83.453777893597632 29.410826428731479 1
82.468042831273863 25.91413001798918 1 82.271214862534933 22.466145544987938
1.0000000000000002 83.902943949061651 19.519957959266193 0.99999999999999989
85.798772040634901 15.758393735188807 1 87.032988474932424 11.038061996288992 1
85.758551975153125 7.977385391311584 1 84.870669045253322 7.0255001262286001 1
0 null_surface null_surface nullbs nullbs I I 0 0 0 I I } I I #
-576 coedge $-1 $352 $349 $866 $867 forward $49 $-1 #
-577 coedge $-1 $868 $869 $349 $578 forward $870 $-1 #
-578 edge $871 $872 0 $583 26.773119625267714 $577 $873 forward 7 unknown #
-579 coedge $-1 $874 $350 $356 $595 forward $581 $-1 #
-580 coedge $-1 $350 $874 $868 $875 reversed $581 $-1 #
-581 loop $-1 $-1 $874 $876 #
-582 ptlist-eye-attrib $-1 $-1 $-1 $351 #
-583 vertex $-1 $578 $877 #
-584 ellipse-curve $-1 20.686225669424569 43.893012874696105 1 0 0 1
0.17215453678330661 0.36105791151133104 0 1 F 0 F 2.5621179105502447 #
-585 coedge $-1 $878 $879 $352 $586 reversed $211 $-1 #
-586 edge $880 $881 0 $591 1 $585 $882 forward 7 unknown #
-587 coedge $-1 $883 $353 $879 $884 forward $589 $-1 #
-588 coedge $-1 $353 $883 $355 $594 reversed $589 $-1 #
-589 loop $-1 $-1 $883 $885 #
-590 ptlist-eye-attrib $-1 $-1 $-1 $354 #
-591 vertex $-1 $354 $886 #
-592 ellipse-curve $-1 46.672662778590833 18.399999999999999 1 0 0 1 0
-0.39999999999999858 0 1 F 0 F 2.6473813877746877 #
-593 coedge $-1 $356 $355 $887 $888 reversed $357 $-1 #
-594 edge $889 $360 0 $890 1 $355 $891 forward 7 unknown #
-595 edge $892 $359 0 $893 1 $579 $894 forward 7 unknown #
-596 face $-1 $876 $357 $3 $-1 $895 forward single #
-597 point $-1 20.858380206207883 44.254070786207436 1 #
-598 point $-1 46.862397755463178 18.752137243913861 1 #
-599 coedge $-1 $645 $896 $362 $600 reversed $561 $-1 #
-600 edge $897 $602 0 $898 1.8972919734025988 $599 $899 forward 7 unknown #
-601 ptlist-eye-attrib $-1 $-1 $-1 $363 #
-602 vertex $-1 $600 $900 #
-603 ellipse-curve $-1 64.799999999999997 7.6399999999999997 1 0 0 -1
12.903175852089404 9.4608695652174006 0 1 F 0 F 0.68973713877477161 #
-604 coedge $-1 $365 $364 $901 $902 reversed $366 $-1 #
-605 edge $903 $368 0 $904 1 $365 $905 forward 7 unknown #
-606 point $-1 77.703175852089402 17.100869565217405 1 #
-607 coedge $-1 $906 $907 $370 $608 forward $846 $-1 #
-608 edge $908 $613 0 $898 3.6386350761734221 $607 $909 forward 7 unknown #
-609 coedge $-1 $910 $371 $907 $911 forward $611 $-1 #
-610 coedge $-1 $371 $910 $373 $616 forward $611 $-1 #
-611 loop $-1 $-1 $371 $845 #
-612 ptlist-eye-attrib $-1 $-1 $-1 $372 #
-613 vertex $-1 $372 $912 #
-614 intcurve-curve $-1 forward { exactcur full nubs 3 open 39 0 3
1.6284220410551706 1 3.6604038253961599 1 6.2101652918887922 1
8.8539942932395501 1 10.759648707060693 1 12.575355534860714 1
15.44909805734178 1 20.895995715233731 1 26.151667503262598 1
30.371121883821726 1 35.108640842650146 1 38.956026731741026 1
40.042178308423331 1 41.041433449625799 1 43.181682292700373 1
45.339442690340903 1 46.489983249389958 1 47.569745857134642 1
48.404889307227101 1 49.370270006030204 1 51.3300976860369 1 53.394329971282652
1 56.20123752565587 1 59.034036792169552 1 60.778912911035796 1
62.578908526001442 1 65.356523042873093 1 68.145216304326894 1
69.405366190492643 1 70.758950368135231 1 72.39941500302389 1
73.870779841778528 1 76.236231472018787 1 78.539568689572008 1
81.017710744748925 1 83.289408395832737 1 85.243536350314415 1
85.996454066329065 3 58.043786590021952 18.697024674006713 1 58.446854528263422
19.060584920924491 1 59.339413416944907 19.892734370259991 1 60.821640691008234
21.337958489651257 0.99999999999999989 62.537125168078411 23.027973773416498
0.99999999999999989 64.048891302162474 24.864725273373953 1 65.090013874382038
26.719717346732935 0.99999999999999967 66.03895820445473 28.702081216922249
1.0000000000000002 67.588357998266389 31.706618609224794 0.99999999999999978
69.983059901238533 35.554133543771975 1.0000000000000002 73.052985408895921
39.492657069310674 1 76.610082963926814 42.66091374190291 1.0000000000000002
80.229353534439468 44.934794111276616 1 83.114716150674539 46.41757350144983 1
85.019233497181105 46.970347190165299 1 86.424682999034275 47.143528760571279 1
88.211176671003017 46.759454254704558 1 89.70807359257816 45.587093264634333
0.99999999999999978 90.383780897932823 44.267339893950798 1.0000000000000002
90.563975919456126 43.23806528148917 1 90.38710146666952 42.283145310766173 1
89.936555586769401 41.110706007560616 1 89.126434897625543 39.650592067678879
1.0000000000000002 87.821179372125897 37.784280559658924 0.99999999999999978
86.316786291351917 35.703231341260761 1.0000000000000004 84.885027488968547
33.700830799556002 0.99999999999999978 83.691914902828941 31.940783627568678
1.0000000000000002 82.636776960001527 30.112281446870266 0.99999999999999956
81.750199293521945 27.806748894558979 1.0000000000000004 81.299487008430376
25.566468330511988 0.99999999999999956 81.140864155537642 23.771005255702626
1.0000000000000004 81.240058588155989 22.34376479093255 0.99999999999999967
81.752410178920741 20.928381252922225 1.0000000000000002 82.624708274875516
19.325465995873781 1 83.580412442866674 17.514529476772001 0.99999999999999978
84.536759863975178 15.328992480720681 1.0000000000000002 85.21729629861855
13.070054606533645 1 85.412423619348701 10.813579048874454 1 84.950476559548207
9.169477616560302 1.0000000000000002 84.457623401881165 8.4087308685215696 1
84.305183800367359 8.20935835339208 1 0 null_surface null_surface nullbs nullbs
I I 0 0 0 I I } I I #
-615 coedge $-1 $374 $373 $913 $914 reversed $375 $-1 #
-616 edge $915 $916 0 $377 1 $373 $917 forward 7 unknown #
-617 face $-1 $385 $375 $3 $-1 $918 reversed single #
-618 point $-1 58.043786590021945 18.697024674006709 1 #
-619 coedge $-1 $384 $379 $856 $919 reversed $211 $-1 #
-620 coedge $-1 $913 $920 $379 $621 reversed $648 $-1 #
-621 edge $921 $623 0 $922 1 $620 $923 forward 7 unknown #
-622 ptlist-eye-attrib $-1 $-1 $-1 $380 #
-623 vertex $-1 $380 $924 #
-624 straight-curve $-1 58.311697663012978 18 3 0 0 -2 F 0 F 1 #
-625 coedge $-1 $381 $925 $926 $927 reversed $211 $-1 #
-626 coedge $-1 $928 $901 $381 $627 forward $769 $-1 #
-627 edge $929 $629 0 $930 1 $626 $931 forward 7 unknown #
-628 ptlist-eye-attrib $-1 $-1 $-1 $382 #
-629 vertex $-1 $382 $932 #
-630 straight-curve $-1 75.928989172427123 18 1 0 0 5 F 0 F 1 #
-631 coedge $-1 $933 $933 $934 $935 reversed $383 $-1 #
-632 coedge $-1 $936 $384 $937 $938 forward $211 $-1 #
-633 edge $939 $940 0 $859 1 $384 $941 forward 7 unknown #
-634 face $-1 $942 $943 $3 $-1 $944 reversed single #
-635 plane-surface $-1 10.367393670162397 18 0 0 1 0 -1 0 0 forward_v F
-67.200175285713286 F 18.005973453610938 F 0.71999999999999997 F
15.279999999999999 #
-636 coedge $-1 $400 $643 $388 $637 forward $648 $-1 #
-637 edge $945 $639 0 $403 24.697752688130834 $388 $946 forward 7 unknown #
-638 ptlist-eye-attrib $-1 $-1 $-1 $389 #
-639 vertex $-1 $644 $947 #
-640 straight-curve $-1 85.291658969955705 6.0998274720278021 1 0
-8.8817841970012523e-16 2 F 0 F 1 #
-641 face $-1 $948 $670 $3 $-1 $949 reversed single #
-642 spline-surface $-1 forward { exactsur full nubs 3 3 open open none none 33
2 0.018600109861501707 3 0.027176482533470023 1 0.073429984476560836 1
0.11801743233953264 1 0.14561441929673957 1 0.17321140625394651 1
0.19855237077479437 1 0.2238933352956422 1 0.27170565902801919 1
0.31951798276039617 1 0.36628978023729575 1 0.43186695638680028 1
0.56266899256674852 1 0.61384626960567434 1 0.66502354664460028 1
0.71087116358083557 1 0.73379497204895328 1 0.75671878051707098 1
0.77960317526175316 1 0.80248757000643534 1 0.81591654093088128 1
0.82934551185532712 1 0.83523302407771571 1 0.84112053630010442 1
0.84719086374807273 1 0.85326119119604116 1 0.86558918201108204 1
0.87791717282612292 1 0.89394222423006175 1 0.90996727563400059 1
0.94557490833432778 1 0.97430907386194199 1 0.99138292124877947 3
-0.14867420965898923 3 2.148674209658989 3 85.070799139932959
6.0439360772069142 0.85132579034101075 85.144327998809985 6.0639028841499707
0.85132579034101075 85.608571740489054 6.1821961325462116 0.8513257903410103
86.372462002463223 6.2621599170048112 0.85132579034101119 87.108193901666681
6.028854046634418 0.85132579034101052 87.616834272585137 5.5748103871283403
0.85132579034101097 87.816411454988682 5.2092054537010348 0.85132579034101052
87.855266114762571 4.8130825169702653 0.85132579034101075 87.72352571656134
4.0104364683925668 0.85132579034101064 87.342093013534196 3.001895014429119
0.85132579034101075 86.722694173980486 1.7191219370083823 0.85132579034101075
86.091510542152491 0.097047854554809632 0.85132579034101086 85.505006573712578
-2.40104838438211 0.85132579034101064 84.950659997435238 -4.6207477926129288
0.85132579034101075 83.69250039256228 -6.1535411806185314 0.85132579034101075
82.735075096897475 -6.7510375618954779 0.85132579034101075 81.777379846094377
-6.8918425434000863 0.85132579034101052 81.131952058316941 -6.7766020070843309
0.85132579034101075 80.780441949706926 -6.6204903774651944 0.85132579034101086
80.451471250471172 -6.3340346942045933 0.85132579034101075 80.125012019405574
-5.9395774430012702 0.85132579034101075 79.798145946339332 -5.5110362522147849
0.85132579034101086 79.496762254089532 -5.1898411168107774 0.85132579034101086
79.160891458041164 -4.910852399650107 0.85132579034101064 78.68503529191031
-4.6751081212015748 0.85132579034101064 78.15493552638695 -4.6553444634384133
0.85132579034101097 77.778663809016933 -4.7264118144299507 0.85132579034101052
77.433332449259382 -4.8087831623188633 0.85132579034101052 77.019212089929283
-4.9353994963809713 0.85132579034101075 76.647948893947401 -5.0396721572756142
0.85132579034101075 76.239804761938387 -5.0992949397701457 0.85132579034101064
75.83670503251895 -5.016944774827353 0.85132579034101075 75.451574149639058
-4.7184687563531496 0.85132579034101075 75.191225748480846 -4.4248797988622108
0.85132579034101075 75.090876634187879 -4.3060120050564974 0.85132579034101075
85.070799139932959 6.0439360772069142 1.6171085967803367 85.144327998809985
6.0639028841499707 1.6171085967803367 85.608571740489054 6.1821961325462116
1.6171085967803362 86.372462002463223 6.2621599170048112 1.6171085967803371
87.108193901666681 6.028854046634418 1.6171085967803365 87.616834272585137
5.5748103871283403 1.6171085967803369 87.816411454988682 5.2092054537010348
1.6171085967803362 87.855266114762571 4.8130825169702653 1.6171085967803369
87.72352571656134 4.0104364683925668 1.6171085967803369 87.342093013534196
3.001895014429119 1.6171085967803365 86.722694173980486 1.7191219370083823
1.6171085967803371 86.091510542152491 0.097047854554809632 1.6171085967803365
85.505006573712578 -2.40104838438211 1.6171085967803369 84.950659997435238
-4.6207477926129288 1.6171085967803365 83.69250039256228 -6.1535411806185314
1.6171085967803369 82.735075096897475 -6.7510375618954779 1.6171085967803374
81.777379846094377 -6.8918425434000863 1.6171085967803362 81.131952058316941
-6.7766020070843309 1.6171085967803369 80.780441949706926 -6.6204903774651944
1.6171085967803367 80.451471250471172 -6.3340346942045933 1.6171085967803367
80.125012019405574 -5.9395774430012702 1.6171085967803367 79.798145946339332
-5.5110362522147849 1.6171085967803369 79.496762254089532 -5.1898411168107774
1.6171085967803369 79.160891458041164 -4.910852399650107 1.6171085967803362
78.68503529191031 -4.6751081212015748 1.6171085967803369 78.15493552638695
-4.6553444634384133 1.6171085967803367 77.778663809016933 -4.7264118144299507
1.6171085967803365 77.433332449259382 -4.8087831623188633 1.6171085967803367
77.019212089929283 -4.9353994963809713 1.6171085967803367 76.647948893947401
-5.0396721572756142 1.6171085967803367 76.239804761938387 -5.0992949397701457
1.6171085967803369 75.83670503251895 -5.016944774827353 1.617108596780336
75.451574149639058 -4.7184687563531496 1.6171085967803369 75.191225748480846
-4.4248797988622108 1.6171085967803367 75.090876634187879 -4.3060120050564974
1.6171085967803367 85.070799139932959 6.0439360772069142 2.3828914032196629
85.144327998809985 6.0639028841499707 2.3828914032196629 85.608571740489054
6.1821961325462116 2.3828914032196615 86.372462002463223 6.2621599170048112
2.3828914032196633 87.108193901666681 6.028854046634418 2.3828914032196629
87.616834272585137 5.5748103871283403 2.3828914032196633 87.816411454988682
5.2092054537010348 2.3828914032196624 87.855266114762571 4.8130825169702653
2.3828914032196633 87.72352571656134 4.0104364683925668 2.3828914032196629
87.342093013534196 3.001895014429119 2.3828914032196629 86.722694173980486
1.7191219370083823 2.3828914032196629 86.091510542152491 0.097047854554809632
2.3828914032196633 85.505006573712578 -2.40104838438211 2.3828914032196629
84.950659997435238 -4.6207477926129288 2.3828914032196629 83.69250039256228
-6.1535411806185314 2.3828914032196629 82.735075096897475 -6.7510375618954779
2.3828914032196633 81.777379846094377 -6.8918425434000863 2.382891403219662
81.131952058316941 -6.7766020070843309 2.3828914032196633 80.780441949706926
-6.6204903774651944 2.3828914032196629 80.451471250471172 -6.3340346942045933
2.3828914032196629 80.125012019405574 -5.9395774430012702 2.3828914032196629
79.798145946339332 -5.5110362522147849 2.3828914032196633 79.496762254089532
-5.1898411168107774 2.3828914032196638 79.160891458041164 -4.910852399650107
2.3828914032196624 78.68503529191031 -4.6751081212015748 2.3828914032196629
78.15493552638695 -4.6553444634384133 2.3828914032196633 77.778663809016933
-4.7264118144299507 2.3828914032196624 77.433332449259382 -4.8087831623188633
2.3828914032196629 77.019212089929283 -4.9353994963809713 2.3828914032196629
76.647948893947401 -5.0396721572756142 2.3828914032196629 76.239804761938387
-5.0992949397701457 2.3828914032196629 75.83670503251895 -5.016944774827353
2.3828914032196624 75.451574149639058 -4.7184687563531496 2.3828914032196629
75.191225748480846 -4.4248797988622108 2.3828914032196629 75.090876634187879
-4.3060120050564974 2.3828914032196629 85.070799139932959 6.0439360772069142
3.148674209658989 85.144327998809985 6.0639028841499707 3.148674209658989
85.608571740489054 6.1821961325462116 3.148674209658989 86.372462002463223
6.2621599170048112 3.1486742096589886 87.108193901666681 6.028854046634418
3.1486742096589886 87.616834272585137 5.5748103871283403 3.1486742096589895
87.816411454988682 5.2092054537010348 3.1486742096589877 87.855266114762571
4.8130825169702653 3.1486742096589895 87.72352571656134 4.0104364683925668
3.1486742096589895 87.342093013534196 3.001895014429119 3.1486742096589886
86.722694173980486 1.7191219370083823 3.1486742096589899 86.091510542152491
0.097047854554809632 3.1486742096589886 85.505006573712578 -2.40104838438211
3.1486742096589895 84.950659997435238 -4.6207477926129288 3.148674209658989
83.69250039256228 -6.1535411806185314 3.148674209658989 82.735075096897475
-6.7510375618954779 3.1486742096589899 81.777379846094377 -6.8918425434000863
3.1486742096589877 81.131952058316941 -6.7766020070843309 3.1486742096589899
80.780441949706926 -6.6204903774651944 3.1486742096589886 80.451471250471172
-6.3340346942045933 3.1486742096589895 80.125012019405574 -5.9395774430012702
3.1486742096589877 79.798145946339332 -5.5110362522147849 3.1486742096589904
79.496762254089532 -5.1898411168107774 3.1486742096589895 79.160891458041164
-4.910852399650107 3.148674209658989 78.68503529191031 -4.6751081212015748
3.1486742096589886 78.15493552638695 -4.6553444634384133 3.1486742096589895
77.778663809016933 -4.7264118144299507 3.1486742096589881 77.433332449259382
-4.8087831623188633 3.1486742096589899 77.019212089929283 -4.9353994963809713
3.1486742096589886 76.647948893947401 -5.0396721572756142 3.148674209658989
76.239804761938387 -5.0992949397701457 3.1486742096589895 75.83670503251895
-5.016944774827353 3.1486742096589886 75.451574149639058 -4.7184687563531496
3.148674209658989 75.191225748480846 -4.4248797988622108 3.148674209658989
75.090876634187879 -4.3060120050564974 3.148674209658989 0 0 0 0 0 0 0 F
0.018600109861501707 F 0.99138292124877947 F -0.14867420965898923 F
2.148674209658989 } I I I I #
-643 coedge $-1 $636 $394 $392 $644 forward $648 $-1 #
-644 edge $950 $397 0 $639 5.0822627384143173 $643 $951 forward 7 unknown #
-645 coedge $-1 $848 $599 $393 $646 forward $561 $-1 #
-646 edge $952 $602 0 $650 1 $645 $953 forward 7 unknown #
-647 coedge $-1 $394 $954 $848 $955 forward $648 $-1 #
-648 loop $-1 $-1 $913 $956 #
-649 ptlist-eye-attrib $-1 $-1 $-1 $395 #
-650 vertex $-1 $646 $957 #
-651 ellipse-curve $-1 64.799999999999997 7.6399999999999997 3 0 0 1
15.703546557744701 -3.0657177803484714 0 1 F 0 F 0.13573773313925833 #
-652 point $-1 80.503580537658948 4.5744945130434589 3 #
-653 coedge $-1 $399 $958 $563 $849 reversed $114 $-1 #
-654 coedge $-1 $564 $959 $399 $655 forward $851 $-1 #
-655 edge $960 $658 0 $853 1 $654 $961 forward 7 unknown #
-656 coedge $-1 $962 $400 $959 $963 forward $648 $-1 #
-657 ptlist-eye-attrib $-1 $-1 $-1 $401 #
-658 vertex $-1 $401 $964 #
-659 ellipse-curve $-1 64.799999999999997 7.6399999999999997 3 0 0 1
9.6643934931268944 -12.751450835493447 0 1 F 0 F 0.062621430291449606 #
-660 point $-1 75.24344280193128 -4.4816542783066398 3 #
-661 coedge $-1 $958 $405 $965 $966 reversed $114 $-1 #
-662 coedge $-1 $967 $406 $968 $835 forward $211 $-1 #
-663 ptlist-eye-attrib $-1 $-1 $-1 $407 #
-664 straight-curve $-1 -6.0000000188324094 17.999999999517208
0.9999999987930166 16.367393637654551 4.8279602538059407e-10
1.2069834021133374e-09 F 0 F 1 #
-665 coedge $-1 $855 $408 $969 $970 forward $101 $-1 #
-666 coedge $-1 $971 $972 $408 $667 forward $973 $-1 #
-667 edge $974 $975 0 $672 27.517253134485379 $666 $976 forward 7 unknown #
-668 coedge $-1 $977 $409 $411 $675 forward $670 $-1 #
-669 coedge $-1 $409 $977 $971 $978 reversed $670 $-1 #
-670 loop $-1 $-1 $977 $641 #
-671 ptlist-eye-attrib $-1 $-1 $-1 $410 #
-672 vertex $-1 $667 $979 #
-673 ellipse-curve $-1 15.563324479642253 20.199999999999999
0.99999999999999645 0 0 1 0 -2.1999999999999993 0 1 F 0 F 1.0326065230813193 #
-674 coedge $-1 $411 $878 $980 $981 forward $211 $-1 #
-675 edge $982 $413 0 $983 1 $668 $984 forward 7 unknown #
-676 point $-1 15.563324479642251 18 1 #
-677 coedge $-1 $415 $563 $529 $816 forward $101 $-1 #
-678 coedge $-1 $985 $986 $416 $679 reversed $987 $-1 #
-679 edge $988 $685 0 $684 3.1415926535897931 $678 $989 forward 7 unknown #
-680 coedge $-1 $990 $417 $986 $991 forward $682 $-1 #
-681 coedge $-1 $417 $990 $985 $992 reversed $682 $-1 #
-682 loop $-1 $-1 $680 $993 #
-683 ptlist-eye-attrib $-1 $-1 $-1 $418 #
-684 vertex $-1 $679 $994 #
-685 vertex $-1 $679 $995 #
-686 ellipse-curve $-1 0 -6.2023257681773772e-16 8.8817841970012523e-16 0 0 1
-1.6999999999999993 8.2842253267277838e-16 0 1 F 0 F 3.141592653589794 #
-687 coedge $-1 $996 $419 $422 $694 forward $689 $-1 #
-688 coedge $-1 $419 $996 $421 $693 reversed $689 $-1 #
-689 loop $-1 $-1 $687 $997 #
-690 ptlist-eye-attrib $-1 $-1 $-1 $420 #
-691 ellipse-curve $-1 45 -8.3955278613197428e-16 0 0 0 1 -2.0249999999999986
1.0875437629608839e-15 0 1 F 0 F 3.141592653589794 #
-692 coedge $-1 $422 $421 $998 $999 forward $423 $-1 #
-693 edge $1000 $425 0 $1001 1 $688 $1002 forward 7 unknown #
-694 edge $1003 $426 0 $1004 1 $687 $1005 forward 7 unknown #
-695 face $-1 $997 $423 $3 $-1 $1006 reversed single #
-696 point $-1 47.024999999999999 -3.765262260274447e-16 0 #
-697 point $-1 42.975000000000001 2.4799097682890965e-16 0 #
-698 coedge $-1 $429 $428 $1007 $1008 forward $430 $-1 #
-699 face $-1 $1009 $430 $3 $-1 $1010 reversed single #
-700 coedge $-1 $1011 $1012 $433 $701 reversed $1013 $-1 #
-701 edge $1014 $703 0 $706 3.1415926535897931 $433 $1015 forward 7 unknown #
-702 ptlist-eye-attrib $-1 $-1 $-1 $434 #
-703 vertex $-1 $701 $1016 #
-704 straight-curve $-1 72.024999992815708 1.063012514343086e-07
1.7960712916931243e-08 -0.399999997139588 -4.2323646677027759e-08
0.99999999284897467 F 0 F 1 #
-705 ptlist-eye-attrib $-1 $-1 $-1 $435 #
-706 vertex $-1 $701 $1017 #
-707 straight-curve $-1 67.975000007184292 -1.0630125163914119e-07
1.7960709956336508e-08 0.399999997139588 4.2323646764863276e-08
0.99999999284897767 F 0 F 1 #
-708 cone-surface $-1 70 -4.6246970568581817e-27 -0.13804054280523825 0 0 -1 0
-2.0802162171221021 0 1 I I 0.3713906763541085 0.92847669088525742 1 forward I
I I I #
-709 coedge $-1 $1018 $439 $1019 $1020 forward $17 $-1 #
-710 coedge $-1 $1021 $1022 $439 $711 reversed $1023 $-1 #
-711 edge $1024 $716 0 $1025 1 $710 $1026 forward 7 unknown #
-712 coedge $-1 $1027 $440 $443 $719 reversed $714 $-1 #
-713 coedge $-1 $440 $1027 $1021 $1028 forward $714 $-1 #
-714 loop $-1 $-1 $440 $1029 #
-715 ptlist-eye-attrib $-1 $-1 $-1 $441 #
-716 vertex $-1 $711 $1030 #
-717 ellipse-curve $-1 68.5 11.52 0 0 0 1 1 0 0 1 F 0 F 1.5707963267948966 #
-718 coedge $-1 $443 $442 $1031 $1032 forward $444 $-1 #
-719 edge $1033 $1034 0 $446 1 $443 $1035 forward 7 unknown #
-720 face $-1 $450 $444 $3 $-1 $1036 reversed single #
-721 point $-1 69.5 11.519999999999998 0 #
-722 coedge $-1 $465 $1031 $448 $723 forward $747 $-1 #
-723 edge $1037 $725 0 $471 1.5707963267948966 $448 $1038 forward 7 unknown #
-724 ptlist-eye-attrib $-1 $-1 $-1 $449 #
-725 vertex $-1 $723 $1039 #
-726 straight-curve $-1 69.5 6.9979999999999984 3 0 0 -3 F 0 F 1 #
-727 cone-surface $-1 68.5 6.9979999999999993 43.929903289369562 0 0 -1 1 0 0 1
I I 0 1 1 forward I I I I #
-728 coedge $-1 $452 $1018 $1040 $1041 forward $17 $-1 #
-729 coedge $-1 $1042 $1043 $452 $730 reversed $1044 $-1 #
-730 edge $1045 $1046 0 $735 1 $729 $1047 forward 7 unknown #
-731 coedge $-1 $1048 $453 $1043 $1049 reversed $733 $-1 #
-732 coedge $-1 $453 $1048 $455 $738 forward $733 $-1 #
-733 loop $-1 $-1 $453 $1050 #
-734 ptlist-eye-attrib $-1 $-1 $-1 $454 #
-735 vertex $-1 $454 $1051 #
-736 ellipse-curve $-1 62.975000000000001 4.3599999999999994 0 0 0 1 0 -1 0 1 F
0 F 1.5707963267948974 #
-737 coedge $-1 $456 $455 $1052 $1053 forward $457 $-1 #
-738 edge $1054 $1055 0 $459 1 $732 $1056 forward 7 unknown #
-739 face $-1 $1050 $457 $3 $-1 $1057 reversed single #
-740 point $-1 63.975000000000001 4.3599999999999994 0 #
-741 coedge $-1 $1052 $465 $461 $742 forward $747 $-1 #
-742 edge $1058 $468 0 $744 1.5707963267949419 $461 $1059 forward 7 unknown #
-743 ptlist-eye-attrib $-1 $-1 $-1 $462 #
-744 vertex $-1 $742 $1060 #
-745 straight-curve $-1 63.975000000000001 4.9979999999999842
1.528286372871581e-19 0 0 3 F 0 F 1 #
-746 cone-surface $-1 64.974999999999994 4.9979999999999993 -25.053793508278396
0 0 1 0 1 0 1 I I 0 1 1 forward I I I I #
-747 loop $-1 $-1 $1052 $1061 #
-748 ptlist-eye-attrib $-1 $-1 $-1 $466 #
-749 straight-curve $-1 64.974999999999994 5.9979999999999984 3
3.5250000000000057 0 0 F 0 F 1 #
-750 point $-1 64.974999999999994 5.9979999999999993 3 #
-751 point $-1 68.5 5.9979999999999984 3 #
-752 face $-1 $1062 $1063 $3 $-1 $1064 forward single #
-753 loop $-1 $-1 $1065 $473 #
-754 spline-surface $-1 forward { exactsur full nurbs 3 3 both open open none
none 2 7 0 3 1 3 -0.025113716738741562 3 0 1 0.21958511850111748 1
0.46295167931704823 1 0.72619792960627516 1 1 1 1.0254727893396902 3
39.047608400199394 0.2460869022218313 2.4189861777244563 1.0740780767567719
40.035818596058732 0.58594773543730383 2.1501224100631595 0.97530730774774255
40.913415515301956 1.169929464327901 2.3806421193394036 0.97530730774774255
41.438291276380994 1.8369255761606322 3.046950462357886 1.0740780767567719
39.062827232966001 0.22787849207658464 2.4296001796423843 1.0740780767567719
40.049726800188196 0.57160443443877906 2.1608199876930083 0.97530730774774255
40.926159793316273 1.1567657685652959 2.3927682263450825 0.97530730774774255
41.450339430021877 1.8219305570111046 3.0614559555083338 1.0740780767567719
39.212426805176499 0.050332279814994212 2.5313592196379462 1.0740780767567728
40.186718611726519 0.43120553194388472 2.2641474402981725 0.97530730774774343
41.051955067953017 1.0273794178684548 2.5104861068809403 0.97530730774774343
41.569438246753194 1.6743839019828892 3.2024163063568314 1.0740780767567728
39.535265594145798 -0.3060722965419797 2.7025654705210234 1.0740780767567717
40.487426712465684 0.13863297085269533 2.4522283390801172 0.97530730774774232
41.333009633550674 0.74718932133397231 2.7356710368600896 0.97530730774774232
41.838738367925252 1.3517106951550697 3.4746985410719402 1.0740780767567717
40.057777466823168 -0.83801820888815892 2.8792669409896554 1.0740780767567724
40.986267633795492 -0.32427615858916997 2.6774122505857751 0.97530730774774299
41.810829162806996 0.27900217415190881 3.0272847975160286 0.97530730774774299
42.303985360836521 0.80538680773287075 3.832363161420183 1.0740780767567724
40.648058124664296 -1.4096061649112146 2.9877376593301737 1.0740780767567715
41.561380555924849 -0.84880440431901982 2.8536723156217079 0.97530730774774221
42.372472118538262 -0.27576018916203882 3.27876333927242 0.97530730774774221
42.857572159225043 0.15143736479040565 4.1457383413934279 1.0740780767567715
41.082534212882948 -1.8196656459383824 3.0084030227608181 1.0740780767567726
41.992218776820138 -1.2441254088019091 2.9288274943763986 0.9753073077477431
42.800079669309767 -0.70999874511018024 3.4059008583899715 0.9753073077477431
43.283247501253847 -0.36463835425081653 4.3080100485159791 1.0740780767567726
41.313916176772253 -2.0375401447296744 3.0030110383709792 1.0740780767567719
42.223769030698165 -1.4596222930545057 2.9526946695459344 0.97530730774774255
43.031779375982737 -0.9511122064749622 3.4555791642796732 0.97530730774774255
43.515036593096362 -0.65229558689821499 4.3729307861452806 1.0740780767567719
41.333610158299948 -2.0560827166272744 3.002433814135379 1.0740780767567719
42.243493445421812 -1.4780014714070726 2.9546090061413506 0.97530730774774255
43.051530817425132 -0.97170680770778728 3.4596763961420045 0.97530730774774255
43.534804198758643 -0.67687324555056527 4.3783000394105498 1.0740780767567719 0
0 0 0 0 0 0 F 0 F 1 F -0.025113716738741562 F 1.0254727893396902 } I I I I #
-755 coedge $-1 $478 $485 $475 $756 reversed $496 $-1 #
-756 edge $1066 $481 0 $488 1 $755 $1067 forward 7 unknown #
-757 coedge $-1 $1068 $1068 $1069 $1070 forward $476 $-1 #
-758 plane-surface $-1 2.8999999999999999 15 0 0 1 0 -1 0 0 forward_v F
-0.14867420965898923 F 5.9486742096589893 F -0.14867420965898923 F
6.1486742096589895 #
-759 ptlist-eye-attrib $-1 $-1 $-1 $479 #
-760 straight-curve $-1 2.8999999999999995 12 6 0 3 0 F 0 F 1 #
-761 point $-1 2.8999999999999995 15 6 #
-762 face $-1 $1071 $1072 $3 $-1 $1073 reversed single #
-763 loop $-1 $-1 $1074 $483 #
-764 plane-surface $-1 49.692704382523509 16.800000000000001 6 0 1 0 -1 0 0
forward_v F -0.84585408765047021 F 43.138558470173983 F -3.148674209658989 F
0.14867420965898923 #
-765 ptlist-eye-attrib $-1 $-1 $-1 $486 #
-766 straight-curve $-1 -2.8999999999999995 15 6 0 -3 0 F 0 F 1 #
-767 point $-1 -2.8999999999999995 15 6 #
-768 face $-1 $1075 $496 $3 $-1 $1076 forward single #
-769 loop $-1 $1077 $1078 $490 #
-770 plane-surface $-1 0 0 6 0 0 1 1 0 0 forward_v F -8.7560936398919882 F
82.560775634491421 F -8.8872 F 18.527200000000001 #
-771 coedge $-1 $508 $492 $1079 $1080 reversed $76 $-1 #
-772 coedge $-1 $1081 $1082 $492 $773 forward $805 $-1 #
-773 edge $1083 $1084 0 $778 1 $772 $1085 forward 7 unknown #
-774 coedge $-1 $1086 $493 $495 $781 forward $776 $-1 #
-775 coedge $-1 $493 $1086 $1081 $1087 reversed $776 $-1 #
-776 loop $-1 $-1 $1086 $1088 #
-777 ptlist-eye-attrib $-1 $-1 $-1 $494 #
-778 vertex $-1 $773 $1089 #
-779 straight-curve $-1 -4.5999999999999996 12 6 0 0 13 F 0 F 1 #
-780 coedge $-1 $495 $1090 $1091 $1092 forward $496 $-1 #
-781 edge $1093 $498 0 $1094 1.5707963267948966 $774 $1095 forward 7 unknown #
-782 coedge $-1 $1090 $789 $967 $1096 forward $496 $-1 #
-783 point $-1 -4.5999999999999996 12 6 #
-784 coedge $-1 $1097 $501 $512 $800 forward $786 $-1 #
-785 coedge $-1 $501 $1097 $503 $790 reversed $786 $-1 #
-786 loop $-1 $-1 $1097 $1098 #
-787 ptlist-eye-attrib $-1 $-1 $-1 $502 #
-788 straight-curve $-1 3.9999999999999987 12 6 -4.8849813083506888e-15 0
6.2318854252131395 F 0 F 1 #
-789 coedge $-1 $782 $503 $1099 $1100 reversed $496 $-1 #
-790 edge $1101 $505 0 $1102 1.5707963267949072 $785 $1103 forward 7 unknown #
-791 point $-1 3.9999999999999982 12 6 #
-792 coedge $-1 $1104 $511 $508 $793 reversed $513 $-1 #
-793 edge $1105 $1106 0 $796 1 $508 $1107 forward 7 unknown #
-794 coedge $-1 $509 $509 $511 $798 reversed $519 $-1 #
-795 ptlist-eye-attrib $-1 $-1 $-1 $510 #
-796 vertex $-1 $793 $1108 #
-797 straight-curve $-1 0 12 12.231885425213104 0 0 1.5362291495737548 F 0 F 1
#
-798 edge $1109 $516 0 $796 0.51784308401247714 $794 $1110 forward 7 unknown #
-799 coedge $-1 $512 $1104 $1111 $1112 reversed $513 $-1 #
-800 edge $1113 $515 0 $1114 2.2363458772662019 $512 $1115 forward 7 unknown #
-801 face $-1 $165 $513 $3 $-1 $1116 reversed single #
-802 point $-1 3.9999999999999938 12 12.231885425213139 #
-803 point $-1 0 12 12.231885425213104 #
-804 face $-1 $1117 $1118 $3 $-1 $1119 reversed single #
-805 loop $-1 $1120 $1121 $518 #
-806 plane-surface $-1 0 0 19 0 0 1 1 0 0 forward_v F -7.2880000000000003 F
7.6880000000000006 F -8.8095009359432215 F 14.447245116391043 #
-807 coedge $-1 $1122 $521 $524 $813 forward $809 $-1 #
-808 coedge $-1 $521 $1122 $542 $826 reversed $809 $-1 #
-809 loop $-1 $-1 $807 $837 #
-810 ptlist-eye-attrib $-1 $-1 $-1 $522 #
-811 ellipse-curve $-1 -2.0000000000000178 -1.6096153618543929 0 0 0 -1
-3.4959999999999862 -2.9896461329060204 0 1 F 0 F 0.70748321177934492 #
-812 coedge $-1 $524 $523 $1123 $1124 forward $525 $-1 #
-813 edge $1125 $527 0 $1126 1 $524 $1127 forward 7 unknown #
-814 face $-1 $532 $525 $3 $-1 $1128 forward single #
-815 point $-1 -5.4959999999999969 -4.5992614947604062 0 #
-816 edge $1129 $1130 0 $536 1 $529 $1131 forward 7 unknown #
-817 edge $1132 $1130 0 $819 1 $559 $1133 forward 7 unknown #
-818 ptlist-eye-attrib $-1 $-1 $-1 $531 #
-819 vertex $-1 $1134 $1135 #
-820 straight-curve $-1 1.8000002744482493 -7.9599999984428651
-3.8928185489931853e-09 -6.0035554749759967e-08 -0.400000000340623
1.0000000008515544 F 0 F 1 #
-821 plane-surface $-1 41.988460367167932 -8.1600000000000001 0.5 0
-0.92847669088525908 -0.371390676354104 0 -0.371390676354104
0.92847669088525908 forward_v F -0.68719069037243996 F 0.68719069037243974 F
-41.795998781854664 F 41.795998781854642 #
-822 ptlist-eye-attrib $-1 $-1 $-1 $534 #
-823 ellipse-curve $-1 82.176920734335852 -3.1600000000000472 1 0 0 1
3.836930773104541e-13 -5.1999999999999877 0 1 F 0 F 1.2876502185679326 #
-824 point $-1 82.176920513125083 -8.3599999999999959 1 #
-825 coedge $-1 $543 $542 $1136 $1137 forward $544 $-1 #
-826 edge $1138 $546 0 $1139 1 $808 $1140 forward 7 unknown #
-827 face $-1 $550 $544 $3 $-1 $1141 forward single #
-828 point $-1 -6.5999999999999988 -1.6096153618543831 0 #
-829 coedge $-1 $1142 $968 $548 $830 reversed $838 $-1 #
-830 edge $1143 $832 0 $553 1.5707963267948966 $829 $1144 forward 7 unknown #
-831 ptlist-eye-attrib $-1 $-1 $-1 $549 #
-832 vertex $-1 $1137 $1145 #
-833 straight-curve $-1 -6.5999999994709686 17.000000059105549
-1.3225537702036641e-09 -0.39999999986774348 1.4776386336734504e-08
0.99999999966936126 F 0 F 1 #
-834 cone-surface $-1 -5.9999999999999991 17 1.1380405388409467 0 0 1 0
-1.055216215536378 0 1 I I 0.37139067635410322 0.92847669088525953 1 forward I
I I I #
-835 edge $1146 $553 0 $1147 1 $968 $1148 forward 7 unknown #
-836 point $-1 -6 18 1.0000000000000024 #
-837 face $-1 $814 $809 $3 $-1 $1149 forward single #
-838 loop $-1 $-1 $1142 $555 #
-839 cone-surface $-1 -6 17 0 0 0 1 1 0 0 1 I I 0 1 1 forward I I I I #
-840 face $-1 $1150 $571 $3 $-1 $1151 forward single #
-841 loop $-1 $-1 $1152 $557 #
-842 cone-surface $-1 54.225075462529269 21.199999999999999 -25.053793508278396
0 0 1 -7.1054273576010034e-15 -3.2000000000000002 0 1 I I 0 1 1 forward I I I I
#
-843 coedge $-1 $1153 $559 $958 $1154 forward $341 $-1 #
-844 coedge $-1 $559 $1153 $1155 $1134 reversed $341 $-1 #
-845 face $-1 $617 $611 $3 $-1 $1156 forward single #
-846 loop $-1 $-1 $1157 $560 #
-847 spline-surface $-1 forward { exactsur full nubs 3 3 open open none none 5
2 -0.014484129388960914 3 0.29021594846092491 1 0.47538099097657405 1
0.66562978633607495 1 0.72917663625309026 3 -0.14867420965898923 3
2.148674209658989 3 84.349633187474538 8.2688103316356063 0.85132579034101075
84.042301967338631 7.8483103429288485 0.85132579034101075 83.399258538494792
7.294658427486695 0.85132579034101064 82.383409449817535 6.7409573427610638
0.85132579034101097 81.6831513955226 6.481734152020163 0.8513257903410103
81.267619145808425 6.363164131562252 0.85132579034101075 81.163094359018487
6.335156143445416 0.85132579034101075 84.349633187474538 8.2688103316356063
1.6171085967803367 84.042301967338631 7.8483103429288485 1.6171085967803367
83.399258538494792 7.294658427486695 1.6171085967803365 82.383409449817535
6.7409573427610638 1.6171085967803367 81.6831513955226 6.481734152020163
1.6171085967803367 81.267619145808425 6.363164131562252 1.6171085967803367
81.163094359018487 6.335156143445416 1.6171085967803367 84.349633187474538
8.2688103316356063 2.3828914032196629 84.042301967338631 7.8483103429288485
2.3828914032196629 83.399258538494792 7.294658427486695 2.382891403219662
82.383409449817535 6.7409573427610638 2.3828914032196633 81.6831513955226
6.481734152020163 2.3828914032196624 81.267619145808425 6.363164131562252
2.3828914032196629 81.163094359018487 6.335156143445416 2.3828914032196629
84.349633187474538 8.2688103316356063 3.148674209658989 84.042301967338631
7.8483103429288485 3.148674209658989 83.399258538494792 7.294658427486695
3.1486742096589886 82.383409449817535 6.7409573427610638 3.148674209658989
81.6831513955226 6.481734152020163 3.1486742096589877 81.267619145808425
6.363164131562252 3.148674209658989 81.163094359018487 6.335156143445416
3.148674209658989 0 0 0 0 0 0 0 F -0.014484129388960914 F 0.72917663625309026 F
-0.14867420965898923 F 2.148674209658989 } I I I I #
-848 coedge $-1 $896 $645 $647 $955 reversed $561 $-1 #
-849 edge $1158 $853 0 $1130 0.64854139845961523 $653 $1159 forward 7 unknown
#
-850 coedge $-1 $959 $564 $570 $863 forward $851 $-1 #
-851 loop $-1 $-1 $654 $1150 #
-852 ptlist-eye-attrib $-1 $-1 $-1 $565 #
-853 vertex $-1 $849 $1160 #
-854 intcurve-curve $-1 forward { exactcur full nubs 3 open 21 0 3
0.19576720296305844 1 1.5854910835408087 1 2.925157021601632 1
4.5835046145519289 1 6.1062841694849279 1 8.9794040538367348 1
10.378728301819965 1 12.355932621917857 1 16.285985605389847 1
19.361310977788541 1 22.116368452237129 1 23.491528755056354 1
24.298497343434764 1 24.652287477756442 1 25.017063274743542 1
25.757872187170772 1 26.720843451527848 1 27.790703579207928 1
28.65404482570062 1 28.955969711763075 3 84.870669045253322 7.0255001262286001
1 84.933778897384286 7.0420970363562114 1 85.445977938605921 7.1701275781022398
0.99999999999999989 86.436238845323075 7.2940055173169611 1.0000000000000002
87.871461205006298 6.8446461529499256 0.99999999999999978 88.964319328232904
5.5743504382504261 1 88.713447309355445 3.4482923459031158 1 87.807434939398462
1.7531064762842741 0.99999999999999978 87.05122408772985 -0.1966821008004303 1
86.490797922823674 -2.5613527399253684 0.99999999999999967 85.779081108461256
-5.5316663396300623 1.0000000000000002 83.294309280938123 -7.9779498874355141 1
80.469606755498091 -7.9228195447259493 1 79.376076751533617 -6.6137498812700093
1 78.874524938996643 -5.9485716558874175 0.99999999999999978 78.439312363231807
-5.6346289135732732 1.0000000000000002 77.932038947796599 -5.7020724761634467 1
77.285309869573368 -5.9018852014159453 0.99999999999999978 76.380322838537893
-6.154822106304902 1.0000000000000002 75.38283115600413 -5.9524059410871448 1
74.794839136603244 -5.4712322603741903 0.99999999999999978 74.531146691367738
-5.1867684824925941 1 74.464393493126877 -5.1114508354934554 1 0 null_surface
null_surface nullbs nullbs I I 0 0 0 I I } I I #
-855 coedge $-1 $566 $665 $1161 $1162 reversed $101 $-1 #
-856 coedge $-1 $1152 $567 $619 $919 forward $841 $-1 #
-857 coedge $-1 $567 $1152 $569 $862 reversed $841 $-1 #
-858 ptlist-eye-attrib $-1 $-1 $-1 $568 #
-859 vertex $-1 $568 $1163 #
-860 ellipse-curve $-1 54.225075462529269 21.199999999999999 1 0 0 1
-7.1054273576010019e-15 -3.1999999999999993 0 1 F 0 F 0.70476266108357277 #
-861 coedge $-1 $570 $569 $962 $1164 reversed $571 $-1 #
-862 edge $1165 $573 0 $1166 1 $569 $1167 forward 7 unknown #
-863 edge $1168 $574 0 $1169 1 $850 $1170 forward 7 unknown #
-864 point $-1 56.298205226449504 18.76235093133814 1 #
-865 point $-1 84.870669045253322 7.025500126228601 1 #
-866 coedge $-1 $1171 $1172 $576 $867 reversed $1173 $-1 #
-867 edge $1174 $872 0 $881 2.1089082316759478 $866 $1175 forward 7 unknown #
-868 coedge $-1 $1176 $577 $580 $875 forward $870 $-1 #
-869 coedge $-1 $577 $1176 $1171 $1177 forward $870 $-1 #
-870 loop $-1 $-1 $577 $1178 #
-871 ptlist-eye-attrib $-1 $-1 $-1 $578 #
-872 vertex $-1 $867 $1179 #
-873 intcurve-curve $-1 forward { exactcur full nubs 3 open 8 0 3
1.9555171977186721 1 5.2209822783436017 1 8.1894313955431191 1
12.229134882128882 1 18.181949685604266 1 25.024286597578445 1
26.773119625267714 3 18.571094798856066 18.605006256247314 1 18.905172515299025
19.1647260497313 1 19.794878496186815 20.660131475505402 0.99999999999999989
21.109481941493907 23.056338513064929 0.99999999999999978 22.457434145677997
26.20859168110584 1 23.746831936623348 30.348735480012699 1 23.901716268304551
36.096941666148936 0.99999999999999956 22.07135688461527 40.706641664459298
1.0000000000000004 20.64737247971491 43.187098902475931 1 20.344465576824152
43.68516668371403 1 0 null_surface null_surface nullbs nullbs I I 0 0 0 I I } I
I #
-874 coedge $-1 $580 $579 $1180 $1181 reversed $581 $-1 #
-875 edge $1182 $583 0 $1183 1 $868 $1184 forward 7 unknown #
-876 face $-1 $1178 $581 $3 $-1 $1185 reversed single #
-877 point $-1 20.34446557682416 43.685166683714023 1 #
-878 coedge $-1 $674 $585 $1172 $1186 reversed $211 $-1 #
-879 coedge $-1 $585 $936 $587 $884 reversed $211 $-1 #
-880 ptlist-eye-attrib $-1 $-1 $-1 $586 #
-881 vertex $-1 $586 $1187 #
-882 straight-curve $-1 18.914565954703914 18 1 27.75809682388692 0 0 F 0 F 1
#
-883 coedge $-1 $588 $587 $1188 $1189 reversed $589 $-1 #
-884 edge $1190 $591 0 $1191 1 $587 $1192 forward 7 unknown #
-885 face $-1 $596 $589 $3 $-1 $1193 reversed single #
-886 point $-1 46.672662778590833 18 1 #
-887 coedge $-1 $1188 $1180 $593 $888 forward $1194 $-1 #
-888 edge $1195 $893 0 $890 36.7397547170876 $593 $1196 forward 7 unknown #
-889 ptlist-eye-attrib $-1 $-1 $-1 $594 #
-890 vertex $-1 $1189 $1197 #
-891 straight-curve $-1 46.862397755463164 18.752137243913868 1 0
-3.5527136788005009e-15 2 F 0 F 1 #
-892 ptlist-eye-attrib $-1 $-1 $-1 $595 #
-893 vertex $-1 $888 $1198 #
-894 straight-curve $-1 20.858380206207883 44.254070786207436 1 0 0 2 F 0 F 1
#
-895 spline-surface $-1 forward { exactsur full nubs 3 3 open open none none 7
2 0.02238263534701216 3 0.047278283437345768 1 0.19145416130419055 1
0.40794929400830809 1 0.61892709355120512 1 0.77957779737210875 1
0.85915304432959649 3 -0.14867420965898923 3 2.148674209658989 3
20.521887400372762 44.41081126096028 0.85132579034101075 20.842665489617261
44.264892609055728 0.85132579034101075 22.996984716342155 43.217408637825329
0.85132579034101141 27.502584187776975 39.97206266701955 0.85132579034101008
32.724751739416817 33.414826029888772 0.85132579034101119 37.792658554506332
26.123380538656956 0.85132579034101075 42.84639514261022 21.178680670306981
0.85132579034101064 46.068662873827115 19.160812561977927 0.85132579034101075
47.185400252654212 18.581319533982558 0.85132579034101075 20.521887400372762
44.41081126096028 1.6171085967803367 20.842665489617261 44.264892609055728
1.6171085967803367 22.996984716342155 43.217408637825329 1.6171085967803378
27.502584187776975 39.97206266701955 1.6171085967803354 32.724751739416817
33.414826029888772 1.6171085967803371 37.792658554506332 26.123380538656956
1.6171085967803371 42.84639514261022 21.178680670306981 1.6171085967803367
46.068662873827115 19.160812561977927 1.6171085967803367 47.185400252654212
18.581319533982558 1.6171085967803367 20.521887400372762 44.41081126096028
2.3828914032196629 20.842665489617261 44.264892609055728 2.3828914032196629
22.996984716342155 43.217408637825329 2.3828914032196646 27.502584187776975
39.97206266701955 2.3828914032196611 32.724751739416817 33.414826029888772
2.3828914032196633 37.792658554506332 26.123380538656956 2.3828914032196638
42.84639514261022 21.178680670306981 2.3828914032196624 46.068662873827115
19.160812561977927 2.3828914032196629 47.185400252654212 18.581319533982558
2.3828914032196629 20.521887400372762 44.41081126096028 3.148674209658989
20.842665489617261 44.264892609055728 3.148674209658989 22.996984716342155
43.217408637825329 3.1486742096589913 27.502584187776975 39.97206266701955
3.1486742096589868 32.724751739416817 33.414826029888772 3.1486742096589899
37.792658554506332 26.123380538656956 3.148674209658989 42.84639514261022
21.178680670306981 3.1486742096589886 46.068662873827115 19.160812561977927
3.148674209658989 47.185400252654212 18.581319533982558 3.148674209658989 0 0 0
0 0 0 0 F 0.02238263534701216 F 0.85915304432959649 F -0.14867420965898923 F
2.148674209658989 } I I I I #
-896 coedge $-1 $599 $848 $906 $1199 reversed $561 $-1 #
-897 ptlist-eye-attrib $-1 $-1 $-1 $600 #
-898 vertex $-1 $608 $1200 #
-899 ellipse-curve $-1 81.138364553464569 6.7066893774885585 1 0 0 1
-0.36440593107330699 0.02081627725124946 0 1 F 0 F 1.8972919734025988 #
-900 point $-1 80.773958622391262 6.727505654739808 1 #
-901 coedge $-1 $626 $965 $604 $902 forward $769 $-1 #
-902 edge $1201 $904 0 $629 0.93812104565472143 $604 $1202 forward 7 unknown #
-903 ptlist-eye-attrib $-1 $-1 $-1 $605 #
-904 vertex $-1 $966 $1203 #
-905 straight-curve $-1 77.703175852089402 17.100869565217391 1 0
3.5527136788005009e-15 5 F 0 F 1 #
-906 coedge $-1 $1157 $607 $896 $1199 forward $846 $-1 #
-907 coedge $-1 $607 $1157 $609 $911 reversed $846 $-1 #
-908 ptlist-eye-attrib $-1 $-1 $-1 $608 #
-909 intcurve-curve $-1 forward { exactcur full nubs 3 open 5 0 3
1.477697974793734 1 2.4205062862563556 1 3.3891996371923057 1
3.6386350761734221 3 84.305183800367359 8.20935835339208 1 84.006001451959278
7.8180641182187802 1 83.376965419394494 7.2821400663446081 1 82.383822605999072
6.7412014865715406 1 81.705590733683295 6.4900943172203647 1.0000000000000002
81.315667749057312 6.3769899807794523 1 81.235522332596787 6.3548579321143635 1
0 null_surface null_surface nullbs nullbs I I 0 0 0 I I } I I #
-910 coedge $-1 $610 $609 $1204 $1205 reversed $611 $-1 #
-911 edge $1206 $613 0 $1207 1 $609 $1208 forward 7 unknown #
-912 point $-1 84.305183800367359 8.20935835339208 1 #
-913 coedge $-1 $1204 $620 $615 $914 forward $648 $-1 #
-914 edge $1209 $623 0 $916 2.4076832992426929 $913 $1210 forward 7 unknown #
-915 ptlist-eye-attrib $-1 $-1 $-1 $616 #
-916 vertex $-1 $616 $1211 #
-917 straight-curve $-1 58.043786590021945 18.697024674006709 3
7.1054273576010019e-15 3.5527136788005009e-15 -2 F 0 F 1 #
-918 cone-surface $-1 58.311697663012978 18.399999999999999 43.929903289369562
0 0 -1 0 -0.40000000000000002 0 1 I I 0 1 1 forward I I I I #
-919 edge $1212 $859 0 $922 1 $856 $1213 forward 7 unknown #
-920 coedge $-1 $620 $962 $1152 $1214 forward $648 $-1 #
-921 ptlist-eye-attrib $-1 $-1 $-1 $621 #
-922 vertex $-1 $919 $1215 #
-923 straight-curve $-1 58.311697663012978 18 3 -4.0866222004837169 0 0 F 0 F 1
#
-924 point $-1 58.311697663012978 18 3 #
-925 coedge $-1 $625 $1216 $1217 $1218 reversed $211 $-1 #
-926 coedge $-1 $1219 $1220 $625 $927 forward $1221 $-1 #
-927 edge $1222 $930 0 $1223 1 $926 $1224 forward 7 unknown #
-928 coedge $-1 $1225 $626 $1220 $1226 forward $769 $-1 #
-929 ptlist-eye-attrib $-1 $-1 $-1 $627 #
-930 vertex $-1 $627 $1227 #
-931 straight-curve $-1 75.928989172427123 18 6 -68.528989172427117 0 0 F 0 F 1
#
-932 point $-1 75.928989172427123 17.999999999999996 6 #
-933 coedge $-1 $631 $631 $1228 $1229 reversed $383 $-1 #
-934 coedge $-1 $1230 $1231 $631 $935 forward $1232 $-1 #
-935 edge $1233 $1234 0 $1235 3.1415926535897931 $934 $1236 forward 7 unknown
#
-936 coedge $-1 $879 $632 $1237 $1238 forward $211 $-1 #
-937 coedge $-1 $1161 $1239 $632 $938 reversed $1240 $-1 #
-938 edge $1241 $940 0 $1242 1 $937 $1243 forward 7 unknown #
-939 ptlist-eye-attrib $-1 $-1 $-1 $633 #
-940 vertex $-1 $633 $1244 #
-941 straight-curve $-1 51.998384342610315 18 1 2.2266911199189465 0 0 F 0 F 1
#
-942 face $-1 $477 $1232 $3 $-1 $1245 reversed single #
-943 loop $-1 $-1 $1246 $634 #
-944 cone-surface $-1 0 18 3 0 1 0 1.75 0 0 1 I I 0 1 1 forward I I I I #
-945 ptlist-eye-attrib $-1 $-1 $-1 $637 #
-946 intcurve-curve $-1 forward { exactcur full nubs 3 open 32 0 3
1.0635005336865102 1 1.9398307818718865 1 2.4691432073210566 1
2.907714622591179 1 3.3270157588483658 1 3.9166588236318249 1
5.1951243237368354 1 6.6237438951944494 1 8.11981686181905 1 10.176067463036526
1 13.7855401519287 1 15.056138590106713 1 16.230826420586741 1
17.277754393750858 1 17.753673778986194 1 18.159388567369533 1
18.608901036586197 1 19.206865912084695 1 19.649722538553569 1
20.20873039917894 1 20.542257114880815 1 21.021968183451762 1
21.508532316390315 1 21.825431392122656 1 22.280708029021589 1
22.669409935304294 1 23.083686641211109 1 23.390604444961614 1
23.957472841789777 1 24.499366781311636 1 24.697752688130834 3
85.291658969955705 6.0998274720278012 3 85.636946307638638 6.1801208750181642 3
86.290420929155971 6.2777662726354553 2.9999999999999996 87.110051781247734
6.0250620643077113 3 87.579792762690545 5.6161196319704851 3 87.82666525008095
5.2076895561312577 3.0000000000000004 87.847961413247432 4.7134300098840685
2.9999999999999996 87.705378240263457 3.9632665816604664 3.0000000000000004
87.310844048169983 2.9306043665161816 3 86.701139075119059 1.6711990474233396 3
86.100856525914651 0.11654398923859044 2.9999999999999996 85.544903426478143
-2.1952694124291909 2.9999999999999996 85.012434687804742 -4.5125206557955702
3.0000000000000009 83.737212875525827 -6.1177256904079034 3 82.728021191634895
-6.754386175680775 3 81.811264038094606 -6.8887572335033855 3.0000000000000004
81.172026381974916 -6.789911778675382 2.9999999999999996 80.758037442468719
-6.6111147362700455 3.0000000000000004 80.399052920896821 -6.277155966600219 3
80.088391275200721 -5.890116885606882 3 79.762232143249676 -5.4680683622706416
3 79.452854159047305 -5.1451933831011347 3.0000000000000009 79.088889489337305
-4.8660274626456115 2.9999999999999991 78.686753857140658 -4.6850540475830655
3.0000000000000013 78.252575045893934 -4.6498824985172327 2.9999999999999991
77.836663986765757 -4.7104528430213346 3 77.460185595538718 -4.8019727897190316
3.0000000000000009 77.058616410023731 -4.9228015825370655 2.9999999999999991
76.703161541118448 -5.0261888109993356 3.0000000000000004 76.279100482472245
-5.1013406926373461 2.9999999999999996 75.790842511794949 -5.0051442660778029
2.9999999999999996 75.455581483121918 -4.710672802480401 3.0000000000000009
75.287660124796375 -4.5308256602864816 3 75.24344280193128 -4.4816542783066362
3 0 null_surface null_surface nullbs nullbs I I 0 0 0 I I } I I #
-947 point $-1 85.291658969955705 6.0998274720278012 3 #
-948 face $-1 $1247 $973 $3 $-1 $1248 forward single #
-949 cone-surface $-1 15.563324479642253 20.199999999999999 -25.053793508278396
0 0 1 0 -2.2000000000000002 0 1 I I 0 1 1 forward I I I I #
-950 ptlist-eye-attrib $-1 $-1 $-1 $644 #
-951 intcurve-curve $-1 forward { exactcur full nubs 3 open 6 0 3
0.38606405968284319 1 1.6001436636171822 1 2.6758289144648906 1
4.1108120873953906 1 5.0822627384143173 3 80.503580537658948 4.574494513043458
3 80.631244213965971 4.5582898156970986 3 81.165169849453733 4.5259810171326373
2.9999999999999991 82.058220124800357 4.6921654723095783 3 83.201732516327525
5.1820692402216029 3 84.228297621752233 5.7191977812393517 3 84.976257521290748
6.0264837583795039 3 85.291658969955705 6.0998274720278021 3 0 null_surface
null_surface nullbs nullbs I I 0 0 0 I I } I I #
-952 ptlist-eye-attrib $-1 $-1 $-1 $646 #
-953 straight-curve $-1 80.773958622391262 6.727505654739808 1 0 0 2 F 0 F 1 #
-954 coedge $-1 $647 $1204 $1157 $1249 forward $648 $-1 #
-955 edge $1250 $1251 0 $650 1.8972919734025619 $647 $1252 forward 7 unknown #
-956 face $-1 $390 $648 $3 $-1 $1253 forward single #
-957 point $-1 80.773958622391262 6.727505654739808 3 #
-958 coedge $-1 $653 $661 $843 $1154 reversed $114 $-1 #
-959 coedge $-1 $654 $850 $656 $963 reversed $851 $-1 #
-960 ptlist-eye-attrib $-1 $-1 $-1 $655 #
-961 straight-curve $-1 74.464393493126877 -5.11145083549345 3 0
-5.3290705182007514e-15 -2 F 0 F 1 #
-962 coedge $-1 $920 $656 $861 $1164 forward $648 $-1 #
-963 edge $1254 $658 0 $1169 28.955969711763078 $656 $1255 forward 7 unknown #
-964 point $-1 74.464393493126892 -5.1114508354934474 3 #
-965 coedge $-1 $901 $1078 $661 $966 forward $769 $-1 #
-966 edge $1256 $1257 0 $904 2.203471607935064 $965 $1258 forward 7 unknown #
-967 coedge $-1 $1216 $662 $782 $1096 reversed $211 $-1 #
-968 coedge $-1 $829 $1259 $662 $835 reversed $838 $-1 #
-969 coedge $-1 $1260 $1261 $665 $970 reversed $1262 $-1 #
-970 edge $1263 $975 0 $1264 2.5184370161830172 $969 $1265 forward 7 unknown #
-971 coedge $-1 $1266 $666 $669 $978 forward $973 $-1 #
-972 coedge $-1 $666 $1266 $1260 $1267 forward $973 $-1 #
-973 loop $-1 $-1 $1266 $948 #
-974 ptlist-eye-attrib $-1 $-1 $-1 $667 #
-975 vertex $-1 $970 $1268 #
-976 intcurve-curve $-1 forward { exactcur full nubs 3 open 9 0 3
0.38050942326979753 1 3.5523030674012053 1 9.9989891541989664 1
15.534690864531164 1 19.367917614074145 1 22.229572056974913 1
25.406760971759503 1 27.517253134485379 3 18.305330195375888 44.632832814477133
1 18.376706693770714 44.527985846371152 1 19.038818742969394 43.546122246017944
1.0000000000000004 20.771041729598362 40.702809665951037 0.99999999999999944
22.691799295792446 35.909372172680619 1 22.542555209699692 30.507545055258397 1
21.320044938929481 26.60277806542193 1 20.025190442044632 23.573597724766771
0.99999999999999989 18.716070629985047 21.18961787825074 1 17.812928467575972
19.676367999642913 1 17.452327997459669 19.072318436049692 1 0 null_surface
null_surface nullbs nullbs I I 0 0 0 I I } I I #
-977 coedge $-1 $669 $668 $1269 $1270 reversed $670 $-1 #
-978 edge $1271 $672 0 $1272 1 $971 $1273 forward 7 unknown #
-979 point $-1 17.452327997459683 19.072318436049709 0.99999999999999645 #
-980 coedge $-1 $1274 $1269 $674 $981 reversed $1194 $-1 #
-981 edge $1275 $1276 0 $983 1 $980 $1277 forward 7 unknown #
-982 ptlist-eye-attrib $-1 $-1 $-1 $675 #
-983 vertex $-1 $675 $1278 #
-984 straight-curve $-1 15.563324479642251 18 1 0 0 2 F 0 F 1 #
-985 coedge $-1 $1279 $678 $681 $992 forward $987 $-1 #
-986 coedge $-1 $678 $1279 $680 $991 reversed $987 $-1 #
-987 loop $-1 $-1 $985 $1280 #
-988 ptlist-eye-attrib $-1 $-1 $-1 $679 #
-989 ellipse-curve $-1 0 2.9175527541533358e-29 8.8817841970012523e-16 0 0 1
1.6999999999999993 -3.4698325976003982e-17 0 1 F 0 F 3.1415926535897931 #
-990 coedge $-1 $681 $680 $1281 $1282 forward $682 $-1 #
-991 edge $1283 $684 0 $1284 1 $986 $1285 forward 7 unknown #
-992 edge $1286 $685 0 $1287 1 $985 $1288 forward 7 unknown #
-993 face $-1 $1280 $682 $3 $-1 $1289 reversed single #
-994 point $-1 -1.6999999999999993 2.4288828183108313e-16
8.8817841970012523e-16 #
-995 point $-1 1.6999999999999993 -3.4698325975974806e-17
8.8817841970012523e-16 #
-996 coedge $-1 $688 $687 $1290 $1291 forward $689 $-1 #
-997 face $-1 $1292 $689 $3 $-1 $1293 reversed single #
-998 coedge $-1 $1294 $1295 $692 $999 reversed $1296 $-1 #
-999 edge $1297 $1001 0 $1004 3.1415926535897931 $692 $1298 forward 7 unknown
#
-1000 ptlist-eye-attrib $-1 $-1 $-1 $693 #
-1001 vertex $-1 $999 $1299 #
-1002 straight-curve $-1 47.024999992815694 1.0630125143430821e-07
1.7960712916931243e-08 -0.3999999971395809 -4.2323646586821887e-08
0.99999999284897645 F 0 F 1 #
-1003 ptlist-eye-attrib $-1 $-1 $-1 $694 #
-1004 vertex $-1 $999 $1300 #
-1005 straight-curve $-1 42.975000007184299 -1.0630125148926061e-07
1.7960713212990715e-08 0.399999997139588 4.2323646614982847e-08
0.99999999284897589 F 0 F 1 #
-1006 cone-surface $-1 45 -6.2872583924663963e-27 -0.13804054280523825 0 0 -1 0
-2.0802162171220941 0 1 I I 0.37139067635410267 0.92847669088525975 1 forward I
I I I #
-1007 coedge $-1 $1301 $1302 $698 $1008 reversed $1303 $-1 #
-1008 edge $1304 $706 0 $703 3.1415926535897931 $1007 $1305 forward 7 unknown
#
-1009 face $-1 $463 $1303 $3 $-1 $1306 reversed single #
-1010 cone-surface $-1 70 -8.3955278615821396e-16 -0.13804054280523825 0 0 -1 0
-2.0802162171221021 0 1 I I 0.3713906763541085 0.92847669088525742 1 forward I
I I I #
-1011 coedge $-1 $1307 $700 $1302 $1308 forward $1013 $-1 #
-1012 coedge $-1 $700 $1307 $1301 $1309 reversed $1013 $-1 #
-1013 loop $-1 $-1 $1011 $1310 #
-1014 ptlist-eye-attrib $-1 $-1 $-1 $701 #
-1015 ellipse-curve $-1 70 0 0.99999999999999589 0 0 1 1.625
-2.3217262233835328e-16 0 1 F 0 F 3.1415926535897931 #
-1016 point $-1 71.625 -3.9801020972288977e-16 1.0000000000000009 #
-1017 point $-1 68.375 1.9900510486144489e-16 1.0000000000000009 #
-1018 coedge $-1 $728 $709 $1311 $1312 forward $17 $-1 #
-1019 coedge $-1 $1313 $1314 $709 $1020 reversed $1315 $-1 #
-1020 edge $1316 $1025 0 $1317 1.5707963267948966 $1019 $1318 forward 7 unknown
#
-1021 coedge $-1 $1319 $710 $713 $1028 reversed $1023 $-1 #
-1022 coedge $-1 $710 $1319 $1313 $1320 forward $1023 $-1 #
-1023 loop $-1 $-1 $710 $1321 #
-1024 ptlist-eye-attrib $-1 $-1 $-1 $711 #
-1025 vertex $-1 $1020 $1322 #
-1026 straight-curve $-1 68.5 12.519999999999998 0 -8.5 0 0 F 0 F 1 #
-1027 coedge $-1 $713 $712 $1323 $1324 reversed $714 $-1 #
-1028 edge $1325 $1326 0 $716 1 $713 $1327 forward 7 unknown #
-1029 face $-1 $720 $714 $3 $-1 $1328 reversed single #
-1030 point $-1 68.5 12.519999999999998 0 #
-1031 coedge $-1 $722 $1323 $718 $1032 reversed $747 $-1 #
-1032 edge $1329 $725 0 $1034 1 $718 $1330 forward 7 unknown #
-1033 ptlist-eye-attrib $-1 $-1 $-1 $719 #
-1034 vertex $-1 $1032 $1331 #
-1035 straight-curve $-1 69.5 11.519999999999998 3 0 0 -3 F 0 F 1 #
-1036 plane-surface $-1 69.5 5.9979999999999993 0 1 0 0 0 1 0 forward_v F
0.85132579034101052 F 5.6706742096589888 F -0.14867420965898923 F
3.148674209658989 #
-1037 ptlist-eye-attrib $-1 $-1 $-1 $723 #
-1038 ellipse-curve $-1 68.5 6.9979999999999993 3 0 0 -1 1 0 0 1 F 0 F
1.5707963267948966 #
-1039 point $-1 69.5 6.9979999999999984 3 #
-1040 coedge $-1 $1332 $1333 $728 $1041 reversed $1334 $-1 #
-1041 edge $1335 $1336 0 $1046 1.5707963267948966 $1040 $1337 forward 7 unknown
#
-1042 coedge $-1 $1338 $729 $1333 $1339 reversed $1044 $-1 #
-1043 coedge $-1 $729 $1338 $731 $1049 forward $1044 $-1 #
-1044 loop $-1 $-1 $1338 $1340 #
-1045 ptlist-eye-attrib $-1 $-1 $-1 $730 #
-1046 vertex $-1 $730 $1341 #
-1047 straight-curve $-1 60 3.3599999999999994 0 2.9750000000000014 0 0 F 0 F 1
#
-1048 coedge $-1 $732 $731 $1342 $1343 reversed $733 $-1 #
-1049 edge $1344 $1345 0 $735 1 $1043 $1346 forward 7 unknown #
-1050 face $-1 $1340 $733 $3 $-1 $1347 reversed single #
-1051 point $-1 62.975000000000001 3.3599999999999994 0 #
-1052 coedge $-1 $1342 $741 $737 $1053 reversed $747 $-1 #
-1053 edge $1348 $1055 0 $744 1 $737 $1349 forward 7 unknown #
-1054 ptlist-eye-attrib $-1 $-1 $-1 $738 #
-1055 vertex $-1 $1343 $1350 #
-1056 straight-curve $-1 63.975000000000001 4.3599999999999994 3 0 0 -3 F 0 F 1
#
-1057 plane-surface $-1 63.975000000000001 3.3599999999999999 0 1 0 0 0 1 0
forward_v F 0.85132579034101075 F 1.7866742096589892 F -0.14867420965898923 F
3.148674209658989 #
-1058 ptlist-eye-attrib $-1 $-1 $-1 $742 #
-1059 ellipse-curve $-1 64.974999999999994 4.9979999999999993 3 0 0 1 0 1 0 1 F
0 F 1.5707963267949419 #
-1060 point $-1 63.974999999999994 4.997999999999954 3 #
-1061 face $-1 $1310 $1351 $3 $-1 $1352 forward single #
-1062 face $-1 $1353 $1354 $3 $-1 $1355 reversed single #
-1063 loop $-1 $-1 $1356 $752 #
-1064 cone-surface $-1 225.56509479311217 -1.9208134775314245
-1.2999999999999998 -1 0 0 0 0 4.2999999999999998 1 I I 0 1 1 forward I I I I
#
-1065 coedge $-1 $1357 $1358 $1359 $1360 reversed $753 $-1 #
-1066 ptlist-eye-attrib $-1 $-1 $-1 $756 #
-1067 straight-curve $-1 2.8999999999999995 15 6 -5.7999999999999989 0 0 F 0 F
1 #
-1068 coedge $-1 $757 $757 $1361 $1362 forward $476 $-1 #
-1069 coedge $-1 $1231 $1230 $757 $1070 reversed $1232 $-1 #
-1070 edge $1363 $1364 0 $1365 3.1415926535897931 $757 $1366 forward 7 unknown
#
-1071 face $-1 $1367 $1368 $3 $-1 $1369 reversed single #
-1072 loop $-1 $-1 $1370 $762 #
-1073 cone-surface $-1 49.692704382523509 15.5 6 0 0 1 1.3 0 0 1 I I 0 1 1
forward I I I I #
-1074 coedge $-1 $1371 $1372 $1373 $1374 forward $763 $-1 #
-1075 face $-1 $1375 $1376 $3 $-1 $1377 forward single #
-1076 plane-surface $-1 0 0 6 0 0 1 1 0 0 forward_v F -8.7560936398919882 F
82.560775634491421 F -8.8872 F 18.527200000000001 #
-1077 loop $-1 $-1 $1378 $490 #
-1078 coedge $-1 $965 $1379 $1153 $1380 forward $769 $-1 #
-1079 coedge $-1 $1381 $1382 $771 $1080 forward $1383 $-1 #
-1080 edge $1384 $1106 0 $1084 1 $771 $1385 forward 7 unknown #
-1081 coedge $-1 $1386 $772 $775 $1087 forward $805 $-1 #
-1082 coedge $-1 $772 $1121 $1381 $1387 forward $805 $-1 #
-1083 ptlist-eye-attrib $-1 $-1 $-1 $773 #
-1084 vertex $-1 $1387 $1388 #
-1085 straight-curve $-1 3.9999999999999987 12 19 -8.5999999999999979 0 0 F 0 F
1 #
-1086 coedge $-1 $775 $774 $1389 $1390 forward $776 $-1 #
-1087 edge $1391 $778 0 $1392 1.5707963267948966 $775 $1393 forward 7 unknown
#
-1088 face $-1 $287 $776 $3 $-1 $1394 forward single #
-1089 point $-1 -4.5999999999999996 12 19 #
-1090 coedge $-1 $780 $782 $1259 $1395 forward $496 $-1 #
-1091 coedge $-1 $1396 $1389 $780 $1092 reversed $1397 $-1 #
-1092 edge $1398 $1399 0 $1094 1 $1091 $1400 forward 7 unknown #
-1093 ptlist-eye-attrib $-1 $-1 $-1 $781 #
-1094 vertex $-1 $781 $1401 #
-1095 ellipse-curve $-1 -4.5999999999999996 9.5999999999999996 6 0 0 1 0
2.4000000000000004 0 1 F 0 F 1.5707963267948966 #
-1096 edge $1402 $1403 0 $1147 1 $782 $1404 forward 7 unknown #
-1097 coedge $-1 $785 $784 $1405 $1406 reversed $786 $-1 #
-1098 face $-1 $1407 $786 $3 $-1 $1408 reversed single #
-1099 coedge $-1 $1405 $1409 $789 $1100 forward $1410 $-1 #
-1100 edge $1411 $1403 0 $1102 1 $1099 $1412 forward 7 unknown #
-1101 ptlist-eye-attrib $-1 $-1 $-1 $790 #
-1102 vertex $-1 $1100 $1413 #
-1103 ellipse-curve $-1 3.9999999999999982 13 6 0 0 1 0 -1 0 1 F 0 F
1.5707963267949072 #
-1104 coedge $-1 $799 $792 $1382 $1414 reversed $513 $-1 #
-1105 ptlist-eye-attrib $-1 $-1 $-1 $793 #
-1106 vertex $-1 $1414 $1415 #
-1107 straight-curve $-1 3.9999999999999973 12 13.768114574786859
-3.9999999999999973 0 0 F 0 F 1 #
-1108 point $-1 0 12 13.768114574786859 #
-1109 ptlist-eye-attrib $-1 $-1 $-1 $798 #
-1110 ellipse-curve $-1 0 14.9 13 -1 0 0 0 -2.8999999999999719
-0.76811457478696177 1 F 0 F 0.51784308401247714 #
-1111 coedge $-1 $1416 $1405 $799 $1112 forward $1410 $-1 #
-1112 edge $1417 $1114 0 $1418 1.7698867243523722 $799 $1419 forward 7 unknown
#
-1113 ptlist-eye-attrib $-1 $-1 $-1 $800 #
-1114 vertex $-1 $1112 $1420 #
-1115 intcurve-curve $-1 forward { exactcur full nubs 3 open 12 0 3
0.12830009348662208 1 0.26376836903160994 1 0.40899843757300458 1
0.56892841751526868 1 0.74667021130509348 1 0.94295143676941207 1
1.1560232595492324 1 1.386571646287019 1 1.6397912193547173 1
1.9212209704374312 1 2.2363458772662019 3 3.9999999999999933 12
12.231885425213139 4.042766697828867 12 12.231885425213139 4.1309517774061142
12.00608796400372 12.208554833816633 4.2427895600516869 12.027914452212892
12.131643488623435 4.3461876794552374 12.059783850113007 12.031720296795282
4.4462323579970002 12.102797552466566 11.91285315352429 4.5458770320983044
12.159343246089419 11.776413197719446 4.6449331938980123 12.232199188237168
11.623916569598954 4.741659225725531 12.324405409405999 11.45735078147878
4.8334856932113279 12.440185436593355 11.277700600859745 4.9161979047521847
12.586126275142167 11.084798410272917 4.9812241671863919 12.771219426109235
10.879279166114527 5 12.918710471707476 10.744889015970626 5 13
10.67836264675122 0 null_surface null_surface nullbs nullbs I I 0 0 0 I I } I I
#
-1116 cone-surface $-1 5 14.9 13 -1 0 0 0 0 3 1 I I 0 1 1 forward I I I I #
-1117 face $-1 $1421 $1422 $3 $-1 $1423 reversed single #
-1118 loop $-1 $1424 $1425 $804 #
-1119 plane-surface $-1 4.9999999999999982 -4.8890328576567699 19 1
-1.1772502957330743e-16 0 1.1772502957330743e-16 1 0 forward_v F
-0.28178065715313538 F 14.370813514809905 F -10.199999999999999 F
0.20000000000000001 #
-1120 loop $-1 $-1 $1426 $518 #
-1121 coedge $-1 $1082 $1427 $1428 $1429 forward $805 $-1 #
-1122 coedge $-1 $808 $807 $1430 $1431 forward $809 $-1 #
-1123 coedge $-1 $1155 $1432 $812 $1124 reversed $1376 $-1 #
-1124 edge $1433 $819 0 $1126 0.86331311501555419 $812 $1434 forward 7 unknown
#
-1125 ptlist-eye-attrib $-1 $-1 $-1 $813 #
-1126 vertex $-1 $1435 $1436 #
-1127 straight-curve $-1 -5.4960001336300266 -4.5992613345360667
-6.4366645347035956e-09 -0.30399996925273154 -0.25996926568450363
1.0000000012693646 F 0 F 1 #
-1128 cone-surface $-1 1.8000000000000411 1.640000000000021 1.1380405393755844
0 0 1 0 -10.055216215750269 0 1 I I 0.37139067635410433 0.92847669088525908 1
forward I I I I #
-1129 ptlist-eye-attrib $-1 $-1 $-1 $816 #
-1130 vertex $-1 $816 $1437 #
-1131 straight-curve $-1 64.800000000000026 -8.3599999999999994 1
17.376920513125057 3.5527136788005009e-15 0 F 0 F 1 #
-1132 ptlist-eye-attrib $-1 $-1 $-1 $817 #
-1133 straight-curve $-1 64.800000000000011 -8.3599999999999994 1
-62.99999978558732 1.2165113361106705e-09 -3.0412641294219611e-09 F 0 F 1 #
-1134 edge $1438 $819 0 $1439 1 $844 $1440 forward 7 unknown #
-1135 point $-1 1.7999999999999983 -8.3599999999999994 0.99999999999999623 #
-1136 coedge $-1 $1441 $1396 $825 $1137 reversed $1397 $-1 #
-1137 edge $1442 $1139 0 $832 1 $825 $1443 forward 7 unknown #
-1138 ptlist-eye-attrib $-1 $-1 $-1 $826 #
-1139 vertex $-1 $1431 $1444 #
-1140 straight-curve $-1 -6.5999999987976903 -1.6096152366408027
-3.0057608809327023e-09 -0.40000000022216575 -2.313729208225368e-08
1.0000000005554122 F 0 F 1 #
-1141 plane-surface $-1 -6.7999999999999998 7.695192319072806 0.5
-0.92847669088525919 0 -0.37139067635410394 -0.37139067635410394 0
0.92847669088525919 forward_v F -0.68719069037243974 F 0.68719069037243974 F
-9.6769999881642743 F 9.6769999881642743 #
-1142 coedge $-1 $1259 $829 $1396 $1445 forward $838 $-1 #
-1143 ptlist-eye-attrib $-1 $-1 $-1 $830 #
-1144 ellipse-curve $-1 -6 17 1.0000000000000024 0 0 -1 -1 0 0 1 F 0 F
1.5707963267948966 #
-1145 point $-1 -6.9999999993387121 17.000000073881935 0.99999999834680775 #
-1146 ptlist-eye-attrib $-1 $-1 $-1 $835 #
-1147 vertex $-1 $1096 $1446 #
-1148 straight-curve $-1 -6.0000000188324094 17.999999999517208
0.9999999987930166 1.8832409409696993e-08 4.8279247266691527e-10
5.000000001206983 F 0 F 1 #
-1149 cone-surface $-1 -2.0000000000000178 -1.6096153618543929
1.1380405400927387 0 0 1 0 -5.0552162160370777 0 1 I I 0.37139067635410405
0.92847669088525919 1 forward I I I I #
-1150 face $-1 $956 $851 $3 $-1 $1447 forward single #
-1151 spline-surface $-1 forward { exactsur full nubs 3 3 open open none none
25 2 0.040344625021350201 3 0.085768432840905795 1 0.13930891529381706 1
0.18846332321774728 1 0.21639011946541542 1 0.2390329719965123 1
0.29131743002258487 1 0.32577626765054873 1 0.38269575174476428 1
0.42605834832545175 1 0.44895007547338717 1 0.47913374120428837 1
0.50728284741850238 1 0.53444806705444015 1 0.55969001229771476 1
0.60020101959737504 1 0.64971536602668623 1 0.69476610436022901 1
0.75007317685715658 1 0.80644237988968559 1 0.83604091306356854 1
0.87246817213099281 1 0.92265572501968174 1 0.96352397072865359 1
0.98156283103972453 3 -0.14867420965898923 3 2.148674209658989 3
84.472863206893692 6.6339097074955014 0.85132579034101075 85.72433752553431
7.7672641673148082 0.85132579034101075 87.01073769864206 10.757677403226735
0.85132579034101052 85.817868314180544 15.782641629489344 0.85132579034101064
83.900203084149325 19.516464538208055 0.85132579034101075 82.271812460200891
22.466929803019831 0.85132579034101086 82.466918511393146 25.912584302237388
0.85132579034101075 83.462511651316845 29.426627390471115 0.85132579034101075
86.05766402253586 33.332095644284927 0.85132579034101075 88.708515145636085
36.923545240846181 0.85132579034101086 90.991721651071657 40.249175043573956
0.85132579034101075 92.00011278620282 43.34483140925424 0.85132579034101075
91.046760769168216 46.078688020185851 0.85132579034101052 88.766932717394226
47.875103741588312 0.85132579034101075 86.071158012045629 48.452128468093882
0.85132579034101075 83.128612818266362 47.762830402169392 0.85132579034101075
79.609418375525365 45.973700596068625 0.85132579034101052 75.856359908092884
43.597488525612739 0.85132579034101086 72.193139012420261 40.33655873664668
0.85132579034101064 69.016515998335535 36.272914051163966 0.85132579034101097
66.549703386657654 32.310377943611329 0.85132579034101064 64.695103780271779
28.715029433545599 0.85132579034101086 63.092204098148407 25.265560484518097
0.85132579034101064 60.071617949446349 22.27565042581351 0.85132579034101075
57.512224741989598 19.790960576165151 0.85132579034101086 56.045637703115673
18.543131968333441 0.85132579034101075 55.586139520013944 18.171525737073004
0.85132579034101075 84.472863206893692 6.6339097074955014 1.6171085967803367
85.72433752553431 7.7672641673148082 1.6171085967803367 87.01073769864206
10.757677403226735 1.617108596780336 85.817868314180544 15.782641629489344
1.6171085967803367 83.900203084149325 19.516464538208055 1.6171085967803367
82.271812460200891 22.466929803019831 1.6171085967803365 82.466918511393146
25.912584302237388 1.6171085967803367 83.462511651316845 29.426627390471115
1.6171085967803365 86.05766402253586 33.332095644284927 1.6171085967803371
88.708515145636085 36.923545240846181 1.6171085967803367 90.991721651071657
40.249175043573956 1.6171085967803367 92.00011278620282 43.34483140925424
1.6171085967803365 91.046760769168216 46.078688020185851 1.6171085967803369
88.766932717394226 47.875103741588312 1.6171085967803362 86.071158012045629
48.452128468093882 1.6171085967803367 83.128612818266362 47.762830402169392
1.6171085967803365 79.609418375525365 45.973700596068625 1.6171085967803369
75.856359908092884 43.597488525612739 1.6171085967803365 72.193139012420261
40.33655873664668 1.6171085967803369 69.016515998335535 36.272914051163966
1.6171085967803369 66.549703386657654 32.310377943611329 1.6171085967803362
64.695103780271779 28.715029433545599 1.6171085967803371 63.092204098148407
25.265560484518097 1.6171085967803365 60.071617949446349 22.27565042581351
1.6171085967803369 57.512224741989598 19.790960576165151 1.6171085967803365
56.045637703115673 18.543131968333441 1.6171085967803367 55.586139520013944
18.171525737073004 1.6171085967803367 84.472863206893692 6.6339097074955014
2.3828914032196629 85.72433752553431 7.7672641673148082 2.3828914032196629
87.01073769864206 10.757677403226735 2.382891403219662 85.817868314180544
15.782641629489344 2.3828914032196629 83.900203084149325 19.516464538208055
2.3828914032196624 82.271812460200891 22.466929803019831 2.3828914032196629
82.466918511393146 25.912584302237388 2.3828914032196629 83.462511651316845
29.426627390471115 2.3828914032196629 86.05766402253586 33.332095644284927
2.3828914032196629 88.708515145636085 36.923545240846181 2.3828914032196629
90.991721651071657 40.249175043573956 2.3828914032196629 92.00011278620282
43.34483140925424 2.3828914032196633 91.046760769168216 46.078688020185851
2.3828914032196624 88.766932717394226 47.875103741588312 2.3828914032196624
86.071158012045629 48.452128468093882 2.3828914032196629 83.128612818266362
47.762830402169392 2.3828914032196624 79.609418375525365 45.973700596068625
2.3828914032196629 75.856359908092884 43.597488525612739 2.3828914032196629
72.193139012420261 40.33655873664668 2.3828914032196629 69.016515998335535
36.272914051163966 2.3828914032196638 66.549703386657654 32.310377943611329
2.3828914032196624 64.695103780271779 28.715029433545599 2.3828914032196629
63.092204098148407 25.265560484518097 2.3828914032196624 60.071617949446349
22.27565042581351 2.3828914032196629 57.512224741989598 19.790960576165151
2.3828914032196624 56.045637703115673 18.543131968333441 2.3828914032196629
55.586139520013944 18.171525737073004 2.3828914032196629 84.472863206893692
6.6339097074955014 3.148674209658989 85.72433752553431 7.7672641673148082
3.148674209658989 87.01073769864206 10.757677403226735 3.1486742096589877
85.817868314180544 15.782641629489344 3.1486742096589895 83.900203084149325
19.516464538208055 3.1486742096589886 82.271812460200891 22.466929803019831
3.148674209658989 82.466918511393146 25.912584302237388 3.148674209658989
83.462511651316845 29.426627390471115 3.1486742096589886 86.05766402253586
33.332095644284927 3.1486742096589886 88.708515145636085 36.923545240846181
3.1486742096589895 90.991721651071657 40.249175043573956 3.1486742096589886
92.00011278620282 43.34483140925424 3.1486742096589886 91.046760769168216
46.078688020185851 3.148674209658989 88.766932717394226 47.875103741588312
3.1486742096589886 86.071158012045629 48.452128468093882 3.1486742096589895
83.128612818266362 47.762830402169392 3.1486742096589886 79.609418375525365
45.973700596068625 3.148674209658989 75.856359908092884 43.597488525612739
3.148674209658989 72.193139012420261 40.33655873664668 3.1486742096589886
69.016515998335535 36.272914051163966 3.1486742096589895 66.549703386657654
32.310377943611329 3.148674209658989 64.695103780271779 28.715029433545599
3.1486742096589895 63.092204098148407 25.265560484518097 3.1486742096589881
60.071617949446349 22.27565042581351 3.1486742096589895 57.512224741989598
19.790960576165151 3.148674209658989 56.045637703115673 18.543131968333441
3.148674209658989 55.586139520013944 18.171525737073004 3.148674209658989 0 0 0
0 0 0 0 F 0.040344625021350201 F 0.98156283103972453 F -0.14867420965898923 F
2.148674209658989 } I I I I #
-1152 coedge $-1 $857 $856 $920 $1214 reversed $841 $-1 #
-1153 coedge $-1 $844 $843 $1078 $1380 reversed $341 $-1 #
-1154 edge $1448 $1130 0 $1257 1 $843 $1449 forward 7 unknown #
-1155 coedge $-1 $1450 $1123 $844 $1134 forward $1376 $-1 #
-1156 spline-surface $-1 forward { exactsur full nubs 3 3 open open none none
40 2 0.032187682066903853 3 0.036476029271346411 1 0.056910152125832392 1
0.077344274980318262 1 0.10243805142466278 1 0.12753182786900719 1
0.14574545740271927 1 0.16395908693643146 1 0.19355762011031441 1
0.24992682314284342 1 0.30523389563977099 1 0.35028463397331377 1
0.39979898040262496 1 0.44030998770228524 1 0.45293096032392255 1
0.46555193294555985 1 0.49271715258149762 1 0.52086625879571158 1
0.53595809166116226 1 0.55104992452661283 1 0.56249578810058054 1
0.57394165167454825 1 0.59562294996489196 1 0.61730424825523578 1
0.64576399030234355 1 0.67422373234945132 1 0.6914531511634332 1
0.70868256997741508 1 0.73482479899045139 1 0.7609670280034877 1
0.77228845426903614 1 0.78360988053458458 1 0.79757327865841865 1
0.81153667678225272 1 0.83611388074421789 1 0.86069108470618294 1
0.8874613259326386 1 0.91423156715909415 1 0.93945892934577746 1
0.95440381528785245 3 -0.14867420965898928 3 2.148674209658989 3
57.406897832168468 18.132996436989004 0.85132579034101075 57.515750766486491
18.227554454699188 0.85132579034101075 58.139936061288623 18.775333344551068
0.85132579034101075 59.246678386224822 19.802052774259963 0.85132579034101075
60.802584520930907 21.320127155204052 0.85132579034101075 62.501132592233276
22.988804723601771 0.85132579034101075 64.053741847647672 24.868061837961921
0.85132579034101075 65.11296731784951 26.765053056715324 0.85132579034101075
66.050772652232737 28.727069152904193 0.85132579034101064 67.5900094873586
31.708320657163767 0.85132579034101097 70.008735619196671 35.594888178270637
0.85132579034101075 73.084272776438056 39.522496593661941 0.85132579034101075
76.568586876839078 42.62456893990057 0.85132579034101097 80.212253724292779
44.936664427938737 0.85132579034101052 83.2331445562765 46.462449204121128
0.85132579034101097 85.067322174769117 46.97883390832564 0.85132579034101075
86.415937526618919 47.141979120326639 0.85132579034101075 88.24905045008525
46.742093098241227 0.85132579034101064 89.706283003630716 45.593003852260495
0.85132579034101075 90.39895949103564 44.227186708340177 0.85132579034101075
90.557944517287268 43.241918276846675 0.85132579034101075 90.407853198383606
42.355681076279957 0.85132579034101075 89.956176872248463 41.146623675956569
0.85132579034101075 89.154802342548351 39.695990102687105 0.85132579034101075
87.847461607745814 37.819547043249798 0.85132579034101052 86.320927766081212
35.709387817428762 0.85132579034101075 84.895746614466049 33.715600744333429
0.85132579034101075 83.70819937596616 31.966174510285882 0.85132579034101064
82.644361014078157 30.129607194604795 0.85132579034101075 81.749457645854619
27.804242697996504 0.85132579034101075 81.307158389565359 25.603111378633518
0.85132579034101108 81.141449832605502 23.825559497375224 0.85132579034101064
81.23802800275098 22.327419194379832 0.85132579034101086 81.792621716378363
20.843499351819119 0.85132579034101075 82.66756899427358 19.251804925475785
0.85132579034101075 83.589452157791925 17.491299532576647 0.85132579034101052
84.540583478670101 15.323450267230239 0.85132579034101075 85.245881548844665
12.962321148540756 0.85132579034101052 85.393387685041304 10.702295875176596
0.85132579034101075 84.919070634667847 9.055670772431677 0.85132579034101075
84.296845649148764 8.1676016629924941 0.85132579034101075 84.002486192541937
7.851028059181921 0.85132579034101075 57.406897832168468 18.132996436989004
1.6171085967803369 57.515750766486491 18.227554454699188 1.6171085967803369
58.139936061288623 18.775333344551068 1.6171085967803362 59.246678386224822
19.802052774259963 1.6171085967803367 60.802584520930907 21.320127155204052
1.6171085967803367 62.501132592233276 22.988804723601771 1.6171085967803371
64.053741847647672 24.868061837961921 1.6171085967803367 65.11296731784951
26.765053056715324 1.6171085967803367 66.050772652232737 28.727069152904193
1.6171085967803369 67.5900094873586 31.708320657163767 1.6171085967803367
70.008735619196671 35.594888178270637 1.6171085967803371 73.084272776438056
39.522496593661941 1.6171085967803369 76.568586876839078 42.62456893990057
1.6171085967803371 80.212253724292779 44.936664427938737 1.6171085967803367
83.2331445562765 46.462449204121128 1.6171085967803371 85.067322174769117
46.97883390832564 1.6171085967803369 86.415937526618919 47.141979120326639
1.6171085967803369 88.24905045008525 46.742093098241227 1.6171085967803371
89.706283003630716 45.593003852260495 1.6171085967803365 90.39895949103564
44.227186708340177 1.6171085967803371 90.557944517287268 43.241918276846675
1.6171085967803367 90.407853198383606 42.355681076279957 1.6171085967803369
89.956176872248463 41.146623675956569 1.6171085967803367 89.154802342548351
39.695990102687105 1.6171085967803369 87.847461607745814 37.819547043249798
1.6171085967803367 86.320927766081212 35.709387817428762 1.6171085967803371
84.895746614466049 33.715600744333429 1.6171085967803367 83.70819937596616
31.966174510285882 1.6171085967803367 82.644361014078157 30.129607194604795
1.6171085967803371 81.749457645854619 27.804242697996504 1.6171085967803371
81.307158389565359 25.603111378633518 1.6171085967803367 81.141449832605502
23.825559497375224 1.6171085967803369 81.23802800275098 22.327419194379832
1.6171085967803371 81.792621716378363 20.843499351819119 1.6171085967803365
82.66756899427358 19.251804925475785 1.6171085967803369 83.589452157791925
17.491299532576647 1.6171085967803365 84.540583478670101 15.323450267230239
1.6171085967803369 85.245881548844665 12.962321148540756 1.6171085967803367
85.393387685041304 10.702295875176596 1.6171085967803371 84.919070634667847
9.055670772431677 1.6171085967803367 84.296845649148764 8.1676016629924941
1.6171085967803369 84.002486192541937 7.851028059181921 1.6171085967803369
57.406897832168468 18.132996436989004 2.3828914032196629 57.515750766486491
18.227554454699188 2.3828914032196629 58.139936061288623 18.775333344551068
2.3828914032196624 59.246678386224822 19.802052774259963 2.3828914032196629
60.802584520930907 21.320127155204052 2.3828914032196624 62.501132592233276
22.988804723601771 2.3828914032196638 64.053741847647672 24.868061837961921
2.3828914032196624 65.11296731784951 26.765053056715324 2.3828914032196624
66.050772652232737 28.727069152904193 2.3828914032196629 67.5900094873586
31.708320657163767 2.3828914032196624 70.008735619196671 35.594888178270637
2.3828914032196629 73.084272776438056 39.522496593661941 2.3828914032196624
76.568586876839078 42.62456893990057 2.3828914032196638 80.212253724292779
44.936664427938737 2.3828914032196624 83.2331445562765 46.462449204121128
2.3828914032196629 85.067322174769117 46.97883390832564 2.3828914032196629
86.415937526618919 47.141979120326639 2.3828914032196633 88.24905045008525
46.742093098241227 2.3828914032196624 89.706283003630716 45.593003852260495
2.3828914032196629 90.39895949103564 44.227186708340177 2.3828914032196629
90.557944517287268 43.241918276846675 2.3828914032196629 90.407853198383606
42.355681076279957 2.3828914032196629 89.956176872248463 41.146623675956569
2.3828914032196629 89.154802342548351 39.695990102687105 2.3828914032196624
87.847461607745814 37.819547043249798 2.3828914032196629 86.320927766081212
35.709387817428762 2.3828914032196629 84.895746614466049 33.715600744333429
2.3828914032196629 83.70819937596616 31.966174510285882 2.3828914032196629
82.644361014078157 30.129607194604795 2.3828914032196633 81.749457645854619
27.804242697996504 2.3828914032196629 81.307158389565359 25.603111378633518
2.3828914032196629 81.141449832605502 23.825559497375224 2.3828914032196629
81.23802800275098 22.327419194379832 2.3828914032196629 81.792621716378363
20.843499351819119 2.3828914032196629 82.66756899427358 19.251804925475785
2.3828914032196629 83.589452157791925 17.491299532576647 2.382891403219662
84.540583478670101 15.323450267230239 2.3828914032196638 85.245881548844665
12.962321148540756 2.3828914032196624 85.393387685041304 10.702295875176596
2.3828914032196629 84.919070634667847 9.055670772431677 2.3828914032196629
84.296845649148764 8.1676016629924941 2.3828914032196629 84.002486192541937
7.851028059181921 2.3828914032196629 57.406897832168468 18.132996436989004
3.148674209658989 57.515750766486491 18.227554454699188 3.148674209658989
58.139936061288623 18.775333344551068 3.1486742096589895 59.246678386224822
19.802052774259963 3.1486742096589886 60.802584520930907 21.320127155204052
3.1486742096589895 62.501132592233276 22.988804723601771 3.148674209658989
64.053741847647672 24.868061837961921 3.1486742096589895 65.11296731784951
26.765053056715324 3.1486742096589881 66.050772652232737 28.727069152904193
3.1486742096589895 67.5900094873586 31.708320657163767 3.1486742096589886
70.008735619196671 35.594888178270637 3.1486742096589895 73.084272776438056
39.522496593661941 3.1486742096589886 76.568586876839078 42.62456893990057
3.1486742096589899 80.212253724292779 44.936664427938737 3.1486742096589881
83.2331445562765 46.462449204121128 3.1486742096589895 85.067322174769117
46.97883390832564 3.148674209658989 86.415937526618919 47.141979120326639
3.148674209658989 88.24905045008525 46.742093098241227 3.1486742096589886
89.706283003630716 45.593003852260495 3.1486742096589886 90.39895949103564
44.227186708340177 3.1486742096589895 90.557944517287268 43.241918276846675
3.1486742096589886 90.407853198383606 42.355681076279957 3.148674209658989
89.956176872248463 41.146623675956569 3.148674209658989 89.154802342548351
39.695990102687105 3.1486742096589886 87.847461607745814 37.819547043249798
3.148674209658989 86.320927766081212 35.709387817428762 3.1486742096589886
84.895746614466049 33.715600744333429 3.1486742096589895 83.70819937596616
31.966174510285882 3.148674209658989 82.644361014078157 30.129607194604795
3.1486742096589895 81.749457645854619 27.804242697996504 3.1486742096589895
81.307158389565359 25.603111378633518 3.1486742096589899 81.141449832605502
23.825559497375224 3.1486742096589886 81.23802800275098 22.327419194379832
3.1486742096589899 81.792621716378363 20.843499351819119 3.1486742096589881
82.66756899427358 19.251804925475785 3.1486742096589895 83.589452157791925
17.491299532576647 3.1486742096589886 84.540583478670101 15.323450267230239
3.148674209658989 85.245881548844665 12.962321148540756 3.148674209658989
85.393387685041304 10.702295875176596 3.1486742096589886 84.919070634667847
9.055670772431677 3.148674209658989 84.296845649148764 8.1676016629924941
3.148674209658989 84.002486192541937 7.851028059181921 3.148674209658989 0 0 0
0 0 0 0 F 0.032187682066903853 F 0.95440381528785245 F -0.14867420965898928 F
2.148674209658989 } I I I I #
-1157 coedge $-1 $907 $906 $954 $1249 reversed $846 $-1 #
-1158 ptlist-eye-attrib $-1 $-1 $-1 $849 #
-1159 ellipse-curve $-1 64.799999999999997 7.6399999999999997 1 0 0 -1
9.6643934931268802 -12.751450835493461 0 1 F 0 F 0.64854139845961523 #
-1160 point $-1 74.464393493126877 -5.1114508354934554 1 #
-1161 coedge $-1 $1451 $937 $855 $1162 forward $1240 $-1 #
-1162 edge $1452 $940 0 $1264 43.764961796376767 $1161 $1453 forward 7 unknown
#
-1163 point $-1 54.225075462529261 18 1 #
-1164 edge $1454 $1169 0 $1166 91.17902296215054 $962 $1455 forward 7 unknown
#
-1165 ptlist-eye-attrib $-1 $-1 $-1 $862 #
-1166 vertex $-1 $862 $1456 #
-1167 straight-curve $-1 56.298205226449497 18.762350931338133 1
-7.1054273576010019e-15 -3.5527136788005009e-15 2 F 0 F 1 #
-1168 ptlist-eye-attrib $-1 $-1 $-1 $863 #
-1169 vertex $-1 $863 $1457 #
-1170 straight-curve $-1 84.870669045253322 7.025500126228601 1 0 0 2 F 0 F 1
#
-1171 coedge $-1 $1458 $866 $869 $1177 reversed $1173 $-1 #
-1172 coedge $-1 $866 $1458 $878 $1186 forward $1173 $-1 #
-1173 loop $-1 $-1 $1171 $1459 #
-1174 ptlist-eye-attrib $-1 $-1 $-1 $867 #
-1175 ellipse-curve $-1 18.914565954703914 18.399999999999999 1 0 0 1
-0.34347115584785115 0.20500625624731939 0 1 F 0 F 2.1089082316759478 #
-1176 coedge $-1 $869 $868 $1460 $1461 reversed $870 $-1 #
-1177 edge $1462 $1463 0 $872 1 $1171 $1464 forward 7 unknown #
-1178 face $-1 $1459 $870 $3 $-1 $1465 forward single #
-1179 point $-1 18.571094798856063 18.605006256247318 1 #
-1180 coedge $-1 $887 $1460 $874 $1181 forward $1194 $-1 #
-1181 edge $1466 $1183 0 $893 2.5621179105503344 $874 $1467 forward 7 unknown
#
-1182 ptlist-eye-attrib $-1 $-1 $-1 $875 #
-1183 vertex $-1 $1181 $1468 #
-1184 straight-curve $-1 20.344465576824152 43.685166683714023 1
3.5527136788005009e-15 -7.1054273576010019e-15 2 F 0 F 1 #
-1185 cone-surface $-1 20.686225669424569 43.893012874696105
-25.053793508278396 0 0 1 0.17215453678331305 0.36105791151132932 0 1 I I 0 1 1
forward I I I I #
-1186 edge $1469 $1276 0 $881 1 $1172 $1470 forward 7 unknown #
-1187 point $-1 18.914565954703914 18 1 #
-1188 coedge $-1 $1237 $887 $883 $1189 forward $1194 $-1 #
-1189 edge $1471 $890 0 $1191 2.6473813877747077 $883 $1472 forward 7 unknown
#
-1190 ptlist-eye-attrib $-1 $-1 $-1 $884 #
-1191 vertex $-1 $884 $1473 #
-1192 straight-curve $-1 46.672662778590833 18 1 0 0 2 F 0 F 1 #
-1193 cone-surface $-1 46.672662778590833 18.399999999999999
-25.053793508278396 0 0 1 0 -0.40000000000000002 0 1 I I 0 1 1 forward I I I I
#
-1194 loop $-1 $-1 $1274 $1474 #
-1195 ptlist-eye-attrib $-1 $-1 $-1 $888 #
-1196 intcurve-curve $-1 forward { exactcur full nubs 3 open 7 0 3
0.6867056303573027 1 6.845460357462759 1 16.31804175256071 1 25.871589023243331
1 33.344945132475367 1 36.7397547170876 3 20.858380206207883 44.254070786207436
3 21.064997290141115 44.15555454479022 3 23.108205165148302 43.139435653657358
3.0000000000000022 27.57805125608747 39.906302512134793 2.9999999999999991
32.81788073273573 33.275542761354266 3.0000000000000009 37.866543555446391
26.034752669995633 2.9999999999999996 42.796985616823271 21.237283548221509
3.0000000000000004 45.866198679848381 19.288899008932511 3 46.862397755463164
18.752137243913864 3 0 null_surface null_surface nullbs nullbs I I 0 0 0 I I }
I I #
-1197 point $-1 46.862397755463164 18.752137243913864 3 #
-1198 point $-1 20.858380206207883 44.254070786207436 3 #
-1199 edge $1475 $898 0 $1251 1 $906 $1476 forward 7 unknown #
-1200 point $-1 81.235522332596801 6.3548579321143608 1 #
-1201 ptlist-eye-attrib $-1 $-1 $-1 $902 #
-1202 ellipse-curve $-1 75.928989172427123 15.800000000000001 6 0 0 1
1.7741866796622787 1.3008695652174076 0 1 F 0 F 0.93812104565472143 #
-1203 point $-1 77.703175852089402 17.100869565217408 6 #
-1204 coedge $-1 $954 $913 $910 $1205 forward $648 $-1 #
-1205 edge $1477 $916 0 $1207 85.996454066329107 $1204 $1478 forward 7 unknown
#
-1206 ptlist-eye-attrib $-1 $-1 $-1 $911 #
-1207 vertex $-1 $911 $1479 #
-1208 straight-curve $-1 84.305183800367359 8.20935835339208 1
-1.4210854715202004e-14 -2.4868995751603507e-14 2 F 0 F 1 #
-1209 ptlist-eye-attrib $-1 $-1 $-1 $914 #
-1210 ellipse-curve $-1 58.311697663012978 18.399999999999999 3 0 0 -1 0
-0.39999999999999858 0 1 F 0 F 2.4076832992426929 #
-1211 point $-1 58.043786590021945 18.697024674006709 3 #
-1212 ptlist-eye-attrib $-1 $-1 $-1 $919 #
-1213 straight-curve $-1 54.225075462529261 18 1 0 0 2 F 0 F 1 #
-1214 edge $1480 $1166 0 $922 0.70476266108356733 $920 $1481 forward 7 unknown
#
-1215 point $-1 54.225075462529261 18 3 #
-1216 coedge $-1 $925 $967 $1409 $1482 forward $211 $-1 #
-1217 coedge $-1 $1483 $1484 $925 $1218 forward $1485 $-1 #
-1218 edge $1486 $1223 0 $1487 1 $1217 $1488 forward 7 unknown #
-1219 coedge $-1 $1489 $926 $1484 $1490 forward $1221 $-1 #
-1220 coedge $-1 $926 $1373 $928 $1226 reversed $1221 $-1 #
-1221 loop $-1 $1491 $1489 $1492 #
-1222 ptlist-eye-attrib $-1 $-1 $-1 $927 #
-1223 vertex $-1 $927 $1493 #
-1224 straight-curve $-1 7.3999999999999995 18 6 2.6645352591003757e-15 0
9.0000000000000018 F 0 F 1 #
-1225 coedge $-1 $1494 $928 $1372 $1495 reversed $769 $-1 #
-1226 edge $1496 $930 0 $1497 1 $1220 $1498 forward 7 unknown #
-1227 point $-1 7.3999999999999995 18 6 #
-1228 coedge $-1 $1246 $1499 $933 $1229 forward $943 $-1 #
-1229 edge $1500 $1235 0 $1234 3.1415926535897931 $1228 $1501 forward 7 unknown
#
-1230 coedge $-1 $1069 $934 $1499 $1502 forward $1232 $-1 #
-1231 coedge $-1 $934 $1069 $1246 $1503 reversed $1232 $-1 #
-1232 loop $-1 $-1 $1230 $942 #
-1233 ptlist-eye-attrib $-1 $-1 $-1 $935 #
-1234 vertex $-1 $1229 $1504 #
-1235 vertex $-1 $1229 $1505 #
-1236 ellipse-curve $-1 0 18 3 0 1 0 -1.75 0 0 1 F 0 F 3.1415926535897931 #
-1237 coedge $-1 $1506 $1188 $936 $1238 reversed $1194 $-1 #
-1238 edge $1507 $1242 0 $1191 1 $1237 $1508 forward 7 unknown #
-1239 coedge $-1 $937 $1451 $1506 $1509 reversed $1240 $-1 #
-1240 loop $-1 $-1 $1239 $1510 #
-1241 ptlist-eye-attrib $-1 $-1 $-1 $938 #
-1242 vertex $-1 $1238 $1511 #
-1243 straight-curve $-1 51.998384342610315 18 1 -2.1316282072803006e-14 0 2 F
0 F 1 #
-1244 point $-1 51.998384342610315 18 1 #
-1245 cone-surface $-1 0 18 3 0 1 0 1.75 0 0 1 I I 0 1 1 forward I I I I #
-1246 coedge $-1 $1361 $1228 $1231 $1503 forward $943 $-1 #
-1247 face $-1 $1510 $1262 $3 $-1 $1512 forward single #
-1248 spline-surface $-1 forward { exactsur full nubs 3 3 open open none none 9
2 0.080311596427412993 3 0.10079229250232835 1 0.19976364050162165 1
0.40092338912498315 1 0.57365715489414548 1 0.6933520067141139 1
0.78218124058146143 1 0.88132094039341125 1 0.95581125275571333 3
-0.14867420965898923 3 2.148674209658989 3 18.149631207792375
44.860033102111032 0.85132579034101075 18.273792394976152 44.680010155966606
0.85132579034101075 18.990571792139786 43.625261065900141 0.85132579034101052
20.771341739768246 40.701988619427425 0.85132579034101097 22.692378070294943
35.911186876957458 0.85132579034101052 22.540683397743926 30.502188080104141
0.85132579034101075 21.325071300011459 26.615637475612164 0.85132579034101075
20.020701043160336 23.563740856688884 0.85132579034101097 18.671581356722939
21.109070060171035 0.85132579034101064 17.719084188294683 19.51942145480416
0.85132579034101075 17.31122310675239 18.83592308199114 0.85132579034101075
18.149631207792375 44.860033102111032 1.6171085967803367 18.273792394976152
44.680010155966606 1.6171085967803367 18.990571792139786 43.625261065900141
1.6171085967803365 20.771341739768246 40.701988619427425 1.6171085967803369
22.692378070294943 35.911186876957458 1.6171085967803367 22.540683397743926
30.502188080104141 1.6171085967803367 21.325071300011459 26.615637475612164
1.6171085967803367 20.020701043160336 23.563740856688884 1.6171085967803367
18.671581356722939 21.109070060171035 1.6171085967803369 17.719084188294683
19.51942145480416 1.6171085967803367 17.31122310675239 18.83592308199114
1.6171085967803367 18.149631207792375 44.860033102111032 2.3828914032196629
18.273792394976152 44.680010155966606 2.3828914032196629 18.990571792139786
43.625261065900141 2.382891403219662 20.771341739768246 40.701988619427425
2.3828914032196638 22.692378070294943 35.911186876957458 2.3828914032196624
22.540683397743926 30.502188080104141 2.3828914032196629 21.325071300011459
26.615637475612164 2.3828914032196629 20.020701043160336 23.563740856688884
2.3828914032196629 18.671581356722939 21.109070060171035 2.3828914032196629
17.719084188294683 19.51942145480416 2.3828914032196629 17.31122310675239
18.83592308199114 2.3828914032196629 18.149631207792375 44.860033102111032
3.148674209658989 18.273792394976152 44.680010155966606 3.148674209658989
18.990571792139786 43.625261065900141 3.1486742096589881 20.771341739768246
40.701988619427425 3.1486742096589899 22.692378070294943 35.911186876957458
3.1486742096589886 22.540683397743926 30.502188080104141 3.1486742096589899
21.325071300011459 26.615637475612164 3.1486742096589895 20.020701043160336
23.563740856688884 3.1486742096589886 18.671581356722939 21.109070060171035
3.1486742096589895 17.719084188294683 19.51942145480416 3.148674209658989
17.31122310675239 18.83592308199114 3.148674209658989 0 0 0 0 0 0 0 F
0.080311596427412993 F 0.95581125275571333 F -0.14867420965898923 F
2.148674209658989 } I I I I #
-1249 edge $1513 $1207 0 $1251 3.638635076173395 $954 $1514 forward 7 unknown
#
-1250 ptlist-eye-attrib $-1 $-1 $-1 $955 #
-1251 vertex $-1 $1199 $1515 #
-1252 ellipse-curve $-1 81.138364553464569 6.7066893774885585 3 0 0 -1
0.09715777913221757 -0.35183144537419508 0 1 F 0 F 1.8972919734025619 #
-1253 plane-surface $-1 0 0 3 0 0 1 1 0 0 forward_v F 53.475438772409007 F
92.456546658662404 F -8.9715301147470949 F 49.387728187744095 #
-1254 ptlist-eye-attrib $-1 $-1 $-1 $963 #
-1255 intcurve-curve $-1 forward { exactcur full nubs 3 open 21 0 3
0.30192488606245993 1 1.1652661325551517 1 2.2351262602352318 1
3.1980975245923084 1 3.9389064370195377 1 4.3036822340066392 1
4.6574723683283175 1 5.4644409567067278 1 6.8396012595259537 1
9.5946587339745406 1 12.669984106373235 1 16.600037089845223 1
18.577241409943113 1 19.976565657926344 1 22.849685542278152 1
24.372465097211151 1 26.030812690161447 1 27.370478628222269 1
28.76020250880002 1 28.955969711763078 3 74.464393493126877 -5.11145083549345 3
74.531146691367738 -5.1867684824925906 3 74.794839136603272 -5.471232260374193
3 75.382831156004144 -5.9524059410871448 3.0000000000000009 76.380322838537879
-6.1548221063049002 2.9999999999999991 77.285309869573368 -5.9018852014159453 3
77.932038947796613 -5.7020724761634476 3.0000000000000009 78.439312363231792
-5.6346289135732732 3 78.874524938996643 -5.9485716558874184 3
79.376076751533617 -6.6137498812700075 2.9999999999999996 80.469606755498134
-7.922819544725952 3.0000000000000004 83.294309280938094 -7.9779498874355106
2.9999999999999996 85.77908110846127 -5.5316663396300632 3 86.490797922823674
-2.5613527399253697 3.0000000000000009 87.051224087729835 -0.19668210080042936
2.9999999999999991 87.80743493939849 1.753106476284275 3.0000000000000004
88.713447309355416 3.4482923459031132 3 88.964319328232932 5.5743504382504288
3.0000000000000004 87.871461205006298 6.8446461529499256 3 86.436238845323061
7.2940055173169611 3 85.445977938605949 7.1701275781022424 3 84.933778897384286
7.0420970363562114 3 84.870669045253322 7.0255001262286001 3 0 null_surface
null_surface nullbs nullbs I I 0 0 0 I I } I I #
-1256 ptlist-eye-attrib $-1 $-1 $-1 $966 #
-1257 vertex $-1 $1154 $1516 #
-1258 ellipse-curve $-1 64.799999999999997 7.6399999999999997 6 0 0 1 0 -16 0 1
F 0 F 2.203471607935064 #
-1259 coedge $-1 $968 $1142 $1090 $1395 reversed $838 $-1 #
-1260 coedge $-1 $1517 $969 $972 $1267 reversed $1262 $-1 #
-1261 coedge $-1 $969 $1517 $1451 $1518 forward $1262 $-1 #
-1262 loop $-1 $-1 $969 $1247 #
-1263 ptlist-eye-attrib $-1 $-1 $-1 $970 #
-1264 vertex $-1 $1162 $1519 #
-1265 ellipse-curve $-1 19.131961245968608 45.195577078060495
0.99999999999999289 -1.5319745856741742e-16 1.0213163904494494e-16 -1
-0.82663105059270947 -0.56274426358337593 1.1102230246251565e-16 1 F 0 F
2.5184370161830172 #
-1266 coedge $-1 $972 $971 $1520 $1521 reversed $973 $-1 #
-1267 edge $1522 $1523 0 $975 1 $1260 $1524 forward 7 unknown #
-1268 point $-1 18.305330195375888 44.632832814477133 1 #
-1269 coedge $-1 $980 $1520 $977 $1270 forward $1194 $-1 #
-1270 edge $1525 $1272 0 $983 1.0326065230813091 $1269 $1526 forward 7 unknown
#
-1271 ptlist-eye-attrib $-1 $-1 $-1 $978 #
-1272 vertex $-1 $978 $1527 #
-1273 straight-curve $-1 17.452327997459676 19.072318436049692 1
-7.1054273576010019e-15 -7.1054273576010019e-15 2 F 0 F 1 #
-1274 coedge $-1 $1460 $980 $1458 $1528 forward $1194 $-1 #
-1275 ptlist-eye-attrib $-1 $-1 $-1 $981 #
-1276 vertex $-1 $981 $1529 #
-1277 straight-curve $-1 18.914565954703917 18 3 -3.3512414750616664 0 0 F 0 F
1 #
-1278 point $-1 15.563324479642251 18 3 #
-1279 coedge $-1 $986 $985 $1530 $1531 forward $987 $-1 #
-1280 face $-1 $1532 $987 $3 $-1 $1533 reversed single #
-1281 coedge $-1 $1534 $1535 $990 $1282 reversed $1536 $-1 #
-1282 edge $1537 $1284 0 $1287 3.1415926535897931 $990 $1538 forward 7 unknown
#
-1283 ptlist-eye-attrib $-1 $-1 $-1 $991 #
-1284 vertex $-1 $1531 $1539 #
-1285 straight-curve $-1 -1.6999999963176435 -1.0337844135292607e-07
9.2058671796735325e-09 0.39999999842958323 4.4087864770111477e-08
0.9999999960739685 F 0 F 1 #
-1286 ptlist-eye-attrib $-1 $-1 $-1 $992 #
-1287 vertex $-1 $1540 $1541 #
-1288 straight-curve $-1 1.6999999963176435 1.0337844150056939e-07
9.2058668836140587e-09 -0.39999999842958323 -4.408786498233087e-08
0.99999999607396883 F 0 F 1 #
-1289 cone-surface $-1 0 -6.2023257681773772e-16 -0.13804054086034778 0 0 -1 0
-1.7552162163441387 0 1 I I 0.3713906763541035 0.92847669088525941 1 forward I
I I I #
-1290 coedge $-1 $1542 $1543 $996 $1291 reversed $1544 $-1 #
-1291 edge $1545 $1004 0 $1001 3.1415926535897931 $1290 $1546 forward 7 unknown
#
-1292 face $-1 $1547 $1544 $3 $-1 $1548 reversed single #
-1293 cone-surface $-1 45 -8.3955278613197428e-16 -0.13804054280523825 0 0 -1 0
-2.0802162171220941 0 1 I I 0.37139067635410267 0.92847669088525975 1 forward I
I I I #
-1294 coedge $-1 $1549 $998 $1543 $1550 forward $1296 $-1 #
-1295 coedge $-1 $998 $1549 $1542 $1551 reversed $1296 $-1 #
-1296 loop $-1 $-1 $1294 $1552 #
-1297 ptlist-eye-attrib $-1 $-1 $-1 $999 #
-1298 ellipse-curve $-1 45 0 1.0000000000000009 0 0 1 1.625
-2.3217262233835284e-16 0 1 F 0 F 3.1415926535897931 #
-1299 point $-1 46.625 -3.9801020972288977e-16 1.000000000000004 #
-1300 point $-1 43.375 1.9900510486144489e-16 1.000000000000004 #
-1301 coedge $-1 $1553 $1007 $1012 $1309 forward $1303 $-1 #
-1302 coedge $-1 $1007 $1553 $1011 $1308 reversed $1303 $-1 #
-1303 loop $-1 $-1 $1301 $1009 #
-1304 ptlist-eye-attrib $-1 $-1 $-1 $1008 #
-1305 ellipse-curve $-1 70 0 1.0000000000000009 0 0 1 -1.625
1.9900510486144489e-16 0 1 F 0 F 3.1415926535897931 #
-1306 cone-surface $-1 70 0 0 0 0 1 1.625 0 0 1 I I 0 1 1 forward I I I I #
-1307 coedge $-1 $1012 $1011 $1554 $1555 forward $1013 $-1 #
-1308 edge $1556 $703 0 $1557 1 $1302 $1558 forward 7 unknown #
-1309 edge $1559 $706 0 $1560 1 $1301 $1561 forward 7 unknown #
-1310 face $-1 $436 $1013 $3 $-1 $1562 reversed single #
-1311 coedge $-1 $1563 $1564 $1018 $1312 reversed $1565 $-1 #
-1312 edge $1566 $1317 0 $1336 1 $1311 $1567 forward 7 unknown #
-1313 coedge $-1 $1568 $1019 $1022 $1320 reversed $1315 $-1 #
-1314 coedge $-1 $1019 $1568 $1563 $1569 forward $1315 $-1 #
-1315 loop $-1 $-1 $1019 $1570 #
-1316 ptlist-eye-attrib $-1 $-1 $-1 $1020 #
-1317 vertex $-1 $1312 $1571 #
-1318 ellipse-curve $-1 60 11.52 0 0 0 1 0 1 0 1 F 0 F 1.5707963267948966 #
-1319 coedge $-1 $1022 $1021 $1572 $1573 forward $1023 $-1 #
-1320 edge $1574 $1575 0 $1025 1 $1022 $1576 forward 7 unknown #
-1321 face $-1 $1029 $1023 $3 $-1 $1577 reversed single #
-1322 point $-1 60 12.519999999999998 0 #
-1323 coedge $-1 $1031 $1572 $1027 $1324 forward $747 $-1 #
-1324 edge $1578 $1326 0 $1034 1.5707963267948966 $1027 $1579 forward 7 unknown
#
-1325 ptlist-eye-attrib $-1 $-1 $-1 $1028 #
-1326 vertex $-1 $1324 $1580 #
-1327 straight-curve $-1 68.5 12.519999999999998 3 0 0 -3 F 0 F 1 #
-1328 cone-surface $-1 68.5 11.52 43.929903289369562 0 0 -1 0 1 0 1 I I 0 1 1
forward I I I I #
-1329 ptlist-eye-attrib $-1 $-1 $-1 $1032 #
-1330 straight-curve $-1 69.5 6.9979999999999984 3 0 4.5219999999999994 0 F 0 F
1 #
-1331 point $-1 69.5 11.519999999999998 3 #
-1332 coedge $-1 $1581 $1040 $1564 $1582 reversed $1334 $-1 #
-1333 coedge $-1 $1040 $1581 $1042 $1339 forward $1334 $-1 #
-1334 loop $-1 $-1 $1040 $1583 #
-1335 ptlist-eye-attrib $-1 $-1 $-1 $1041 #
-1336 vertex $-1 $1041 $1584 #
-1337 ellipse-curve $-1 60 4.3599999999999994 0 0 0 1 -1 0 0 1 F 0 F
1.5707963267948966 #
-1338 coedge $-1 $1043 $1042 $1585 $1586 forward $1044 $-1 #
-1339 edge $1587 $1588 0 $1046 1 $1333 $1589 forward 7 unknown #
-1340 face $-1 $1583 $1044 $3 $-1 $1590 reversed single #
-1341 point $-1 60 3.3599999999999994 0 #
-1342 coedge $-1 $1585 $1052 $1048 $1343 forward $747 $-1 #
-1343 edge $1591 $1055 0 $1345 1.5707963267948966 $1048 $1592 forward 7 unknown
#
-1344 ptlist-eye-attrib $-1 $-1 $-1 $1049 #
-1345 vertex $-1 $1586 $1593 #
-1346 straight-curve $-1 62.975000000000001 3.3599999999999994 3 0 0 -3 F 0 F 1
#
-1347 cone-surface $-1 62.975000000000001 4.3599999999999994 43.929903289369562
0 0 -1 1 0 0 1 I I 0 1 1 forward I I I I #
-1348 ptlist-eye-attrib $-1 $-1 $-1 $1053 #
-1349 straight-curve $-1 63.975000000000001 4.3599999999999994 3 0
0.63799999999998391 0 F 0 F 1 #
-1350 point $-1 63.975000000000001 4.3599999999999994 3 #
-1351 loop $-1 $1594 $1595 $1061 #
-1352 plane-surface $-1 0 0 3 0 0 1 1 0 0 forward_v F 5.9716987155885501 F
80.243365504983942 F -6.823199999999999 F 17.263200000000001 #
-1353 face $-1 $1596 $1597 $3 $-1 $1598 reversed single #
-1354 loop $-1 $-1 $1599 $1062 #
-1355 cone-surface $-1 7.4000000000000004 6.4000000000000004 13 1 0 0 0
12.24466490829804 0 1 I I 0 1 1 forward I I I I #
-1356 coedge $-1 $1600 $1601 $1602 $1603 forward $1063 $-1 #
-1357 coedge $-1 $1358 $1065 $1604 $1605 reversed $753 $-1 #
-1358 coedge $-1 $1065 $1357 $1601 $1606 forward $753 $-1 #
-1359 coedge $-1 $1607 $1608 $1065 $1360 forward $1609 $-1 #
-1360 edge $1610 $1611 0 $1612 3.621098243736784 $1065 $1613 forward 7 unknown
#
-1361 coedge $-1 $1499 $1246 $1068 $1362 reversed $943 $-1 #
-1362 edge $1614 $1365 0 $1364 3.1415926535897931 $1068 $1615 forward 7 unknown
#
-1363 ptlist-eye-attrib $-1 $-1 $-1 $1070 #
-1364 vertex $-1 $1362 $1616 #
-1365 vertex $-1 $1502 $1617 #
-1366 ellipse-curve $-1 0 15 3 0 1 0 -1.75 0 0 1 F 0 F 3.1415926535897931 #
-1367 face $-1 $1618 $1619 $3 $-1 $1620 reversed single #
-1368 loop $-1 $-1 $1621 $1071 #
-1369 cone-surface $-1 39.799999999999997 7.5999999999999996 6 0 0 1
13.959999999999999 0 0 1 I I 0 1 1 forward I I I I #
-1370 coedge $-1 $1622 $1623 $1624 $1625 forward $1072 $-1 #
-1371 coedge $-1 $1624 $1074 $1626 $1627 reversed $763 $-1 #
-1372 coedge $-1 $1074 $1624 $1225 $1495 forward $763 $-1 #
-1373 coedge $-1 $1220 $1628 $1074 $1374 reversed $1221 $-1 #
-1374 edge $1629 $1497 0 $1630 1 $1074 $1631 forward 7 unknown #
-1375 face $-1 $1632 $1633 $3 $-1 $1634 forward single #
-1376 loop $-1 $-1 $1123 $1075 #
-1377 cone-surface $-1 1.8 1.6400000000000006 0 0 0 1 10 0 0 1 I I 0 1 1
forward I I I I #
-1378 coedge $-1 $1635 $1636 $1637 $1638 reversed $1077 $-1 #
-1379 coedge $-1 $1078 $1639 $1450 $1640 reversed $769 $-1 #
-1380 edge $1641 $1439 0 $1257 1 $1153 $1642 forward 7 unknown #
-1381 coedge $-1 $1643 $1079 $1082 $1387 reversed $1383 $-1 #
-1382 coedge $-1 $1079 $1643 $1104 $1414 forward $1383 $-1 #
-1383 loop $-1 $-1 $1079 $1407 #
-1384 ptlist-eye-attrib $-1 $-1 $-1 $1080 #
-1385 straight-curve $-1 3.9999999999999973 12 13.768114574786859
1.3322676295501878e-15 0 5.2318854252131413 F 0 F 1 #
-1386 coedge $-1 $1644 $1081 $1645 $1646 forward $805 $-1 #
-1387 edge $1647 $1648 0 $1084 1.5707963267949054 $1082 $1649 forward 7 unknown
#
-1388 point $-1 3.9999999999999982 12 19 #
-1389 coedge $-1 $1091 $1645 $1086 $1390 reversed $1397 $-1 #
-1390 edge $1650 $1094 0 $1392 1 $1086 $1651 forward 7 unknown #
-1391 ptlist-eye-attrib $-1 $-1 $-1 $1087 #
-1392 vertex $-1 $1390 $1652 #
-1393 ellipse-curve $-1 -4.5999999999999996 9.5999999999999996 19 0 0 1 0
2.4000000000000004 0 1 F 0 F 1.5707963267948966 #
-1394 cone-surface $-1 -4.5999999999999996 9.5999999999999996 6 0 0 1
2.3999999999999999 0 0 1 I I 0 1 1 forward I I I I #
-1395 edge $1653 $1147 0 $1399 1.5707963267948966 $1259 $1654 forward 7 unknown
#
-1396 coedge $-1 $1136 $1091 $1142 $1445 reversed $1397 $-1 #
-1397 loop $-1 $-1 $1655 $1656 #
-1398 ptlist-eye-attrib $-1 $-1 $-1 $1092 #
-1399 vertex $-1 $1092 $1657 #
-1400 straight-curve $-1 -7 17 6 0 -7.4000000000000004 0 F 0 F 1 #
-1401 point $-1 -7 9.5999999999999996 6 #
-1402 ptlist-eye-attrib $-1 $-1 $-1 $1096 #
-1403 vertex $-1 $1482 $1658 #
-1404 straight-curve $-1 5 18 6 -11 0 0 F 0 F 1 #
-1405 coedge $-1 $1111 $1099 $1097 $1406 forward $1410 $-1 #
-1406 edge $1659 $1102 0 $1114 1 $1097 $1660 forward 7 unknown #
-1407 face $-1 $801 $1383 $3 $-1 $1661 reversed single #
-1408 cone-surface $-1 3.9999999999999982 13 6 0 0 1 1 0 0 1 I I 0 1 1 forward
I I I I #
-1409 coedge $-1 $1099 $1662 $1216 $1482 reversed $1410 $-1 #
-1410 loop $-1 $1663 $1428 $1664 #
-1411 ptlist-eye-attrib $-1 $-1 $-1 $1100 #
-1412 straight-curve $-1 5 18 6 0 -4.9999999999999964 0 F 0 F 1 #
-1413 point $-1 5 13.000000000000004 6 #
-1414 edge $1665 $1418 0 $1106 2.2363307384753024 $1104 $1666 forward 7 unknown
#
-1415 point $-1 3.9999999999999973 12 13.768114574786859 #
-1416 coedge $-1 $1428 $1111 $1643 $1667 forward $1410 $-1 #
-1417 ptlist-eye-attrib $-1 $-1 $-1 $1112 #
-1418 vertex $-1 $1667 $1668 #
-1419 ellipse-curve $-1 5 14.9 13 -1 0 0 0 -1.9000000000000004
-2.3216373532487804 1 F 0 F 1.7698867243523722 #
-1420 point $-1 5 13 10.67836264675122 #
-1421 face $-1 $1669 $1670 $3 $-1 $1671 reversed single #
-1422 loop $-1 $-1 $1672 $1117 #
-1423 cone-surface $-1 2.9999999999999987 -4.8890328576567699 19 0 0 1 2 0 0 1
I I 0 1 1 forward I I I I #
-1424 loop $-1 $-1 $1673 $804 #
-1425 coedge $-1 $1674 $1675 $1676 $1677 forward $1118 $-1 #
-1426 coedge $-1 $1678 $1679 $1680 $1681 reversed $1120 $-1 #
-1427 coedge $-1 $1121 $1682 $1683 $1684 forward $805 $-1 #
-1428 coedge $-1 $1662 $1416 $1121 $1429 reversed $1410 $-1 #
-1429 edge $1685 $1686 0 $1648 1 $1121 $1687 forward 7 unknown #
-1430 coedge $-1 $1688 $1689 $1122 $1431 reversed $1633 $-1 #
-1431 edge $1690 $1126 0 $1139 0.70748321177934248 $1122 $1691 forward 7
unknown #
-1432 coedge $-1 $1123 $1692 $1688 $1435 reversed $1376 $-1 #
-1433 ptlist-eye-attrib $-1 $-1 $-1 $1124 #
-1434 ellipse-curve $-1 1.8 1.6400000000000006 0.99999999999999623 0 0 -1
-1.7763568394002505e-15 -10 0 1 F 0 F 0.86331311501555419 #
-1435 edge $1693 $1126 0 $1694 1 $1688 $1695 forward 7 unknown #
-1436 point $-1 -5.8000000000000043 -4.8592307237087624 0.99999999999999623 #
-1437 point $-1 64.800000000000026 -8.3599999999999994 1 #
-1438 ptlist-eye-attrib $-1 $-1 $-1 $1134 #
-1439 vertex $-1 $1640 $1696 #
-1440 straight-curve $-1 1.8000002144126943 -8.3599999987834881
0.99999999695873587 -2.1441269493216453e-07 -1.2165113361106705e-09
5.0000000030412641 F 0 F 1 #
-1441 coedge $-1 $1697 $1136 $1689 $1698 forward $1397 $-1 #
-1442 ptlist-eye-attrib $-1 $-1 $-1 $1137 #
-1443 straight-curve $-1 -6.999999999019856 -1.6096152597780948
0.99999999754965119 -3.1885605267234496e-10 18.609615333660031
7.9715656298162685e-10 F 0 F 1 #
-1444 point $-1 -7.0000000000000009 -1.6096153618543816 0.99999999999999534 #
-1445 edge $1699 $832 0 $1399 1 $1142 $1700 forward 7 unknown #
-1446 point $-1 -6 18 6 #
-1447 spline-surface $-1 forward { exactsur full nubs 3 3 open open none none
21 2 0.005589107382218482 3 0.025690926138058012 1 0.054425091665672221 1
0.090032724365999406 1 0.12208282717387708 1 0.14673880880395884 1
0.15887946369989558 1 0.17065448814467288 1 0.19751242999356466 1
0.24328121948292902 1 0.33497645335539972 1 0.43733100743325148 1
0.56813304361319972 1 0.63371021976270425 1 0.68048201723960378 1
0.77610666470435774 1 0.82678859374605351 1 0.88198256766046734 1
0.92657001552343921 1 0.97282351746652995 1 0.98907946202537034 3
-0.14867420965898923 3 2.148674209658989 3 74.26638972539503 -4.879345590495622
0.85132579034101075 74.393615699490468 -5.0330211737450794 0.85132579034101075
74.717857700057365 -5.4088937486670554 0.85132579034101064 75.381864795458114
-5.9513586024369953 0.85132579034101075 76.380576648359806 -6.1550971763887699
0.85132579034101075 77.285260117368068 -5.9018313060732606 0.85132579034101097
77.932044301508654 -5.7020782209190486 0.85132579034101052 78.439311403278538
-5.6346279705981601 0.85132579034101075 78.874525679059147 -5.9485719052316917
0.85132579034101064 79.376074789782464 -6.6137545783718483 0.85132579034101052
80.46962197400488 -7.9227716784395552 0.85132579034101097 83.294185639911262
-7.9783474010938988 0.85132579034101052 85.779650073076766 -5.5298352899587346
0.85132579034101097 86.488078816983872 -2.570625088667529 0.85132579034101075
87.053961683918743 -0.1884716300687741 0.85132579034101075 87.804813193712391
1.7462756266740067 0.85132579034101086 88.713803721289537 3.4491785406374369
0.85132579034101075 88.964126017124613 5.5741297120916231 0.85132579034101086
87.871979953360807 6.8448140628814951 0.85132579034101097 86.434727298479459
7.2936164283951772 0.85132579034101052 85.351187563113243 7.158809248454677
0.85132579034101052 84.74240593250201 6.9919747146833799 0.85132579034101075
84.58639865196335 6.945627410102456 0.85132579034101075 74.26638972539503
-4.879345590495622 1.6171085967803367 74.393615699490468 -5.0330211737450794
1.6171085967803367 74.717857700057365 -5.4088937486670554 1.6171085967803371
75.381864795458114 -5.9513586024369953 1.617108596780336 76.380576648359806
-6.1550971763887699 1.6171085967803369 77.285260117368068 -5.9018313060732606
1.6171085967803365 77.932044301508654 -5.7020782209190486 1.6171085967803367
78.439311403278538 -5.6346279705981601 1.6171085967803367 78.874525679059147
-5.9485719052316917 1.6171085967803365 79.376074789782464 -6.6137545783718483
1.6171085967803369 80.46962197400488 -7.9227716784395552 1.6171085967803369
83.294185639911262 -7.9783474010938988 1.6171085967803362 85.779650073076766
-5.5298352899587346 1.6171085967803374 86.488078816983872 -2.570625088667529
1.6171085967803365 87.053961683918743 -0.1884716300687741 1.6171085967803365
87.804813193712391 1.7462756266740067 1.6171085967803369 88.713803721289537
3.4491785406374369 1.6171085967803367 88.964126017124613 5.5741297120916231
1.6171085967803367 87.871979953360807 6.8448140628814951 1.6171085967803369
86.434727298479459 7.2936164283951772 1.6171085967803367 85.351187563113243
7.158809248454677 1.6171085967803371 84.74240593250201 6.9919747146833799
1.6171085967803367 84.58639865196335 6.945627410102456 1.6171085967803367
74.26638972539503 -4.879345590495622 2.3828914032196629 74.393615699490468
-5.0330211737450794 2.3828914032196629 74.717857700057365 -5.4088937486670554
2.3828914032196629 75.381864795458114 -5.9513586024369953 2.3828914032196624
76.380576648359806 -6.1550971763887699 2.3828914032196624 77.285260117368068
-5.9018313060732606 2.3828914032196638 77.932044301508654 -5.7020782209190486
2.3828914032196629 78.439311403278538 -5.6346279705981601 2.3828914032196629
78.874525679059147 -5.9485719052316917 2.3828914032196624 79.376074789782464
-6.6137545783718483 2.3828914032196624 80.46962197400488 -7.9227716784395552
2.3828914032196633 83.294185639911262 -7.9783474010938988 2.3828914032196629
85.779650073076766 -5.5298352899587346 2.3828914032196629 86.488078816983872
-2.570625088667529 2.3828914032196633 87.053961683918743 -0.1884716300687741
2.3828914032196624 87.804813193712391 1.7462756266740067 2.3828914032196633
88.713803721289537 3.4491785406374369 2.3828914032196624 88.964126017124613
5.5741297120916231 2.3828914032196633 87.871979953360807 6.8448140628814951
2.3828914032196629 86.434727298479459 7.2936164283951772 2.382891403219662
85.351187563113243 7.158809248454677 2.3828914032196638 84.74240593250201
6.9919747146833799 2.3828914032196629 84.58639865196335 6.945627410102456
2.3828914032196629 74.26638972539503 -4.879345590495622 3.148674209658989
74.393615699490468 -5.0330211737450794 3.148674209658989 74.717857700057365
-5.4088937486670554 3.1486742096589895 75.381864795458114 -5.9513586024369953
3.1486742096589881 76.380576648359806 -6.1550971763887699 3.1486742096589886
77.285260117368068 -5.9018313060732606 3.1486742096589895 77.932044301508654
-5.7020782209190486 3.1486742096589886 78.439311403278538 -5.6346279705981601
3.148674209658989 78.874525679059147 -5.9485719052316917 3.1486742096589886
79.376074789782464 -6.6137545783718483 3.1486742096589886 80.46962197400488
-7.9227716784395552 3.1486742096589904 83.294185639911262 -7.9783474010938988
3.1486742096589881 85.779650073076766 -5.5298352899587346 3.1486742096589899
86.488078816983872 -2.570625088667529 3.148674209658989 87.053961683918743
-0.1884716300687741 3.1486742096589886 87.804813193712391 1.7462756266740067
3.1486742096589899 88.713803721289537 3.4491785406374369 3.1486742096589886
88.964126017124613 5.5741297120916231 3.1486742096589895 87.871979953360807
6.8448140628814951 3.1486742096589886 86.434727298479459 7.2936164283951772
3.1486742096589886 85.351187563113243 7.158809248454677 3.1486742096589895
84.74240593250201 6.9919747146833799 3.148674209658989 84.58639865196335
6.945627410102456 3.148674209658989 0 0 0 0 0 0 0 F 0.005589107382218482 F
0.98907946202537034 F -0.14867420965898923 F 2.148674209658989 } I I I I #
-1448 ptlist-eye-attrib $-1 $-1 $-1 $1154 #
-1449 straight-curve $-1 64.800000000000011 -8.3599999999999994 1
-1.4210854715202004e-14 0 5 F 0 F 1 #
-1450 coedge $-1 $1701 $1155 $1379 $1640 forward $1376 $-1 #
-1451 coedge $-1 $1239 $1161 $1261 $1518 reversed $1240 $-1 #
-1452 ptlist-eye-attrib $-1 $-1 $-1 $1162 #
-1453 intcurve-curve $-1 forward { exactcur full nubs 3 open 8 0 3
2.0821138452745753 1 8.1389693576291293 1 15.343306195793811 1
24.804547865648289 1 34.51321283086569 1 40.97874060875057 1 43.764961796376767
3 51.998384342610315 18 1 51.326265456376824 18.173045880107082 1
48.736381536097518 18.997871965846436 1 44.210678277080689 21.530858981881039
0.99999999999999989 38.74104773713637 26.869892837645924 1.0000000000000002
33.719207894119151 34.082730066160956 0.99999999999999989 28.372132428569532
40.822605053129863 0.99999999999999989 23.178113636257716 44.571517583990477 1
20.347254442630742 45.816561110928902 1 19.47480157217257 46.134970771209623 1
0 null_surface null_surface nullbs nullbs I I 0 0 0 I I } I I #
-1454 ptlist-eye-attrib $-1 $-1 $-1 $1164 #
-1455 intcurve-curve $-1 forward { exactcur full nubs 3 open 25 0 3
3.9050985769639794 1 9.169920686860987 1 14.003444812543069 1
16.749583950766667 1 18.976134500468913 1 24.117447354004533 1
27.487942495977084 1 33.114127233871471 1 37.378122378504983 1
39.629145636059299 1 42.597210610773573 1 45.36521026226675 1
48.036460919846846 1 50.489467215200932 1 54.560369660841829 1
59.463137572214762 1 63.872972496147767 1 69.310703474263946 1
74.885454042063486 1 77.814535860288061 1 81.380568825661499 1
86.315685693956169 1 90.33440263007158 1 91.17902296215054 3 84.870669045253322
7.0255001262286001 3 85.758551975153125 7.977385391311584 3 87.032988474932438
11.038061996288988 3 85.798772040634901 15.758393735188811 3.0000000000000009
83.902943949061694 19.519957959266193 2.9999999999999996 82.271214862534919
22.466145544987945 3.0000000000000004 82.468042831273877 25.914130017989173 3
83.453777893597604 29.410826428731468 3 86.07581663130631 33.359592791419615 3
88.696555718010615 36.906170682819095 2.9999999999999996 90.992564717431634
40.25028297692743 3 91.999684061014932 43.344458875286769 2.9999999999999996
91.047996751177664 46.079212366896002 3.0000000000000004 88.762926650520157
47.873578770025873 3.0000000000000004 86.094925100534979 48.455234659390662 3
83.058741927231125 47.741366919888478 2.9999999999999996 79.6600698536989
45.994559879631034 2.9999999999999996 75.874032512368771 43.61511423583508 3
72.183698353802811 40.326747459896261 2.9999999999999991 69.007587020228073
36.259752312868777 3 66.547321056450926 32.305417226661483 3 64.705161884306705
28.734872188451092 3 63.083879282899808 25.251863072064896 3 60.071304562520588
22.276910270028914 2.9999999999999991 57.736887265769923 20.00868350524361
3.0000000000000009 56.512672722893775 18.944747551092824 3 56.29820522644949
18.76235093133813 3 0 null_surface null_surface nullbs nullbs I I 0 0 0 I I } I
I #
-1456 point $-1 56.29820522644949 18.76235093133813 3 #
-1457 point $-1 84.870669045253322 7.025500126228601 3 #
-1458 coedge $-1 $1172 $1171 $1274 $1528 reversed $1173 $-1 #
-1459 face $-1 $-1 $1173 $3 $-1 $1702 reversed single #
-1460 coedge $-1 $1180 $1274 $1176 $1461 forward $1194 $-1 #
-1461 edge $1703 $1463 0 $1183 26.7731196252677 $1176 $1704 forward 7 unknown
#
-1462 ptlist-eye-attrib $-1 $-1 $-1 $1177 #
-1463 vertex $-1 $1461 $1705 #
-1464 straight-curve $-1 18.571094798856066 18.605006256247314 3 0 0 -2 F 0 F 1
#
-1465 spline-surface $-1 forward { exactsur full nubs 3 3 open open none none 8
2 0.055761563336944535 3 0.13305569678434914 1 0.24420505945369966 1
0.34379495885313566 1 0.47798949968619386 1 0.67164802410312052 1
0.89717602042168887 1 0.96497442613459428 3 -0.14867420965898923 3
2.148674209658989 3 18.43256540994415 18.372971308589303 0.85132579034101075
18.809791821995184 19.004768985403963 0.85132579034101075 19.736888965314733
20.556336252880602 0.8513257903410103 21.100169919626808 23.035728818127339
0.85132579034101075 22.451085777269775 26.195305465751861 0.85132579034101075
23.736594553343362 30.286125285695157 0.85132579034101086 23.902786124262867
36.151978813567773 0.85132579034101075 22.01492382882661 40.830731105470178
0.85132579034101052 20.555453576385244 43.346203104011209 0.85132579034101075
20.203963033282722 43.914179754376406 0.85132579034101075 18.43256540994415
18.372971308589303 1.6171085967803367 18.809791821995184 19.004768985403963
1.6171085967803367 19.736888965314733 20.556336252880602 1.617108596780336
21.100169919626808 23.035728818127339 1.6171085967803367 22.451085777269775
26.195305465751861 1.6171085967803365 23.736594553343362 30.286125285695157
1.6171085967803371 23.902786124262867 36.151978813567773 1.6171085967803365
22.01492382882661 40.830731105470178 1.6171085967803367 20.555453576385244
43.346203104011209 1.6171085967803367 20.203963033282722 43.914179754376406
1.6171085967803367 18.43256540994415 18.372971308589303 2.3828914032196629
18.809791821995184 19.004768985403963 2.3828914032196629 19.736888965314733
20.556336252880602 2.382891403219662 21.100169919626808 23.035728818127339
2.3828914032196629 22.451085777269775 26.195305465751861 2.3828914032196629
23.736594553343362 30.286125285695157 2.3828914032196633 23.902786124262867
36.151978813567773 2.3828914032196629 22.01492382882661 40.830731105470178
2.3828914032196624 20.555453576385244 43.346203104011209 2.3828914032196629
20.203963033282722 43.914179754376406 2.3828914032196629 18.43256540994415
18.372971308589303 3.148674209658989 18.809791821995184 19.004768985403963
3.148674209658989 19.736888965314733 20.556336252880602 3.1486742096589881
21.100169919626808 23.035728818127339 3.1486742096589886 22.451085777269775
26.195305465751861 3.148674209658989 23.736594553343362 30.286125285695157
3.1486742096589895 23.902786124262867 36.151978813567773 3.1486742096589895
22.01492382882661 40.830731105470178 3.1486742096589886 20.555453576385244
43.346203104011209 3.148674209658989 20.203963033282722 43.914179754376406
3.148674209658989 0 0 0 0 0 0 0 F 0.055761563336944535 F 0.96497442613459428 F
-0.14867420965898923 F 2.148674209658989 } I I I I #
-1466 ptlist-eye-attrib $-1 $-1 $-1 $1181 #
-1467 ellipse-curve $-1 20.686225669424569 43.893012874696105 3 0 0 -1
-0.34176009260039208 -0.2078461909821101 0 1 F 0 F 2.5621179105503344 #
-1468 point $-1 20.344465576824156 43.685166683714016 3 #
-1469 ptlist-eye-attrib $-1 $-1 $-1 $1186 #
-1470 straight-curve $-1 18.914565954703917 18 3 -3.5527136788005009e-15 0 -2 F
0 F 1 #
-1471 ptlist-eye-attrib $-1 $-1 $-1 $1189 #
-1472 ellipse-curve $-1 46.672662778590833 18.399999999999999 3 0 0 -1
0.18973497687233731 0.35213724391386592 0 1 F 0 F 2.6473813877747077 #
-1473 point $-1 46.672662778590833 18 3 #
-1474 face $-1 $885 $1194 $3 $-1 $1706 forward single #
-1475 ptlist-eye-attrib $-1 $-1 $-1 $1199 #
-1476 straight-curve $-1 81.235522332596787 6.3548579321143635 1 0
-1.7763568394002505e-15 2 F 0 F 1 #
-1477 ptlist-eye-attrib $-1 $-1 $-1 $1205 #
-1478 intcurve-curve $-1 forward { exactcur full nubs 3 open 39 0 3
1.6284220410551782 1 3.6604038253961679 1 6.2101652918887993 1
8.8539942932395572 1 10.7596487070607 1 12.575355534860721 1 15.449098057341788
1 20.895995715233738 1 26.151667503262605 1 30.371121883821733 1
35.108640842650154 1 38.956026731741034 1 40.042178308423338 1
41.041433449625806 1 43.18168229270038 1 45.33944269034091 1 46.489983249389965
1 47.569745857134649 1 48.404889307227108 1 49.370270006030211 1
51.330097686036908 1 53.394329971282659 1 56.201237525655877 1
59.034036792169559 1 60.778912911035803 1 62.578908526001449 1
65.356523042873107 1 68.145216304326908 1 69.405366190492657 1
70.758950368135245 1 72.399415003023904 1 73.870779841778543 1
76.236231472018801 1 78.539568689572022 1 81.017710744748939 1
83.289408395832751 1 85.243536350314429 1 85.996454066329107 3
58.043786590021945 18.697024674006709 3 58.446854528263415 19.060584920924487 3
59.339413416944922 19.892734370259994 3.0000000000000004 60.821640691008241
21.33795848965126 3.0000000000000004 62.537125168078418 23.027973773416509
3.0000000000000009 64.048891302162474 24.864725273373953 2.9999999999999996
65.090013874382038 26.719717346732935 2.9999999999999996 66.03895820445473
28.702081216922249 3.0000000000000009 67.588357998266389 31.706618609224794
2.9999999999999987 69.983059901238533 35.554133543771975 3.0000000000000009
73.052985408895921 39.492657069310674 3 76.610082963926814 42.66091374190291 3
80.229353534439468 44.934794111276616 3.0000000000000009 83.114716150674539
46.41757350144983 3 85.019233497181105 46.970347190165299 3.0000000000000004
86.424682999034275 47.143528760571279 3 88.211176671003017 46.759454254704558
2.9999999999999996 89.70807359257816 45.587093264634333 2.9999999999999991
90.383780897932823 44.267339893950798 3.0000000000000004 90.563975919456126
43.23806528148917 3 90.38710146666952 42.283145310766173 3.0000000000000004
89.936555586769401 41.110706007560616 3.0000000000000004 89.126434897625543
39.650592067678879 3 87.821179372125897 37.784280559658924 3 86.316786291351917
35.703231341260754 3.0000000000000009 84.885027488968547 33.700830799556009
2.9999999999999996 83.691914902828927 31.940783627568671 3 82.636776960001541
30.11228144687027 3.0000000000000004 81.750199293521931 27.806748894558986 3
81.299487008430418 25.566468330511988 3 81.140864155537614 23.771005255702626
3.0000000000000004 81.240058588155989 22.34376479093255 2.9999999999999991
81.752410178920741 20.928381252922225 3.0000000000000009 82.624708274875516
19.325465995873781 2.9999999999999991 83.580412442866674 17.514529476772001 3
84.536759863975178 15.328992480720681 3.0000000000000004 85.21729629861855
13.070054606533645 3 85.412423619348687 10.813579048874452 3 84.95047655954825
9.1694776165602931 3.0000000000000009 84.45762340188115 8.4087308685215518 3
84.305183800367345 8.2093583533920551 3 0 null_surface null_surface nullbs
nullbs I I 0 0 0 I I } I I #
-1479 point $-1 84.305183800367345 8.2093583533920551 3 #
-1480 ptlist-eye-attrib $-1 $-1 $-1 $1214 #
-1481 ellipse-curve $-1 54.225075462529269 21.199999999999999 3 0 0 -1
2.0731297639202211 -2.4376490686618695 0 1 F 0 F 0.70476266108356733 #
-1482 edge $1707 $1403 0 $1487 1 $1409 $1708 forward 7 unknown #
-1483 coedge $-1 $1683 $1217 $1662 $1709 reversed $1485 $-1 #
-1484 coedge $-1 $1217 $1683 $1219 $1490 reversed $1485 $-1 #
-1485 loop $-1 $-1 $1683 $1710 #
-1486 ptlist-eye-attrib $-1 $-1 $-1 $1218 #
-1487 vertex $-1 $1218 $1711 #
-1488 straight-curve $-1 7.4000000000000021 18 15 -2.4000000000000021 0
1.7763568394002505e-15 F 0 F 1 #
-1489 coedge $-1 $1712 $1219 $1682 $1713 reversed $1221 $-1 #
-1490 edge $1714 $1223 0 $1715 1.5707963267948948 $1484 $1716 forward 7 unknown
#
-1491 loop $-1 $1717 $1718 $1492 #
-1492 face $-1 $1710 $1221 $3 $-1 $1719 reversed single #
-1493 point $-1 7.4000000000000021 18 15 #
-1494 coedge $-1 $1720 $1225 $1623 $1721 reversed $769 $-1 #
-1495 edge $1722 $1723 0 $1497 1 $1372 $1724 forward 7 unknown #
-1496 ptlist-eye-attrib $-1 $-1 $-1 $1226 #
-1497 vertex $-1 $1495 $1725 #
-1498 straight-curve $-1 7.3999999999999995 18 6 0 -1.2000000000000028 0 F 0 F
1 #
-1499 coedge $-1 $1228 $1361 $1230 $1502 reversed $943 $-1 #
-1500 ptlist-eye-attrib $-1 $-1 $-1 $1229 #
-1501 ellipse-curve $-1 0 18 3 0 1 0 1.75 0 0 1 F 0 F 3.1415926535897931 #
-1502 edge $1726 $1235 0 $1365 1 $1230 $1727 forward 7 unknown #
-1503 edge $1728 $1234 0 $1364 1 $1231 $1729 forward 7 unknown #
-1504 point $-1 -1.75 18 3 #
-1505 point $-1 1.75 18 3 #
-1506 coedge $-1 $1730 $1237 $1239 $1509 forward $1194 $-1 #
-1507 ptlist-eye-attrib $-1 $-1 $-1 $1238 #
-1508 straight-curve $-1 51.998384342610294 18 3 -5.3257215640194602 0 0 F 0 F
1 #
-1509 edge $1731 $1242 0 $1732 43.764961796376717 $1506 $1733 forward 7 unknown
#
-1510 face $-1 $1474 $1240 $3 $-1 $1734 forward single #
-1511 point $-1 51.998384342610294 18 3 #
-1512 cone-surface $-1 19.131961245968615 45.195577078060488 43.929903289369562
-1.5319745856741742e-16 1.0213163904494494e-16 -1 -0.82663105059273734
-0.56274426358333296 6.9163782120815303e-17 1 I I 0 1 1 forward I I I I #
-1513 ptlist-eye-attrib $-1 $-1 $-1 $1249 #
-1514 intcurve-curve $-1 forward { exactcur full nubs 3 open 5 0 3
1.4776979747937067 1 2.4205062862563285 1 3.3891996371922781 1
3.638635076173395 3 84.305183800367345 8.2093583533920551 3 84.006001451959264
7.8180641182187625 3 83.376965419394494 7.2821400663446063 3 82.383822605999072
6.7412014865715371 3.0000000000000004 81.705590733683238 6.49009431722037 3
81.315667749057312 6.3769899807794506 3 81.235522332596787 6.3548579321143617 3
0 null_surface null_surface nullbs nullbs I I 0 0 0 I I } I I #
-1515 point $-1 81.235522332596787 6.3548579321143617 3 #
-1516 point $-1 64.799999999999997 -8.3599999999999994 6 #
-1517 coedge $-1 $1261 $1260 $1730 $1735 reversed $1262 $-1 #
-1518 edge $1736 $1732 0 $1264 1 $1451 $1737 forward 7 unknown #
-1519 point $-1 19.47480157217257 46.134970771209623 1 #
-1520 coedge $-1 $1269 $1730 $1266 $1521 forward $1194 $-1 #
-1521 edge $1738 $1523 0 $1272 27.517253134485394 $1520 $1739 forward 7 unknown
#
-1522 ptlist-eye-attrib $-1 $-1 $-1 $1267 #
-1523 vertex $-1 $1267 $1740 #
-1524 straight-curve $-1 18.305330195375877 44.63283281447714 3
1.0658141036401503e-14 -7.1054273576010019e-15 -2 F 0 F 1 #
-1525 ptlist-eye-attrib $-1 $-1 $-1 $1270 #
-1526 ellipse-curve $-1 15.563324479642253 20.199999999999999
2.9999999999999964 0 0 -1 1.8890035178174198 -1.1276815639503113 0 1 F 0 F
1.0326065230813091 #
-1527 point $-1 17.452327997459669 19.072318436049684 3 #
-1528 edge $1741 $1276 0 $1463 2.1089082316759762 $1458 $1742 forward 7 unknown
#
-1529 point $-1 18.914565954703917 18 3 #
-1530 coedge $-1 $1743 $1744 $1279 $1531 reversed $1745 $-1 #
-1531 edge $1746 $1287 0 $1284 3.1415926535897931 $1279 $1747 forward 7 unknown
#
-1532 face $-1 $1748 $1749 $3 $-1 $1750 reversed single #
-1533 cone-surface $-1 0 2.9175527541533358e-29 -0.13804054086034778 0 0 -1 0
-1.7552162163441387 0 1 I I 0.3713906763541035 0.92847669088525941 1 forward I
I I I #
-1534 coedge $-1 $1751 $1281 $1744 $1752 forward $1536 $-1 #
-1535 coedge $-1 $1281 $1751 $1743 $1540 reversed $1536 $-1 #
-1536 loop $-1 $-1 $1535 $1753 #
-1537 ptlist-eye-attrib $-1 $-1 $-1 $1282 #
-1538 ellipse-curve $-1 0 0 1.0000000000000013 0 0 1 -1.3
1.5920408388915593e-16 0 1 F 0 F 3.1415926535897931 #
-1539 point $-1 -1.3 3.3167517476907485e-16 1 #
-1540 edge $1754 $1287 0 $1755 1 $1535 $1756 forward 7 unknown #
-1541 point $-1 1.3 -1.7247109087991892e-16 1 #
-1542 coedge $-1 $1757 $1290 $1295 $1551 forward $1544 $-1 #
-1543 coedge $-1 $1290 $1757 $1294 $1550 reversed $1544 $-1 #
-1544 loop $-1 $-1 $1542 $1292 #
-1545 ptlist-eye-attrib $-1 $-1 $-1 $1291 #
-1546 ellipse-curve $-1 45 0 1.000000000000004 0 0 1 -1.625
1.9900510486144489e-16 0 1 F 0 F 3.1415926535897931 #
-1547 face $-1 $1758 $1759 $3 $-1 $1760 reversed single #
-1548 cone-surface $-1 45 0 0 0 0 1 1.625 0 0 1 I I 0 1 1 forward I I I I #
-1549 coedge $-1 $1295 $1294 $1761 $1762 forward $1296 $-1 #
-1550 edge $1763 $1001 0 $1764 1 $1543 $1765 forward 7 unknown #
-1551 edge $1766 $1004 0 $1767 1 $1542 $1768 forward 7 unknown #
-1552 face $-1 $695 $1296 $3 $-1 $1769 reversed single #
-1553 coedge $-1 $1302 $1301 $1770 $1771 forward $1303 $-1 #
-1554 coedge $-1 $1770 $1770 $1307 $1555 reversed $1594 $-1 #
-1555 edge $1772 $1557 0 $1560 3.1415926535897931 $1307 $1773 forward 7 unknown
#
-1556 ptlist-eye-attrib $-1 $-1 $-1 $1308 #
-1557 vertex $-1 $1555 $1774 #
-1558 straight-curve $-1 71.624999995676106 6.3977604757280845e-08
1.0000000108096876 4.3238941316303681e-09 -6.3977605022620983e-08
1.9999999891903093 F 0 F 1 #
-1559 ptlist-eye-attrib $-1 $-1 $-1 $1309 #
-1560 vertex $-1 $1555 $1775 #
-1561 straight-curve $-1 68.375000004323894 -6.3977604874277919e-08
1.0000000108096876 -4.3238941316303681e-09 6.3977605073283029e-08
1.9999999891903093 F 0 F 1 #
-1562 cone-surface $-1 70 0 0 0 0 1 1.625 0 0 1 I I 0 1 1 forward I I I I #
-1563 coedge $-1 $1776 $1311 $1314 $1569 reversed $1565 $-1 #
-1564 coedge $-1 $1311 $1776 $1332 $1582 forward $1565 $-1 #
-1565 loop $-1 $-1 $1776 $1777 #
-1566 ptlist-eye-attrib $-1 $-1 $-1 $1312 #
-1567 straight-curve $-1 59 11.519999999999998 0 0 -7.1599999999999984 0 F 0 F
1 #
-1568 coedge $-1 $1314 $1313 $1778 $1779 reversed $1315 $-1 #
-1569 edge $1780 $1781 0 $1317 1 $1314 $1782 forward 7 unknown #
-1570 face $-1 $1321 $1315 $3 $-1 $1783 reversed single #
-1571 point $-1 59 11.519999999999998 0 #
-1572 coedge $-1 $1323 $1778 $1319 $1573 reversed $747 $-1 #
-1573 edge $1784 $1326 0 $1575 1 $1319 $1785 forward 7 unknown #
-1574 ptlist-eye-attrib $-1 $-1 $-1 $1320 #
-1575 vertex $-1 $1573 $1786 #
-1576 straight-curve $-1 60 12.519999999999998 3 0 0 -3 F 0 F 1 #
-1577 plane-surface $-1 69.5 12.52 0 0 1 0 -1 0 0 forward_v F
0.83000000000000107 F 9.6700000000000035 F -0.14867420965898923 F
3.148674209658989 #
-1578 ptlist-eye-attrib $-1 $-1 $-1 $1324 #
-1579 ellipse-curve $-1 68.5 11.52 3 0 0 -1 0 1 0 1 F 0 F 1.5707963267948966 #
-1580 point $-1 68.5 12.519999999999998 3 #
-1581 coedge $-1 $1333 $1332 $1787 $1788 reversed $1334 $-1 #
-1582 edge $1789 $1790 0 $1336 1 $1564 $1791 forward 7 unknown #
-1583 face $-1 $1777 $1334 $3 $-1 $1792 reversed single #
-1584 point $-1 59 4.3599999999999994 0 #
-1585 coedge $-1 $1787 $1342 $1338 $1586 reversed $747 $-1 #
-1586 edge $1793 $1588 0 $1345 1 $1338 $1794 forward 7 unknown #
-1587 ptlist-eye-attrib $-1 $-1 $-1 $1339 #
-1588 vertex $-1 $1788 $1795 #
-1589 straight-curve $-1 60 3.3599999999999994 3 0 0 -3 F 0 F 1 #
-1590 plane-surface $-1 59 3.3599999999999999 0 0 -1 0 1 0 0 forward_v F
0.85132579034101163 F 4.1236742096589936 F -0.14867420965898923 F
3.148674209658989 #
-1591 ptlist-eye-attrib $-1 $-1 $-1 $1343 #
-1592 ellipse-curve $-1 62.975000000000001 4.3599999999999994 3 0 0 -1 1 0 0 1
F 0 F 1.5707963267948966 #
-1593 point $-1 62.975000000000001 3.3599999999999994 3 #
-1594 loop $-1 $747 $1770 $1061 #
-1595 coedge $-1 $1796 $1797 $1798 $1799 forward $1351 $-1 #
-1596 face $-1 $1800 $1801 $3 $-1 $1802 reversed single #
-1597 loop $-1 $-1 $1604 $1353 #
-1598 spline-surface $-1 forward { exactsur full nurbs 3 3 both open open none
none 2 13 0 3 1 3 -0.0094661685601893347 3 0 1 0.075574103311015592 1
0.16156635339079076 1 0.25949334282859665 1 0.37083001704154783 1
0.4916858353657233 1 0.61377627872821416 1 0.7291993683386957 1
0.83170769737579842 1 0.92116222180967544 1 1 1 1.0095108141347795 3
38.139204912676206 12.975702516486381 2.9949741796065172 1.1428384172378736
39.390366548816964 12.805881327303144 2.123044115935464 0.95238719425404206
40.724894938781226 12.049415569712224 2.1599901507416268 0.95238719425404206
41.475602420319348 11.084494740598361 3.0873413854086218 1.1428384172378736
38.130880717322334 12.934413139489648 2.962253592284767 1.1428384172378736
39.389152761391117 12.766038830098847 2.1002632900285914 0.95238719425404206
40.726931585905113 12.01601817528686 2.1507051146946332 0.95238719425404206
41.475404497746226 11.05931849016368 3.0883610466951303 1.1428384172378736
38.062276762919602 12.563786594096689 2.6722009996312162 1.142838417237874
39.382344112136714 12.408257133511576 1.8987919452877555 0.95238719425404239
40.74678387799603 11.71545365124252 2.0688488267354423 0.95238719425404239
41.473454425662368 10.831738157426932 3.0973529556977519 1.142838417237874
38.02637824169539 11.819310553375617 2.1637441684241621 1.1428384172378734
39.43510624648313 11.687379190365029 1.5547958777581263 0.95238719425404184
40.811248139426439 11.099693054436928 1.9341692476703682 0.95238719425404184
41.466811893243552 10.350061510843494 3.1121993495651776 1.1428384172378734
38.105207489259271 10.702312102858778 1.5879305851597771 1.1428384172378734
39.586070792285277 10.601325373184718 1.1823170836632275 0.95238719425404184
40.925863015556502 10.151481609064769 1.7980534823220804 0.95238719425404184
41.454764882040905 9.5776768948518374 3.1273068931494326 1.1428384172378734
38.246926933655281 9.4385170651690284 1.1362061324418928 1.1428384172378738
39.764570975608265 9.3689862260270864 0.9030605987868543 0.95238719425404217
41.042722900857378 9.0592622206752367 1.703706133362872 0.95238719425404217
41.442380046424695 8.6641892896911124 3.1378658844210752 1.1428384172378738
38.383133299845184 8.0246334639551922 0.83858712039479233 1.1428384172378734
39.91389760117783 7.987976666182024 0.72645331020685944 0.95238719425404184
41.133694647334146 7.8246895497055631 1.6486316828569523 0.95238719425404184
41.43269586833825 7.6164063085502081 3.1440859372424255 1.1428384172378734
38.444976739344952 6.5020883664735409 0.72532477513558968 1.1428384172378736
39.978048336445092 6.499795543033259 0.66098530338490991 0.95238719425404195
41.171495526275216 6.4895821978722807 1.6293448509616701 0.95238719425404195
41.428663155907138 6.4765544178546586 3.1462791777047796 1.1428384172378736
38.396626186166507 4.9614836293497939 0.81290761040131532 1.1428384172378736
39.928057585843469 4.9939048956367866 0.71151852292641715 0.95238719425404206
41.142099133814988 5.1383249051880346 1.6441710180673164 0.95238719425404206
41.431799679130464 5.3225419354480898 3.1445923341475002 1.1428384172378736
38.263233824529372 3.5046092152106967 1.0949043545256687 1.1428384172378736
39.783383534225223 3.5707129259179737 0.87809910911053568 0.95238719425404195
41.054511774293971 3.865170842743622 1.6956283264535954 0.95238719425404195
41.4411273215525 4.240770893891205 3.1387742816704085 1.1428384172378736
38.114173051214486 2.1891673469320758 1.5464304450245991 1.1428384172378734
39.59943723069906 2.2877369733419628 1.1559856504359147 0.95238719425404184
40.935247112835711 2.7268137898230567 1.7887367291385214 0.95238719425404184
41.453774362779804 3.2868845683773529 3.1283444288840379 1.1428384172378734
38.026151066724907 1.0241366230778157 2.1356557419030304 1.1428384172378738
39.439370316907187 1.1547366487637243 1.5360095534187774 0.95238719425404217
40.815429349970437 1.7364923639782968 1.9269374304974172 0.95238719425404217
41.466377563821055 2.4785592737274853 3.1129978535896443 1.1428384172378738
38.059666524629762 0.25027454075864008 2.6611945384999283 1.1428384172378738
39.382080820082784 0.40531537966366799 1.8911468776255889 0.95238719425404239
40.747535148674345 1.095942304512699 2.0657427217114144 0.95238719425404239
41.473380652386346 1.9768814590567663 3.0976941614629045 1.1428384172378738
38.130951048565386 -0.13481001675359422 2.9625594741880921 1.1428384172378736
39.389158272922991 0.033578223893136909 2.1004751492866096 0.95238719425404206
40.726909823867068 0.78366093526073077 2.1507908552733257 0.95238719425404206
41.475406643500406 1.7404397775202265 3.0883516246674687 1.1428384172378736
38.139317956245151 -0.17630149214879398 2.9954381127218137 1.1428384172378736
39.390379616777658 -0.0064589201063992583 2.1233656928828881
0.95238719425404206 40.7248640018137 0.75010208708694015 2.1601204327245109
0.95238719425404206 41.47560544904416 1.715144413207663 3.0873270701421562
1.1428384172378736 0 0 0 0 0 0 0 F 0 F 1 F -0.0094661685601893347 F
1.0095108141347795 } I I I I #
-1599 coedge $-1 $1803 $1804 $1805 $1806 reversed $1354 $-1 #
-1600 coedge $-1 $1807 $1356 $1808 $1809 reversed $1063 $-1 #
-1601 coedge $-1 $1356 $1807 $1358 $1606 reversed $1063 $-1 #
-1602 coedge $-1 $1804 $1803 $1356 $1603 reversed $1354 $-1 #
-1603 edge $1810 $1811 0 $1812 1 $1602 $1813 forward 7 unknown #
-1604 coedge $-1 $1814 $1815 $1357 $1605 forward $1597 $-1 #
-1605 edge $1816 $1811 0 $1611 0.96040992282802973 $1604 $1817 forward 7
unknown #
-1606 edge $1818 $1811 0 $1612 3.1403131223179748 $1601 $1819 forward 7 unknown
#
-1607 coedge $-1 $1820 $1359 $1807 $1821 forward $1609 $-1 #
-1608 coedge $-1 $1359 $1822 $1814 $1823 forward $1609 $-1 #
-1609 loop $-1 $1824 $1607 $1618 #
-1610 ptlist-eye-attrib $-1 $-1 $-1 $1360 #
-1611 vertex $-1 $1360 $1825 #
-1612 vertex $-1 $1360 $1826 #
-1613 intcurve-curve $-1 forward { exactcur full nubs 3 open 4 0 3
1.1687015019456743 1 2.3775165461428234 1 3.621098243736784 3
41.399999999999999 1.7002847659378784 3.0000000000000004 41.400000041432911
1.3107175986226558 3.0000000000000004 41.399871890788347 0.51821198200310969
2.9999975695212875 41.400352889219072 -0.68882029180727988 3.0000089289220235
41.399174905416039 -1.5062870666216637 2.9999803207002649 41.400000000000006
-1.9208134775314245 3 0 null_surface null_surface nullbs nullbs I I 0 0 0 I I }
I I #
-1614 ptlist-eye-attrib $-1 $-1 $-1 $1362 #
-1615 ellipse-curve $-1 0 15 3 0 1 0 1.75 0 0 1 F 0 F 3.1415926535897931 #
-1616 point $-1 -1.75 15 3 #
-1617 point $-1 1.75 15 3 #
-1618 face $-1 $1061 $1609 $3 $-1 $1827 forward single #
-1619 loop $-1 $-1 $1828 $1367 #
-1620 plane-surface $-1 7.3999999999999995 -6.3599999999999994 6 0 -1 0 1 0 0
forward_v F -0.64800000000000013 F 33.048000000000009 F -3.148674209658989 F
0.14867420965898923 #
-1621 coedge $-1 $1829 $1830 $1831 $1832 forward $1368 $-1 #
-1622 coedge $-1 $1831 $1370 $1833 $1834 reversed $1072 $-1 #
-1623 coedge $-1 $1370 $1831 $1494 $1721 forward $1072 $-1 #
-1624 coedge $-1 $1372 $1371 $1370 $1625 reversed $763 $-1 #
-1625 edge $1835 $1723 0 $1836 1 $1370 $1837 forward 7 unknown #
-1626 coedge $-1 $1838 $1833 $1371 $1627 forward $1609 $-1 #
-1627 edge $1839 $1836 0 $1630 1 $1626 $1840 forward 7 unknown #
-1628 coedge $-1 $1373 $1841 $1838 $1842 reversed $1221 $-1 #
-1629 ptlist-eye-attrib $-1 $-1 $-1 $1374 #
-1630 vertex $-1 $1374 $1843 #
-1631 straight-curve $-1 7.3999999999999995 16.799999999999997 6 0 0 -3 F 0 F 1
#
-1632 face $-1 $1656 $1844 $3 $-1 $1845 reversed single #
-1633 loop $-1 $-1 $1846 $1375 #
-1634 cone-surface $-1 -2.0000000000000009 -1.6096153618543825 0 0 0 1 5 0 0 1
I I 0 1 1 forward I I I I #
-1635 coedge $-1 $1847 $1378 $1848 $1849 reversed $1077 $-1 #
-1636 coedge $-1 $1378 $1850 $1851 $1852 reversed $1077 $-1 #
-1637 coedge $-1 $1853 $1854 $1378 $1638 forward $1855 $-1 #
-1638 edge $1856 $1857 0 $1858 1 $1637 $1859 forward 7 unknown #
-1639 coedge $-1 $1379 $1860 $1861 $1862 reversed $769 $-1 #
-1640 edge $1863 $1439 0 $1864 0.37075457577636184 $1450 $1865 forward 7
unknown #
-1641 ptlist-eye-attrib $-1 $-1 $-1 $1380 #
-1642 straight-curve $-1 1.7999999999999994 -8.3599999999999994 6 63 0 0 F 0 F
1 #
-1643 coedge $-1 $1382 $1381 $1416 $1667 reversed $1383 $-1 #
-1644 coedge $-1 $1866 $1386 $1867 $1868 forward $805 $-1 #
-1645 coedge $-1 $1389 $1655 $1386 $1646 reversed $1397 $-1 #
-1646 edge $1869 $1392 0 $1870 1 $1386 $1871 forward 7 unknown #
-1647 ptlist-eye-attrib $-1 $-1 $-1 $1387 #
-1648 vertex $-1 $1667 $1872 #
-1649 ellipse-curve $-1 3.9999999999999982 13 19 0 0 -1 1
8.8817841970012523e-15 0 1 F 0 F 1.5707963267949054 #
-1650 ptlist-eye-attrib $-1 $-1 $-1 $1390 #
-1651 straight-curve $-1 -7 9.5999999999999996 6 0 0 13 F 0 F 1 #
-1652 point $-1 -7 9.5999999999999996 19 #
-1653 ptlist-eye-attrib $-1 $-1 $-1 $1395 #
-1654 ellipse-curve $-1 -6 17 6 0 0 1 0 1 0 1 F 0 F 1.5707963267948966 #
-1655 coedge $-1 $1645 $1873 $1874 $1875 forward $1397 $-1 #
-1656 face $-1 $1876 $1397 $3 $-1 $1877 forward single #
-1657 point $-1 -7 17 6 #
-1658 point $-1 5 18 6 #
-1659 ptlist-eye-attrib $-1 $-1 $-1 $1406 #
-1660 straight-curve $-1 5 13.000000000000004 6 -8.8817841970012523e-16
-3.5527136788005009e-15 4.6783626467512196 F 0 F 1 #
-1661 cone-surface $-1 3.9999999999999982 13 6 0 0 1 1 0 0 1 I I 0 1 1 forward
I I I I #
-1662 coedge $-1 $1409 $1428 $1483 $1709 forward $1410 $-1 #
-1663 loop $-1 $-1 $1878 $1664 #
-1664 face $-1 $1879 $1410 $3 $-1 $1880 forward single #
-1665 ptlist-eye-attrib $-1 $-1 $-1 $1414 #
-1666 intcurve-curve $-1 forward { exactcur full nubs 3 open 12 0 3
0.31726564977431881 1 0.60048863294142873 1 0.8549667843294888 1
1.0864418443882762 1 1.2986845140138907 1 1.4921830759865917 1
1.6671570969233003 1 1.8249169544477646 1 1.9708571946144846 1
2.108416434490076 1 2.2363307384753024 3 4.9999999999999982 13
15.321637353248782 4.9999999999999982 12.918158246286799 15.254659049407538
4.9809721136623342 12.769738727033833 15.119322943158839 4.915189807729023
12.58377449708957 14.912417575571764 4.831667862519355 12.437433295051804
14.718400579121312 4.7392996113062811 12.321825678211548 14.538328695325315
4.6426704205271836 12.230365028101094 14.372446248721182 4.5444865235342551
12.158521796087346 14.221640437508668 4.446212331867045 12.102853370958009
14.087207064134812 4.3471182361894858 12.06015345078375 13.969347636947841
4.2437853897102853 12.028131685765153 13.869119944740442 4.1313916084642353
12.006108660690732 13.791525767916571 4.0426381013284063 12 13.768114574786859
3.9999999999999973 12 13.768114574786859 0 null_surface null_surface nullbs
nullbs I I 0 0 0 I I } I I #
-1667 edge $1881 $1418 0 $1648 1 $1643 $1882 forward 7 unknown #
-1668 point $-1 4.9999999999999982 13 15.321637353248782 #
-1669 face $-1 $1883 $1884 $3 $-1 $1885 reversed single #
-1670 loop $-1 $-1 $1886 $1421 #
-1671 torus-surface $-1 2.9999999999999987 -4.8890328576567699 9 0 0 1
1.0000000000000002 1 -0.045008418129357512 -0.99898660766673575 0 forward_v I I
I I #
-1672 coedge $-1 $1680 $1887 $1888 $1889 reversed $1422 $-1 #
-1673 coedge $-1 $1890 $1890 $1891 $1892 forward $1424 $-1 #
-1674 coedge $-1 $1893 $1425 $1894 $1895 reversed $1118 $-1 #
-1675 coedge $-1 $1425 $1896 $1897 $1898 forward $1118 $-1 #
-1676 coedge $-1 $1899 $1900 $1425 $1677 reversed $1749 $-1 #
-1677 edge $1901 $1902 0 $1903 2.6090885552879386 $1676 $1904 forward 7 unknown
#
-1678 coedge $-1 $1905 $1426 $1906 $1907 reversed $1120 $-1 #
-1679 coedge $-1 $1426 $1908 $1909 $1910 reversed $1120 $-1 #
-1680 coedge $-1 $1911 $1672 $1426 $1681 forward $1422 $-1 #
-1681 edge $1912 $1913 0 $1914 1.5159743495954805 $1680 $1915 forward 7 unknown
#
-1682 coedge $-1 $1427 $1916 $1489 $1713 forward $805 $-1 #
-1683 coedge $-1 $1484 $1483 $1427 $1684 reversed $1485 $-1 #
-1684 edge $1917 $1715 0 $1686 1 $1427 $1918 forward 7 unknown #
-1685 ptlist-eye-attrib $-1 $-1 $-1 $1429 #
-1686 vertex $-1 $1709 $1919 #
-1687 straight-curve $-1 5 14 19 0 -0.99999999999999822 0 F 0 F 1 #
-1688 coedge $-1 $1867 $1430 $1432 $1435 forward $1633 $-1 #
-1689 coedge $-1 $1430 $1846 $1441 $1698 reversed $1633 $-1 #
-1690 ptlist-eye-attrib $-1 $-1 $-1 $1431 #
-1691 ellipse-curve $-1 -2.0000000000000009 -1.6096153618543825
0.99999999999999534 0 0 -1 -3.8000000000000025 -3.2496153618543815 0 1 F 0 F
0.70748321177934248 #
-1692 coedge $-1 $1432 $1701 $1866 $1920 reversed $1376 $-1 #
-1693 ptlist-eye-attrib $-1 $-1 $-1 $1435 #
-1694 vertex $-1 $1435 $1921 #
-1695 straight-curve $-1 -5.800000102882759 -4.8592306002205712
0.99999999483270008 1.0288275387182466e-07 -1.2348818945184803e-07
18.000000005167301 F 0 F 1 #
-1696 point $-1 1.8 -8.3599999999999994 6 #
-1697 coedge $-1 $1873 $1441 $1922 $1923 reversed $1397 $-1 #
-1698 edge $1924 $1139 0 $1925 1 $1441 $1926 forward 7 unknown #
-1699 ptlist-eye-attrib $-1 $-1 $-1 $1445 #
-1700 straight-curve $-1 -6.9999999993387121 17.000000073881935
0.99999999834680764 -6.6128791331721004e-10 -7.3881935236386198e-08
5.0000000016531922 F 0 F 1 #
-1701 coedge $-1 $1692 $1450 $1927 $1928 forward $1376 $-1 #
-1702 cone-surface $-1 18.914565954703914 18.399999999999999 43.929903289369562
0 0 -1 0 -0.40000000000000002 0 1 I I 0 1 1 forward I I I I #
-1703 ptlist-eye-attrib $-1 $-1 $-1 $1461 #
-1704 intcurve-curve $-1 forward { exactcur full nubs 3 open 8 0 3
1.9555171977186721 1 5.2209822783436017 1 8.1894313955431191 1
12.229134882128882 1 18.181949685604266 1 25.024286597578445 1 26.7731196252677
3 18.571094798856066 18.605006256247314 3 18.905172515299025 19.1647260497313 3
19.794878496186815 20.660131475505402 3 21.109481941493907 23.056338513064929
2.9999999999999996 22.457434145677997 26.20859168110584 3 23.746831936623348
30.348735480012699 2.9999999999999991 23.901716268304554 36.096941666148936 3
22.071356884615277 40.706641664459298 3 20.647372479714914 43.187098902475924 3
20.344465576824156 43.685166683714016 3 0 null_surface null_surface nullbs
nullbs I I 0 0 0 I I } I I #
-1705 point $-1 18.571094798856066 18.605006256247314 3 #
-1706 plane-surface $-1 0 0 3 0 0 1 1 0 0 forward_v F 14.834623282382891 F
52.727085539869677 F 17.436085662165205 F 46.759631229574502 #
-1707 ptlist-eye-attrib $-1 $-1 $-1 $1482 #
-1708 straight-curve $-1 5 18 6 0 0 9.0000000000000018 F 0 F 1 #
-1709 edge $1929 $1686 0 $1487 1.5707963267948948 $1662 $1930 forward 7 unknown
#
-1710 face $-1 $1664 $1485 $3 $-1 $1931 forward single #
-1711 point $-1 5 18 15.000000000000007 #
-1712 coedge $-1 $1932 $1489 $1933 $1934 reversed $1221 $-1 #
-1713 edge $1935 $1936 0 $1715 1 $1682 $1937 forward 7 unknown #
-1714 ptlist-eye-attrib $-1 $-1 $-1 $1490 #
-1715 vertex $-1 $1490 $1938 #
-1716 ellipse-curve $-1 7.4000000000000057 14 15 1 0 0 0 4
7.1054273576010019e-15 1 F 0 F 1.5707963267948948 #
-1717 loop $-1 $1939 $1940 $1492 #
-1718 coedge $-1 $1941 $1941 $1942 $1943 reversed $1491 $-1 #
-1719 plane-surface $-1 7.4000000000000004 16.800000000000001 6 -1 0 0 0 -1 0
forward_v F -1.6871999999999994 F 23.647200000000002 F -5.6095582028071203 F
13.364893298094257 #
-1720 coedge $-1 $1944 $1494 $1830 $1945 reversed $769 $-1 #
-1721 edge $1946 $1947 0 $1723 0.89692898974427515 $1623 $1948 forward 7
unknown #
-1722 ptlist-eye-attrib $-1 $-1 $-1 $1495 #
-1723 vertex $-1 $1721 $1949 #
-1724 straight-curve $-1 49.692704382523502 16.799999999999997 6
-42.292704382523503 0 0 F 0 F 1 #
-1725 point $-1 7.3999999999999995 16.799999999999997 6 #
-1726 ptlist-eye-attrib $-1 $-1 $-1 $1502 #
-1727 straight-curve $-1 1.75 18 3 0 -3.0000000000000036 0 F 0 F 1 #
-1728 ptlist-eye-attrib $-1 $-1 $-1 $1503 #
-1729 straight-curve $-1 -1.75 18 3 0 -3.0000000000000036 0 F 0 F 1 #
-1730 coedge $-1 $1520 $1506 $1517 $1735 forward $1194 $-1 #
-1731 ptlist-eye-attrib $-1 $-1 $-1 $1509 #
-1732 vertex $-1 $1518 $1950 #
-1733 intcurve-curve $-1 forward { exactcur full nubs 3 open 8 0 3
2.0821138452745549 1 8.1389693576291098 1 15.34330619579379 1
24.804547865648267 1 34.513212830865669 1 40.978740608750549 1
43.764961796376717 3 51.998384342610294 18 3 51.326265456376809
18.173045880107082 3 48.736381536097525 18.997871965846443 3.0000000000000004
44.210678277080689 21.530858981881035 3 38.741047737136363 26.869892837645921 3
33.719207894119158 34.08273006616097 2.9999999999999991 28.372132428569522
40.822605053129841 2.9999999999999996 23.178113636257727 44.571517583990477 3
20.34725444263076 45.816561110928888 3 19.474801572172595 46.134970771209609 3
0 null_surface null_surface nullbs nullbs I I 0 0 0 I I } I I #
-1734 spline-surface $-1 forward { exactsur full nubs 3 3 open open none none 8
2 0.027057673032099112 3 0.079019144175014544 1 0.2040499208015869 1
0.35276798549996879 1 0.54807500436819367 1 0.7484895458959373 1
0.8819564839334505 1 0.94842189341863548 3 -0.14867420965898923 3
2.148674209658989 3 52.422370415110649 17.896190424233378 0.85132579034101075
51.603548917216315 18.086344193872815 0.85132579034101075 48.864854729952803
18.92605706874993 0.85132579034101064 44.210622812150305 21.530852203729296
0.85132579034101064 38.741030737087584 26.869914440104154 0.85132579034101075
33.719411862193027 34.082625539689602 0.85132579034101052 28.371442790954355
40.822945274853637 0.85132579034101075 23.060650518903312 44.6565990756134
0.85132579034101086 20.079905977712563 45.932646848022969 0.85132579034101075
19.062167491071065 46.280839330718905 0.85132579034101075 52.422370415110649
17.896190424233378 1.6171085967803367 51.603548917216315 18.086344193872815
1.6171085967803367 48.864854729952803 18.92605706874993 1.6171085967803365
44.210622812150305 21.530852203729296 1.6171085967803367 38.741030737087584
26.869914440104154 1.6171085967803367 33.719411862193027 34.082625539689602
1.6171085967803367 28.371442790954355 40.822945274853637 1.6171085967803371
23.060650518903312 44.6565990756134 1.6171085967803367 20.079905977712563
45.932646848022969 1.6171085967803367 19.062167491071065 46.280839330718905
1.6171085967803367 52.422370415110649 17.896190424233378 2.3828914032196629
51.603548917216315 18.086344193872815 2.3828914032196629 48.864854729952803
18.92605706874993 2.3828914032196629 44.210622812150305 21.530852203729296
2.382891403219662 38.741030737087584 26.869914440104154 2.3828914032196633
33.719411862193027 34.082625539689602 2.3828914032196624 28.371442790954355
40.822945274853637 2.3828914032196638 23.060650518903312 44.6565990756134
2.3828914032196624 20.079905977712563 45.932646848022969 2.3828914032196629
19.062167491071065 46.280839330718905 2.3828914032196629 52.422370415110649
17.896190424233378 3.148674209658989 51.603548917216315 18.086344193872815
3.148674209658989 48.864854729952803 18.92605706874993 3.1486742096589886
44.210622812150305 21.530852203729296 3.148674209658989 38.741030737087584
26.869914440104154 3.1486742096589895 33.719411862193027 34.082625539689602
3.1486742096589886 28.371442790954355 40.822945274853637 3.1486742096589886
23.060650518903312 44.6565990756134 3.1486742096589895 20.079905977712563
45.932646848022969 3.148674209658989 19.062167491071065 46.280839330718905
3.148674209658989 0 0 0 0 0 0 0 F 0.027057673032099112 F 0.94842189341863548 F
-0.14867420965898923 F 2.148674209658989 } I I I I #
-1735 edge $1951 $1732 0 $1523 2.5184370161830651 $1730 $1952 forward 7 unknown
#
-1736 ptlist-eye-attrib $-1 $-1 $-1 $1518 #
-1737 straight-curve $-1 19.474801572172595 46.134970771209609 3
-2.4868995751603507e-14 1.4210854715202004e-14 -2 F 0 F 1 #
-1738 ptlist-eye-attrib $-1 $-1 $-1 $1521 #
-1739 intcurve-curve $-1 forward { exactcur full nubs 3 open 9 0 3
0.38050942326980941 1 3.5523030674012173 1 9.9989891541989788 1
15.534690864531175 1 19.367917614074155 1 22.229572056974924 1
25.406760971759514 1 27.517253134485394 3 18.305330195375877 44.63283281447714
3 18.376706693770707 44.527985846371152 3 19.038818742969401 43.546122246017958
3 20.771041729598355 40.70280966595103 3.0000000000000004 22.69179929579245
35.909372172680627 2.9999999999999996 22.542555209699692 30.507545055258397 3
21.320044938929477 26.60277806542193 3 20.025190442044639 23.573597724766774
3.0000000000000004 18.716070629985037 21.189617878250733 2.9999999999999996
17.812928467575972 19.676367999642906 3 17.452327997459669 19.072318436049684 3
0 null_surface null_surface nullbs nullbs I I 0 0 0 I I } I I #
-1740 point $-1 18.305330195375888 44.632832814477133 2.9999999999999929 #
-1741 ptlist-eye-attrib $-1 $-1 $-1 $1528 #
-1742 ellipse-curve $-1 18.914565954703914 18.399999999999999 3 0 0 -1
3.5527136788005009e-15 -0.39999999999999858 0 1 F 0 F 2.1089082316759762 #
-1743 coedge $-1 $1953 $1530 $1535 $1540 forward $1745 $-1 #
-1744 coedge $-1 $1530 $1953 $1534 $1752 reversed $1745 $-1 #
-1745 loop $-1 $-1 $1744 $1954 #
-1746 ptlist-eye-attrib $-1 $-1 $-1 $1531 #
-1747 ellipse-curve $-1 0 0 1 0 0 1 1.3 -1.7247109087991892e-16 0 1 F 0 F
3.1415926535897931 #
-1748 face $-1 $1955 $1956 $3 $-1 $1957 reversed single #
-1749 loop $-1 $-1 $1958 $1532 #
-1750 cone-surface $-1 7.4000000000000004 6.4000000000000021 13 1 0 0 0 3.25 0
1 I I 0 1 1 forward I I I I #
-1751 coedge $-1 $1535 $1534 $1959 $1960 forward $1536 $-1 #
-1752 edge $1961 $1284 0 $1962 1 $1534 $1963 forward 7 unknown #
-1753 face $-1 $993 $1536 $3 $-1 $1964 reversed single #
-1754 ptlist-eye-attrib $-1 $-1 $-1 $1540 #
-1755 vertex $-1 $1965 $1966 #
-1756 straight-curve $-1 1.2999999978880605 5.9290576518238522e-08
1.0000000052798359 2.1119392901169931e-09 -5.9290576783932449e-08
4.5999999947201635 F 0 F 1 #
-1757 coedge $-1 $1543 $1542 $1967 $1968 forward $1544 $-1 #
-1758 face $-1 $1969 $1970 $3 $-1 $1971 reversed single #
-1759 loop $-1 $-1 $1972 $1547 #
-1760 cone-surface $-1 74.628855477623006 15.200000000000001 43.929903289369562
0 0 -1 0 1.6000000000000001 0 1 I I 0 1 1 forward I I I I #
-1761 coedge $-1 $1967 $1967 $1549 $1762 reversed $1824 $-1 #
-1762 edge $1973 $1764 0 $1767 3.1415926535897931 $1549 $1974 forward 7 unknown
#
-1763 ptlist-eye-attrib $-1 $-1 $-1 $1550 #
-1764 vertex $-1 $1762 $1975 #
-1765 straight-curve $-1 46.624999995676106 6.3977604847486333e-08
1.0000000108096894 4.3238941316303681e-09 -6.3977605112826471e-08
1.9999999891903075 F 0 F 1 #
-1766 ptlist-eye-attrib $-1 $-1 $-1 $1551 #
-1767 vertex $-1 $1762 $1976 #
-1768 straight-curve $-1 43.375000004323894 -6.3977604874277747e-08
1.0000000108096891 -4.3238941316303681e-09 6.3977605073282857e-08
1.9999999891903077 F 0 F 1 #
-1769 cone-surface $-1 45 0 0 0 0 1 1.625 0 0 1 I I 0 1 1 forward I I I I #
-1770 coedge $-1 $1554 $1554 $1553 $1771 reversed $1594 $-1 #
-1771 edge $1977 $1560 0 $1557 3.1415926535897931 $1553 $1978 forward 7 unknown
#
-1772 ptlist-eye-attrib $-1 $-1 $-1 $1555 #
-1773 ellipse-curve $-1 70 0 3 0 0 1 1.625 -1.9900510486144489e-16 0 1 F 0 F
3.1415926535897931 #
-1774 point $-1 71.625 -1.9900510486144489e-16 3 #
-1775 point $-1 68.375 3.9801020972288977e-16 3 #
-1776 coedge $-1 $1564 $1563 $1979 $1980 forward $1565 $-1 #
-1777 face $-1 $1570 $1565 $3 $-1 $1981 reversed single #
-1778 coedge $-1 $1572 $1979 $1568 $1779 forward $747 $-1 #
-1779 edge $1982 $1781 0 $1575 1.5707963267948966 $1568 $1983 forward 7 unknown
#
-1780 ptlist-eye-attrib $-1 $-1 $-1 $1569 #
-1781 vertex $-1 $1779 $1984 #
-1782 straight-curve $-1 59 11.519999999999998 3 0 0 -3 F 0 F 1 #
-1783 cone-surface $-1 60 11.52 43.929903289369562 0 0 -1 -1 0 0 1 I I 0 1 1
forward I I I I #
-1784 ptlist-eye-attrib $-1 $-1 $-1 $1573 #
-1785 straight-curve $-1 68.5 12.519999999999998 3 -8.5 0 0 F 0 F 1 #
-1786 point $-1 60 12.519999999999998 3 #
-1787 coedge $-1 $1979 $1585 $1581 $1788 forward $747 $-1 #
-1788 edge $1985 $1588 0 $1790 1.5707963267948966 $1581 $1986 forward 7 unknown
#
-1789 ptlist-eye-attrib $-1 $-1 $-1 $1582 #
-1790 vertex $-1 $1980 $1987 #
-1791 straight-curve $-1 59 4.3599999999999994 3 0 0 -3 F 0 F 1 #
-1792 cone-surface $-1 60 4.3599999999999994 43.929903289369562 0 0 -1 0 -1 0 1
I I 0 1 1 forward I I I I #
-1793 ptlist-eye-attrib $-1 $-1 $-1 $1586 #
-1794 straight-curve $-1 60 3.3599999999999994 3 2.9750000000000014 0 0 F 0 F 1
#
-1795 point $-1 60 3.3599999999999994 3 #
-1796 coedge $-1 $1988 $1595 $1989 $1990 forward $1351 $-1 #
-1797 coedge $-1 $1595 $1991 $1992 $1993 forward $1351 $-1 #
-1798 coedge $-1 $1994 $1995 $1595 $1799 reversed $1970 $-1 #
-1799 edge $1996 $1997 0 $1998 1 $1798 $1999 forward 7 unknown #
-1800 face $-1 $1552 $2000 $3 $-1 $2001 forward single #
-1801 loop $-1 $-1 $2002 $1596 #
-1802 spline-surface $-1 forward { exactsur full nurbs 3 3 both open open none
none 2 7 0 3 1 3 -0.025463564233724163 3 0 1 0.27382885219085351 1
0.53659042739547869 1 0.78094917576945722 1 1 1 1.0251695178748264 3
41.333586832202208 14.856060994295099 3.0024344400628151 1.0740780767567724
42.243472088381935 14.277982652824605 2.9546067290962656 0.97530730774774266
43.051511209040676 13.771687850203646 3.4596715698167411 0.97530730774774266
43.53478563621519 13.476851144778522 4.3782937207825308 1.0740780767567724
41.313900651624323 14.837525624875038 3.0030113698681995 1.0740780767567724
42.223755279709323 14.259610465971926 2.9526930772919515 0.97530730774774266
43.031767200566129 13.751100967413505 3.4555758720439353 0.97530730774774266
43.51502536000266 13.452282668886056 4.3729264866813073 1.0740780767567724
41.082511878805178 14.619643285076227 3.0084031696578921 1.0740780767567726
41.99219594066308 14.044104053872108 2.9288247756949017 0.97530730774774288
42.800056387272733 13.509975451126031 3.405895563237642 0.97530730774774288
43.283223952543537 13.164610711164102 4.3080031767868876 1.0740780767567726
40.648387637392993 14.209917970336976 2.9877522681502513 1.0740780767567724
41.561707720644065 13.64910512089574 2.8537280764109481 0.97530730774774266
42.372797198067559 13.076090605287389 3.2788582311067267 0.97530730774774266
42.857895991637797 12.648955345890123 4.1458595480345739 1.0740780767567724
40.05770098733899 13.637946002342481 2.8792709405748456 1.0740780767567724
40.98619058838058 13.12420402731221 2.6774068833740055 0.97530730774774266
41.810751614807657 12.520916559435356 3.0272714570999479 0.97530730774774266
42.303907512249992 11.99451610047838 3.8323454410077353 1.0740780767567724
39.535187778720413 13.106011437746467 2.7025710714542059 1.0740780767567721
40.487348992654205 12.661305572318861 2.452217653245981 0.97530730774774244
41.332931998650757 12.052740923291854 2.7356463148966368 0.97530730774774244
41.838660783809516 11.448205839781382 3.4746659058476408 1.0740780767567721
39.212065424004791 12.749241779968395 2.5311188021504547 1.0740780767567726
40.186387061123234 12.368456414306296 2.2639016387307209 0.97530730774774288
41.051650008894782 11.772307832741838 2.5102047861198993 0.97530730774774288
41.569149031836581 11.125259090016527 3.2020791301797669 1.0740780767567726
39.062758495072572 12.572039964505178 2.4295534634197984 1.0740780767567724
40.049663867218626 12.22833108455678 2.1607725555495931 0.97530730774774266
40.926102015508341 11.643174809541348 2.3927141914756276 0.97530730774774266
41.450284735428276 10.978001681216851 3.0613912526409277 1.0740780767567724
39.04750612369773 12.553790772276869 2.4189149057950399 1.0740780767567724
40.035725141648761 12.213955918350708 2.1500505872160889 0.97530730774774266
40.913329895501001 11.629982126082965 2.380560713378967 0.97530730774774266
41.438210342326165 10.962973718683285 3.0468530848388511 1.0740780767567724 0 0
0 0 0 0 0 F 0 F 1.0000000000000002 F -0.025463564233724163 F 1.0251695178748264
} I I I I #
-1803 coedge $-1 $1602 $1599 $2003 $2004 reversed $1354 $-1 #
-1804 coedge $-1 $1599 $1602 $1815 $2005 reversed $1354 $-1 #
-1805 coedge $-1 $2006 $2007 $1599 $1806 forward $2000 $-1 #
-1806 edge $2008 $2009 0 $2010 1 $1805 $2011 forward 7 unknown #
-1807 coedge $-1 $1601 $1600 $1607 $1821 reversed $1063 $-1 #
-1808 coedge $-1 $2003 $2012 $1600 $1809 forward $1221 $-1 #
-1809 edge $2013 $2014 0 $1812 0.52698572596206528 $1600 $2015 forward 7
unknown #
-1810 ptlist-eye-attrib $-1 $-1 $-1 $1603 #
-1811 vertex $-1 $1606 $2016 #
-1812 vertex $-1 $2004 $2017 #
-1813 straight-curve $-1 39.2294060409724 0.24178686231829688
2.4166059476465707 -31.829406040972398 3.1086244689504383e-15
-8.8817841970012523e-16 F 0 F 1 #
-1814 coedge $-1 $2018 $1604 $1608 $1823 reversed $1597 $-1 #
-1815 coedge $-1 $1604 $2018 $1804 $2005 forward $1597 $-1 #
-1816 ptlist-eye-attrib $-1 $-1 $-1 $1605 #
-1817 ellipse-curve $-1 39.2294060409724 1.700284765937879 4.923154144896583
0.40701822100059648 -0.78949356974530749 0.45938662486441723
7.1054273576010019e-15 -1.4584979036195804 -2.5065481972500128 1 F 0 F
0.96040992282802973 #
-1818 ptlist-eye-attrib $-1 $-1 $-1 $1606 #
-1819 intcurve-curve $-1 forward { exactcur full nubs 3 open 5 0 3
0.67706654049007564 1 1.4384934129898301 1 2.2704913825776214 1
3.1403131223179748 3 39.229406040972407 0.24178686231829688 2.4166059476465711
39.36496239813048 0.085824505030696024 2.5073565549546997 39.669811330383766
-0.24706728951250084 2.6732005475124825 40.188640883236992 -0.76900775157584889
2.8558070560521189 40.775963027752105 -1.3325365551446242 2.9731998027110431
41.187611036414495 -1.7234395480786693 3 41.400000000000006 -1.9208134775314245
3 0 null_surface null_surface nullbs nullbs I I 0 0 0 I I } I I #
-1820 coedge $-1 $2019 $1607 $2012 $2020 forward $1609 $-1 #
-1821 edge $2021 $1612 0 $2014 1 $1807 $2022 forward 7 unknown #
-1822 coedge $-1 $1608 $2023 $2024 $2025 forward $1609 $-1 #
-1823 edge $2026 $2027 0 $1611 9.3994304681242404 $1814 $2028 forward 7 unknown
#
-1824 loop $-1 $-1 $1967 $1618 #
-1825 point $-1 41.399999999999999 1.7002847659378784 3.0000000000000004 #
-1826 point $-1 41.400000000000006 -1.9208134775314245 3 #
-1827 plane-surface $-1 0 0 3 0 0 1 1 0 0 forward_v F 5.9716987155885501 F
80.243365504983942 F -6.823199999999999 F 17.263200000000001 #
-1828 coedge $-1 $2029 $2030 $2031 $2032 forward $1619 $-1 #
-1829 coedge $-1 $2031 $1621 $2033 $2034 reversed $1368 $-1 #
-1830 coedge $-1 $1621 $2031 $1720 $1945 forward $1368 $-1 #
-1831 coedge $-1 $1623 $1622 $1621 $1832 reversed $1072 $-1 #
-1832 edge $2035 $1947 0 $2036 1 $1621 $2037 forward 7 unknown #
-1833 coedge $-1 $1626 $2033 $1622 $1834 forward $1609 $-1 #
-1834 edge $2038 $2036 0 $1836 0.89692898974427515 $1833 $2039 forward 7
unknown #
-1835 ptlist-eye-attrib $-1 $-1 $-1 $1625 #
-1836 vertex $-1 $1625 $2040 #
-1837 straight-curve $-1 49.692704382523502 16.799999999999997 6 0 0 -3 F 0 F 1
#
-1838 coedge $-1 $2023 $1626 $1628 $1842 forward $1609 $-1 #
-1839 ptlist-eye-attrib $-1 $-1 $-1 $1627 #
-1840 straight-curve $-1 49.692704382523502 16.799999999999997 3
-42.292704382523503 0 0 F 0 F 1 #
-1841 coedge $-1 $1628 $2003 $2007 $2041 forward $1221 $-1 #
-1842 edge $2042 $1630 0 $2043 1 $1838 $2044 forward 7 unknown #
-1843 point $-1 7.3999999999999986 16.799999999999997 3 #
-1844 loop $-1 $-1 $2045 $1632 #
-1845 cone-surface $-1 -7 -2.1000000000000001 13 -1 0 0 0 0 1.575 1 I I 0 1 1
forward I I I I #
-1846 coedge $-1 $1689 $2046 $2047 $2048 forward $1633 $-1 #
-1847 coedge $-1 $2049 $1635 $2050 $2051 forward $1077 $-1 #
-1848 coedge $-1 $2052 $2053 $1635 $1849 forward $2054 $-1 #
-1849 edge $2055 $2056 0 $1857 2.3772523729127384 $1848 $2057 forward 7 unknown
#
-1850 coedge $-1 $1636 $2058 $2059 $2060 forward $1077 $-1 #
-1851 coedge $-1 $2061 $2062 $1636 $1852 forward $2063 $-1 #
-1852 edge $2064 $1858 0 $2065 2.2264498890112225 $1851 $2066 forward 7 unknown
#
-1853 coedge $-1 $2067 $1637 $2062 $2068 forward $1855 $-1 #
-1854 coedge $-1 $1637 $2067 $2052 $2069 reversed $1855 $-1 #
-1855 loop $-1 $-1 $1853 $2070 #
-1856 ptlist-eye-attrib $-1 $-1 $-1 $1638 #
-1857 vertex $-1 $1849 $2071 #
-1858 vertex $-1 $1852 $2072 #
-1859 straight-curve $-1 51.841860321395529 -6.3599999999999994 6
12.958139678604482 0 0 F 0 F 1 #
-1860 coedge $-1 $1639 $1944 $1932 $2073 reversed $769 $-1 #
-1861 coedge $-1 $1933 $1927 $1639 $1862 forward $2074 $-1 #
-1862 edge $2075 $1864 0 $2076 1.2000417510185348 $1861 $2077 forward 7 unknown
#
-1863 ptlist-eye-attrib $-1 $-1 $-1 $1640 #
-1864 vertex $-1 $1640 $2078 #
-1865 ellipse-curve $-1 1.8 1.6400000000000006 6 0 0 1 0 -10 0 1 F 0 F
0.37075457577636184 #
-1866 coedge $-1 $1916 $1644 $1692 $1920 forward $805 $-1 #
-1867 coedge $-1 $1874 $1688 $1644 $1868 reversed $1633 $-1 #
-1868 edge $2079 $1870 0 $1694 0.70748321177933948 $1644 $2080 forward 7
unknown #
-1869 ptlist-eye-attrib $-1 $-1 $-1 $1646 #
-1870 vertex $-1 $1875 $2081 #
-1871 straight-curve $-1 -7 9.5999999999999996 19 0 -11.209615361854389 0 F 0 F
1 #
-1872 point $-1 4.9999999999999982 13.000000000000009 19 #
-1873 coedge $-1 $1655 $1697 $2082 $2083 reversed $1397 $-1 #
-1874 coedge $-1 $2046 $1867 $1655 $1875 reversed $1633 $-1 #
-1875 edge $2084 $2085 0 $1870 1 $1655 $2086 forward 7 unknown #
-1876 face $-1 $2087 $2088 $3 $-1 $2089 reversed single #
-1877 plane-surface $-1 -7 17 0 -1 0 0 0 -1 0 forward_v F -0.37219230723708779
F 18.981807669091477 F 0.64000000000000001 F 19.359999999999999 #
-1878 coedge $-1 $2090 $2090 $2091 $2092 forward $1663 $-1 #
-1879 face $-1 $2093 $2094 $3 $-1 $2095 reversed single #
-1880 plane-surface $-1 5 18 6 -1 0 0 0 -1 0 forward_v F -0.14867420965898923 F
6.2554663118032083 F -0.26000000000000001 F 13.26 #
-1881 ptlist-eye-attrib $-1 $-1 $-1 $1667 #
-1882 straight-curve $-1 4.9999999999999982 13 15.321637353248782
8.8817841970012523e-16 1.7763568394002505e-15 3.6783626467512178 F 0 F 1 #
-1883 face $-1 $2096 $2097 $3 $-1 $2098 reversed single #
-1884 loop $-1 $-1 $2099 $1669 #
-1885 torus-surface $-1 2.6000000000000001 2.4000000000000004 9 0 0 1
8.3000000000000007 1 -0.7446607420442648 -0.66744316556399386 0 forward_v I I I
I #
-1886 coedge $-1 $2100 $2101 $2102 $2103 forward $1670 $-1 #
-1887 coedge $-1 $1672 $1911 $2101 $2104 reversed $1422 $-1 #
-1888 coedge $-1 $2105 $1906 $1672 $1889 forward $2097 $-1 #
-1889 edge $2106 $1913 0 $2107 1 $1888 $2108 forward 7 unknown #
-1890 coedge $-1 $1673 $1673 $2109 $2110 forward $1424 $-1 #
-1891 coedge $-1 $2111 $2112 $1673 $1892 reversed $2113 $-1 #
-1892 edge $2114 $2115 0 $2116 3.1415926535897931 $1891 $2117 forward 7 unknown
#
-1893 coedge $-1 $2118 $1674 $2119 $2120 reversed $1118 $-1 #
-1894 coedge $-1 $2121 $2122 $1674 $1895 forward $2123 $-1 #
-1895 edge $2124 $2125 0 $1903 1 $1674 $2126 forward 7 unknown #
-1896 coedge $-1 $1675 $1909 $2127 $2128 reversed $1118 $-1 #
-1897 coedge $-1 $2129 $2130 $1675 $1898 reversed $2131 $-1 #
-1898 edge $2132 $2133 0 $1902 2.6090885552879399 $1675 $2134 forward 7 unknown
#
-1899 coedge $-1 $1942 $1676 $2130 $2135 reversed $1749 $-1 #
-1900 coedge $-1 $1676 $1958 $2121 $2136 reversed $1749 $-1 #
-1901 ptlist-eye-attrib $-1 $-1 $-1 $1677 #
-1902 vertex $-1 $1898 $2137 #
-1903 vertex $-1 $2136 $2138 #
-1904 ellipse-curve $-1 4.9999999999999982 6.4000000000000021 13 1 0 0 0 -3.25
0 1 F 0 F 2.6090885552879386 #
-1905 coedge $-1 $2139 $1678 $2140 $2141 reversed $1120 $-1 #
-1906 coedge $-1 $1888 $2142 $1678 $1907 forward $2097 $-1 #
-1907 edge $2143 $2144 0 $1913 0.87337620600233035 $1906 $2145 forward 7
unknown #
-1908 coedge $-1 $1679 $2146 $2147 $2148 forward $1120 $-1 #
-1909 coedge $-1 $1896 $2149 $1679 $1910 forward $1118 $-1 #
-1910 edge $2150 $1914 0 $2151 1 $1909 $2152 forward 7 unknown #
-1911 coedge $-1 $1887 $1680 $2149 $2153 forward $1422 $-1 #
-1912 ptlist-eye-attrib $-1 $-1 $-1 $1681 #
-1913 vertex $-1 $1907 $2154 #
-1914 vertex $-1 $1910 $2155 #
-1915 ellipse-curve $-1 2.9999999999999987 -4.8890328576567699 19 0 0 1
0.10958904109588863 -1.9969953034676076 0 1 F 0 F 1.5159743495954805 #
-1916 coedge $-1 $1682 $1866 $2156 $2157 forward $805 $-1 #
-1917 ptlist-eye-attrib $-1 $-1 $-1 $1684 #
-1918 straight-curve $-1 7.4000000000000021 14 19 -2.4000000000000021 0 0 F 0 F
1 #
-1919 point $-1 5 14 19 #
-1920 edge $2158 $1694 0 $2159 1.2340676907919159 $1866 $2160 forward 7 unknown
#
-1921 point $-1 -5.8000000000000034 -4.8592307237087633 19 #
-1922 coedge $-1 $2047 $2161 $1697 $1923 forward $2088 $-1 #
-1923 edge $2162 $2163 0 $1925 1.2541774089237387 $1922 $2164 forward 7 unknown
#
-1924 ptlist-eye-attrib $-1 $-1 $-1 $1698 #
-1925 vertex $-1 $1698 $2165 #
-1926 straight-curve $-1 -6.999999999019856 -1.6096152597780948
0.99999999754965119 -9.80143965989555e-10 -1.0207629097536142e-07
10.50328763640576 F 0 F 1 #
-1927 coedge $-1 $1861 $2156 $1701 $1928 reversed $2074 $-1 #
-1928 edge $2166 $1864 0 $2159 1 $1927 $2167 forward 7 unknown #
-1929 ptlist-eye-attrib $-1 $-1 $-1 $1709 #
-1930 ellipse-curve $-1 5 14 15 -1 0 0 0 0 4 1 F 0 F 1.5707963267948948 #
-1931 cone-surface $-1 225.56509479311217 14 15 -1 0 0 0 0 4 1 I I 0 1 1
forward I I I I #
-1932 coedge $-1 $2168 $1712 $1860 $2073 forward $1221 $-1 #
-1933 coedge $-1 $2156 $1861 $1712 $1934 forward $2074 $-1 #
-1934 edge $2169 $2076 0 $1936 1 $1933 $2170 forward 7 unknown #
-1935 ptlist-eye-attrib $-1 $-1 $-1 $1713 #
-1936 vertex $-1 $1934 $2171 #
-1937 straight-curve $-1 7.3999999999999995 -4.791174076325408 19
2.6645352591003757e-15 18.791174076325408 0 F 0 F 1 #
-1938 point $-1 7.4000000000000057 14 19 #
-1939 loop $-1 $-1 $2172 $1492 #
-1940 coedge $-1 $2173 $2173 $2174 $2175 reversed $1717 $-1 #
-1941 coedge $-1 $1718 $1718 $2176 $2177 reversed $1491 $-1 #
-1942 coedge $-1 $1958 $1899 $1718 $1943 forward $1749 $-1 #
-1943 edge $2178 $2179 0 $2180 3.1415926535897931 $1942 $2181 forward 7 unknown
#
-1944 coedge $-1 $1860 $1720 $2030 $2182 reversed $769 $-1 #
-1945 edge $2183 $2184 0 $1947 2.2446636638455235 $1830 $2185 forward 7 unknown
#
-1946 ptlist-eye-attrib $-1 $-1 $-1 $1721 #
-1947 vertex $-1 $1945 $2186 #
-1948 ellipse-curve $-1 49.692704382523509 15.5 6 0 0 1 1.0158385226919933
0.81121642969983654 0 1 F 0 F 0.89692898974427515 #
-1949 point $-1 49.692704382523509 16.800000000000001 6 #
-1950 point $-1 19.474801572172595 46.134970771209609 3 #
-1951 ptlist-eye-attrib $-1 $-1 $-1 $1735 #
-1952 ellipse-curve $-1 19.131961245968608 45.195577078060495
2.9999999999999929 1.5319745856741742e-16 -1.0213163904494494e-16 1
0.34284032620399429 0.93939369314912113 0 1 F 0 F 2.5184370161830651 #
-1953 coedge $-1 $1744 $1743 $2187 $1965 forward $1745 $-1 #
-1954 face $-1 $1753 $1745 $3 $-1 $2188 reversed single #
-1955 face $-1 $2189 $2113 $3 $-1 $2190 reversed single #
-1956 loop $-1 $-1 $2191 $1748 #
-1957 cone-surface $-1 7.4000000000000004 -2.1000000000000001 13 1 0 0 0 1.575
0 1 I I 0 1 1 forward I I I I #
-1958 coedge $-1 $1900 $1942 $2192 $2193 forward $1749 $-1 #
-1959 coedge $-1 $2187 $2187 $1751 $1960 reversed $2194 $-1 #
-1960 edge $2195 $1962 0 $1755 3.1415926535897931 $1751 $2196 forward 7 unknown
#
-1961 ptlist-eye-attrib $-1 $-1 $-1 $1752 #
-1962 vertex $-1 $1965 $2197 #
-1963 straight-curve $-1 -1.2999999978880605 -5.9290576582814594e-08
1.0000000052798357 -2.1119392901169931e-09 5.9290576742018678e-08
4.5999999947201644 F 0 F 1 #
-1964 cone-surface $-1 0 0 0 0 0 1 1.3 0 0 1 I I 0 1 1 forward I I I I #
-1965 edge $2198 $1755 0 $1962 3.1415926535897931 $1953 $2199 forward 7 unknown
#
-1966 point $-1 1.3 -2.3933680611336455e-16 5.6000000000000005 #
-1967 coedge $-1 $1761 $1761 $1757 $1968 reversed $1824 $-1 #
-1968 edge $2200 $1767 0 $1764 3.1415926535897931 $1757 $2201 forward 7 unknown
#
-1969 face $-1 $2202 $2203 $3 $-1 $2204 reversed single #
-1970 loop $-1 $-1 $2205 $1758 #
-1971 plane-surface $-1 75.387464285654048 16.800000000000001 6 0 1 0 -1 0 0
forward_v F 0.37633091896758619 F 20.254781150266947 F -3.148674209658989 F
0.14867420965898923 #
-1972 coedge $-1 $2059 $1992 $2061 $2206 reversed $1759 $-1 #
-1973 ptlist-eye-attrib $-1 $-1 $-1 $1762 #
-1974 ellipse-curve $-1 45 0 3 0 0 1 1.625 -1.9900510486144489e-16 0 1 F 0 F
3.1415926535897931 #
-1975 point $-1 46.625 -1.9900510486144489e-16 3 #
-1976 point $-1 43.375 3.9801020972288977e-16 3 #
-1977 ptlist-eye-attrib $-1 $-1 $-1 $1771 #
-1978 ellipse-curve $-1 70 0 3 0 0 1 -1.625 1.9900510486144489e-16 0 1 F 0 F
3.1415926535897931 #
-1979 coedge $-1 $1778 $1787 $1776 $1980 reversed $747 $-1 #
-1980 edge $2207 $1781 0 $1790 1 $1776 $2208 forward 7 unknown #
-1981 plane-surface $-1 59 12.52 0 -1 0 0 0 -1 0 forward_v F
0.85132579034100986 F 8.3086742096589887 F -0.14867420965898923 F
3.148674209658989 #
-1982 ptlist-eye-attrib $-1 $-1 $-1 $1779 #
-1983 ellipse-curve $-1 60 11.52 3 0 0 -1 -1 0 0 1 F 0 F 1.5707963267948966 #
-1984 point $-1 59 11.519999999999998 3 #
-1985 ptlist-eye-attrib $-1 $-1 $-1 $1788 #
-1986 ellipse-curve $-1 60 4.3599999999999994 3 0 0 -1 0 -1 0 1 F 0 F
1.5707963267948966 #
-1987 point $-1 59 4.3599999999999994 3 #
-1988 coedge $-1 $2209 $1796 $2210 $2211 forward $1351 $-1 #
-1989 coedge $-1 $2212 $2213 $1796 $1990 reversed $2203 $-1 #
-1990 edge $2214 $1998 0 $2215 2.0263950001907229 $1989 $2216 forward 7 unknown
#
-1991 coedge $-1 $1797 $2217 $2218 $2219 forward $1351 $-1 #
-1992 coedge $-1 $1972 $2220 $1797 $1993 reversed $1759 $-1 #
-1993 edge $2221 $2222 0 $1997 0.91514276457854848 $1992 $2223 forward 7
unknown #
-1994 coedge $-1 $2205 $1798 $2220 $2224 reversed $1970 $-1 #
-1995 coedge $-1 $1798 $2205 $2212 $2225 forward $1970 $-1 #
-1996 ptlist-eye-attrib $-1 $-1 $-1 $1799 #
-1997 vertex $-1 $1993 $2226 #
-1998 vertex $-1 $1990 $2227 #
-1999 straight-curve $-1 74.628855477623006 16.799999999999997 3
-19.113894453172456 0 0 F 0 F 1 #
-2000 loop $-1 $-1 $2228 $1800 #
-2001 cone-surface $-1 -138.6078562141978 14.720813477531426
-1.2999999999999998 1 0 0 0 0 4.2999999999999998 1 I I 0 1 1 forward I I I I #
-2002 coedge $-1 $2024 $2229 $2018 $2230 forward $1801 $-1 #
-2003 coedge $-1 $1841 $1808 $1803 $2004 forward $1221 $-1 #
-2004 edge $2231 $1812 0 $2009 1.0539714519241299 $1803 $2232 forward 7 unknown
#
-2005 edge $2233 $2010 0 $1811 13.014408326377364 $1815 $2234 forward 7 unknown
#
-2006 coedge $-1 $2228 $1805 $2229 $2235 reversed $2000 $-1 #
-2007 coedge $-1 $1805 $2228 $1841 $2041 reversed $2000 $-1 #
-2008 ptlist-eye-attrib $-1 $-1 $-1 $1806 #
-2009 vertex $-1 $2041 $2236 #
-2010 vertex $-1 $2005 $2237 #
-2011 straight-curve $-1 7.4000000000000004 12.558213137681706
2.4166059476465733 31.829406040972408 -1.7763568394002505e-15
-1.7763568394002505e-15 F 0 F 1 #
-2012 coedge $-1 $1808 $2168 $1820 $2020 reversed $1221 $-1 #
-2013 ptlist-eye-attrib $-1 $-1 $-1 $1809 #
-2014 vertex $-1 $1809 $2238 #
-2015 ellipse-curve $-1 7.4000000000000057 -1.9208134775314245
-1.2999999999999998 -1 0 0 0 -4.4408920985006262e-16 4.2999999999999998 1 F 0 F
0.52698572596206528 #
-2016 point $-1 39.229406040972407 0.24178686231829688 2.4166059476465711 #
-2017 point $-1 7.4000000000000004 0.24178686231829971 2.4166059476465698 #
-2018 coedge $-1 $1815 $1814 $2002 $2230 reversed $1597 $-1 #
-2019 coedge $-1 $2033 $1820 $2029 $2239 forward $1609 $-1 #
-2020 edge $2240 $2014 0 $2241 1 $1820 $2242 forward 7 unknown #
-2021 ptlist-eye-attrib $-1 $-1 $-1 $1821 #
-2022 straight-curve $-1 41.400000000000006 -1.9208134775314245 3
-34.000000000000007 0 0 F 0 F 1 #
-2023 coedge $-1 $1822 $1838 $2228 $2243 forward $1609 $-1 #
-2024 coedge $-1 $2229 $2002 $1822 $2025 reversed $1801 $-1 #
-2025 edge $2244 $2245 0 $2027 3.6210982437399259 $2024 $2246 forward 7 unknown
#
-2026 ptlist-eye-attrib $-1 $-1 $-1 $1823 #
-2027 vertex $-1 $1823 $2247 #
-2028 intcurve-curve $-1 forward { exactcur full nubs 3 open 6 0 3
1.7389426281742431 1 3.6522232878166854 1 5.6999385316243583 1
7.6556668562775645 1 9.3994304681242404 3 41.399999999999999 11.099715234062119
2.9999999999999991 41.399999999999999 10.520067691337371 2.9999999999999991
41.400000000000006 9.3026599287318099 3 41.399999999999991 7.4026804181903563 3
41.399999999999999 5.4304390088225833 3 41.399999999999991 3.5147032820533974
2.9999999999999991 41.399999999999999 2.2815393032201037 3.0000000000000004
41.399999999999999 1.7002847659378784 3.0000000000000004 0 null_surface
null_surface nullbs nullbs I I 0 0 0 I I } I I #
-2029 coedge $-1 $2248 $1828 $2019 $2239 reversed $1619 $-1 #
-2030 coedge $-1 $1828 $2248 $1944 $2182 forward $1619 $-1 #
-2031 coedge $-1 $1830 $1829 $1828 $2032 reversed $1368 $-1 #
-2032 edge $2249 $2184 0 $2250 1 $1828 $2251 forward 7 unknown #
-2033 coedge $-1 $1833 $2019 $1829 $2034 forward $1609 $-1 #
-2034 edge $2252 $2250 0 $2036 2.2446636638455235 $2033 $2253 forward 7 unknown
#
-2035 ptlist-eye-attrib $-1 $-1 $-1 $1832 #
-2036 vertex $-1 $1832 $2254 #
-2037 straight-curve $-1 50.708542905215495 16.311216429699844 6 0 0 -3 F 0 F 1
#
-2038 ptlist-eye-attrib $-1 $-1 $-1 $1834 #
-2039 ellipse-curve $-1 49.692704382523509 15.5 3 0 0 1 1.0158385226919933
0.81121642969983654 0 1 F 0 F 0.89692898974427515 #
-2040 point $-1 49.692704382523502 16.799999999999997 3 #
-2041 edge $2255 $2009 0 $2043 0.52698572596206372 $2007 $2256 forward 7
unknown #
-2042 ptlist-eye-attrib $-1 $-1 $-1 $1842 #
-2043 vertex $-1 $1842 $2257 #
-2044 straight-curve $-1 7.3999999999999995 16.799999999999997 3
2.6645352591003757e-15 -2.0791865224685733 0 F 0 F 1 #
-2045 coedge $-1 $2258 $2082 $2161 $2259 forward $1844 $-1 #
-2046 coedge $-1 $1846 $1874 $2260 $2261 forward $1633 $-1 #
-2047 coedge $-1 $2262 $1922 $1846 $2048 reversed $2088 $-1 #
-2048 edge $2263 $2264 0 $1925 3.0046723909617832 $2047 $2265 forward 7 unknown
#
-2049 coedge $-1 $2058 $1847 $2266 $2267 reversed $1077 $-1 #
-2050 coedge $-1 $2268 $2269 $1847 $2051 reversed $2270 $-1 #
-2051 edge $2271 $2056 0 $2272 1.2620547195136094 $2050 $2273 forward 7 unknown
#
-2052 coedge $-1 $2274 $1848 $1854 $2069 forward $2054 $-1 #
-2053 coedge $-1 $1848 $2274 $2268 $2275 reversed $2054 $-1 #
-2054 loop $-1 $-1 $2052 $2276 #
-2055 ptlist-eye-attrib $-1 $-1 $-1 $1849 #
-2056 vertex $-1 $2051 $2277 #
-2057 ellipse-curve $-1 51.841860321395529 -4.96 6 0 0 1 -0.96888531321567939
1.0105747126437272 0 1 F 0 F 2.3772523729127384 #
-2058 coedge $-1 $1850 $2049 $2205 $2278 reversed $1077 $-1 #
-2059 coedge $-1 $2220 $1972 $1850 $2060 reversed $1759 $-1 #
-2060 edge $2279 $2280 0 $2065 0.91514276457858756 $2059 $2281 forward 7
unknown #
-2061 coedge $-1 $2218 $1851 $1972 $2206 forward $2063 $-1 #
-2062 coedge $-1 $1851 $2218 $1853 $2068 reversed $2063 $-1 #
-2063 loop $-1 $-1 $2218 $2282 #
-2064 ptlist-eye-attrib $-1 $-1 $-1 $1852 #
-2065 vertex $-1 $1852 $2283 #
-2066 ellipse-curve $-1 64.799999999999997 7.6399999999999997 6 0 0 1
1.4210854715202004e-14 -14 0 1 F 0 F 2.2264498890112225 #
-2067 coedge $-1 $1854 $1853 $2217 $2284 reversed $1855 $-1 #
-2068 edge $2285 $1858 0 $2286 1 $2062 $2287 forward 7 unknown #
-2069 edge $2288 $1857 0 $2289 1 $1854 $2290 forward 7 unknown #
-2070 face $-1 $2282 $1855 $3 $-1 $2291 reversed single #
-2071 point $-1 51.841860321395529 -6.3599999999999994 6 #
-2072 point $-1 64.800000000000011 -6.3599999999999994 6 #
-2073 edge $2292 $2076 0 $2293 1 $1932 $2294 forward 7 unknown #
-2074 loop $-1 $-1 $1933 $2189 #
-2075 ptlist-eye-attrib $-1 $-1 $-1 $1862 #
-2076 vertex $-1 $1862 $2295 #
-2077 ellipse-curve $-1 4.2999999999999989 -4.7911740763254107 6 0 0 1
1.1231884057971007 -2.8893680632766339 0 1 F 0 F 1.2000417510185348 #
-2078 point $-1 5.4231884057971005 -7.6805421396020446 6 #
-2079 ptlist-eye-attrib $-1 $-1 $-1 $1868 #
-2080 ellipse-curve $-1 -2.0000000000000009 -1.6096153618543825 19 0 0 1 -5
-1.354472090042691e-14 0 1 F 0 F 0.70748321177933948 #
-2081 point $-1 -7 -1.6096153618543898 19 #
-2082 coedge $-1 $2045 $2260 $1873 $2083 forward $1844 $-1 #
-2083 edge $2296 $2085 0 $2163 1.254177408923739 $1873 $2297 forward 7 unknown
#
-2084 ptlist-eye-attrib $-1 $-1 $-1 $1875 #
-2085 vertex $-1 $2261 $2298 #
-2086 straight-curve $-1 -7 -1.6096153618543836 14.496712366044587 0
-6.4392935428259079e-15 4.5032876339554129 F 0 F 1 #
-2087 face $-1 $2299 $2300 $3 $-1 $2301 reversed single #
-2088 loop $-1 $-1 $2047 $1876 #
-2089 cone-surface $-1 -7 -2.1000000000000001 13 -1 0 0 0 0 1.575 1 I I 0 1 1
forward I I I I #
-2090 coedge $-1 $1878 $1878 $2302 $2303 forward $1663 $-1 #
-2091 coedge $-1 $2304 $2305 $1878 $2092 reversed $2306 $-1 #
-2092 edge $2307 $2308 0 $2309 3.1415926535897931 $2091 $2310 forward 7 unknown
#
-2093 face $-1 $1098 $2306 $3 $-1 $2311 reversed single #
-2094 loop $-1 $-1 $2312 $1879 #
-2095 cone-surface $-1 7.4000000000000004 14.9 13 1 0 0 0 1.575 0 1 I I 0 1 1
forward I I I I #
-2096 face $-1 $2313 $2314 $3 $-1 $2315 forward single #
-2097 loop $-1 $-1 $2142 $1883 #
-2098 cone-surface $-1 2.6000000000000001 2.4000000000000004 19 0 0 1
9.3000000000000007 0 0 1 I I 0 1 1 forward I I I I #
-2099 coedge $-1 $2316 $2317 $2318 $2319 forward $1884 $-1 #
-2100 coedge $-1 $2318 $1886 $2320 $2321 reversed $1670 $-1 #
-2101 coedge $-1 $1886 $2318 $1887 $2104 forward $1670 $-1 #
-2102 coedge $-1 $2322 $2323 $1886 $2103 reversed $2324 $-1 #
-2103 edge $2325 $2326 0 $2327 1.5707963267948966 $2102 $2328 forward 7 unknown
#
-2104 edge $2329 $2107 0 $2326 1.5159743495954821 $2101 $2330 forward 7 unknown
#
-2105 coedge $-1 $2142 $1888 $2317 $2331 reversed $2097 $-1 #
-2106 ptlist-eye-attrib $-1 $-1 $-1 $1889 #
-2107 vertex $-1 $2104 $2332 #
-2108 straight-curve $-1 3.1095890410958864 -6.8860281611243774 19
-3.7854368528655868e-09 -2.0773338604840319e-10 -10 F 0 F 1 #
-2109 coedge $-1 $2333 $2191 $1890 $2110 reversed $1956 $-1 #
-2110 edge $2334 $2116 0 $2115 3.1415926535897931 $2109 $2335 forward 7 unknown
#
-2111 coedge $-1 $2174 $1891 $2191 $2336 reversed $2113 $-1 #
-2112 coedge $-1 $1891 $2174 $2333 $2337 forward $2113 $-1 #
-2113 loop $-1 $-1 $2112 $1955 #
-2114 ptlist-eye-attrib $-1 $-1 $-1 $1892 #
-2115 vertex $-1 $2110 $2338 #
-2116 vertex $-1 $2110 $2339 #
-2117 ellipse-curve $-1 4.9999999999999982 -2.1000000000000001 13 1 0 0 0
-1.5749999999999997 0 1 F 0 F 3.1415926535897931 #
-2118 coedge $-1 $2149 $1893 $2322 $2340 reversed $1118 $-1 #
-2119 coedge $-1 $2341 $2342 $1893 $2120 forward $2343 $-1 #
-2120 edge $2344 $2345 0 $2125 1.5707963267949072 $2119 $2346 forward 7 unknown
#
-2121 coedge $-1 $2347 $1894 $1900 $2136 forward $2123 $-1 #
-2122 coedge $-1 $1894 $2348 $2341 $2349 reversed $2123 $-1 #
-2123 loop $-1 $-1 $2127 $2350 #
-2124 ptlist-eye-attrib $-1 $-1 $-1 $1895 #
-2125 vertex $-1 $1895 $2351 #
-2126 straight-curve $-1 5 9.1999999999999957 10.000000000000004 0
3.5527136788005009e-15 1.3499999999999908 F 0 F 1 #
-2127 coedge $-1 $2147 $2347 $1896 $2128 forward $2123 $-1 #
-2128 edge $2352 $2133 0 $2151 1 $1896 $2353 forward 7 unknown #
-2129 coedge $-1 $2192 $1897 $2347 $2354 reversed $2131 $-1 #
-2130 coedge $-1 $1897 $2176 $1899 $2135 forward $2131 $-1 #
-2131 loop $-1 $-1 $2130 $2355 #
-2132 ptlist-eye-attrib $-1 $-1 $-1 $1898 #
-2133 vertex $-1 $2354 $2356 #
-2134 ellipse-curve $-1 4.9999999999999982 6.4000000000000021 13 1 0 0 0
2.7999999999999972 1.6500000000000075 1 F 0 F 2.6090885552879399 #
-2135 edge $2357 $2179 0 $1902 1 $1899 $2358 forward 7 unknown #
-2136 edge $2359 $1903 0 $2360 1.7320162271220743 $1900 $2361 forward 7 unknown
#
-2137 point $-1 4.9999999999999982 3.1500000000000012 13 #
-2138 point $-1 4.9999999999999982 9.1999999999999957 11.349999999999989 #
-2139 coedge $-1 $2362 $1905 $2363 $2364 reversed $1120 $-1 #
-2140 coedge $-1 $2365 $2366 $1905 $2141 forward $2367 $-1 #
-2141 edge $2368 $2369 0 $2144 0.75224209799197905 $1905 $2370 forward 7
unknown #
-2142 coedge $-1 $1906 $2105 $2365 $2371 reversed $2097 $-1 #
-2143 ptlist-eye-attrib $-1 $-1 $-1 $1907 #
-2144 vertex $-1 $2371 $2372 #
-2145 ellipse-curve $-1 2.6000000000000001 2.4000000000000004 19 0 0 1
-6.790476190476193 -6.3544813404853064 0 1 F 0 F 0.87337620600233035 #
-2146 coedge $-1 $1908 $2362 $2373 $2374 reversed $1120 $-1 #
-2147 coedge $-1 $2348 $2127 $1908 $2148 reversed $2123 $-1 #
-2148 edge $2375 $2376 0 $2151 1.5707963267948966 $1908 $2377 forward 7 unknown
#
-2149 coedge $-1 $1909 $2118 $1911 $2153 reversed $1118 $-1 #
-2150 ptlist-eye-attrib $-1 $-1 $-1 $1910 #
-2151 vertex $-1 $2148 $2378 #
-2152 straight-curve $-1 4.9999999999999982 -4.8890328576567708 19
1.7763568394002505e-15 14.08903285765677 0 F 0 F 1 #
-2153 edge $2379 $1914 0 $2326 1 $1911 $2380 forward 7 unknown #
-2154 point $-1 3.1095890410958869 -6.8860281611243774 19 #
-2155 point $-1 4.9999999999999982 -4.8890328576567725 19 #
-2156 coedge $-1 $1927 $1933 $1916 $2157 reversed $2074 $-1 #
-2157 edge $2381 $2159 0 $1936 1.2000417510185386 $2156 $2382 forward 7 unknown
#
-2158 ptlist-eye-attrib $-1 $-1 $-1 $1920 #
-2159 vertex $-1 $1920 $2383 #
-2160 ellipse-curve $-1 1.8 1.6400000000000006 19 0 0 1 -7.6000000000000032
-6.4992307237087648 0 1 F 0 F 1.2340676907919159 #
-2161 coedge $-1 $1922 $2384 $2045 $2259 reversed $2088 $-1 #
-2162 ptlist-eye-attrib $-1 $-1 $-1 $1923 #
-2163 vertex $-1 $2083 $2385 #
-2164 ellipse-curve $-1 -7 -2.1000000000000001 13 -1 0 0 0 1.575 0 1 F 0 F
1.2541774089237387 #
-2165 point $-1 -7 -1.6096153618543807 11.503287633955411 #
-2166 ptlist-eye-attrib $-1 $-1 $-1 $1928 #
-2167 straight-curve $-1 5.4231884057970969 -7.6805421396020463 6 0 0 13 F 0 F
1 #
-2168 coedge $-1 $2012 $1932 $2248 $2386 forward $1221 $-1 #
-2169 ptlist-eye-attrib $-1 $-1 $-1 $1934 #
-2170 straight-curve $-1 7.3999999999999995 -4.7911740763254116 6 0
3.5527136788005009e-15 13 F 0 F 1 #
-2171 point $-1 7.3999999999999986 -4.7911740763254 19 #
-2172 coedge $-1 $2387 $2387 $2388 $2389 reversed $1939 $-1 #
-2173 coedge $-1 $1940 $1940 $2390 $2391 reversed $1717 $-1 #
-2174 coedge $-1 $2112 $2111 $1940 $2175 forward $2113 $-1 #
-2175 edge $2392 $2393 0 $2394 3.1415926535897931 $2174 $2395 forward 7 unknown
#
-2176 coedge $-1 $2130 $2192 $1941 $2177 forward $2131 $-1 #
-2177 edge $2396 $2180 0 $2179 3.1415926535897931 $1941 $2397 forward 7 unknown
#
-2178 ptlist-eye-attrib $-1 $-1 $-1 $1943 #
-2179 vertex $-1 $2177 $2398 #
-2180 vertex $-1 $2177 $2399 #
-2181 ellipse-curve $-1 7.4000000000000004 6.4000000000000021 13 1 0 0 0 -3.25
0 1 F 0 F 3.1415926535897931 #
-2182 edge $2400 $2293 0 $2184 1 $2030 $2401 forward 7 unknown #
-2183 ptlist-eye-attrib $-1 $-1 $-1 $1945 #
-2184 vertex $-1 $2182 $2402 #
-2185 ellipse-curve $-1 39.799999999999997 7.5999999999999996 6 0 0 1 0
-13.959999999999999 0 1 F 0 F 2.2446636638455235 #
-2186 point $-1 50.708542905215502 16.31121642969984 6 #
-2187 coedge $-1 $1959 $1959 $1953 $1965 reversed $2194 $-1 #
-2188 cone-surface $-1 0 0 0 0 0 1 1.3 0 0 1 I I 0 1 1 forward I I I I #
-2189 face $-1 $1088 $2074 $3 $-1 $2403 forward single #
-2190 cone-surface $-1 7.4000000000000004 -2.1000000000000001 13 1 0 0 0 1.575
0 1 I I 0 1 1 forward I I I I #
-2191 coedge $-1 $2109 $2390 $2111 $2336 forward $1956 $-1 #
-2192 coedge $-1 $2176 $2129 $1958 $2193 reversed $2131 $-1 #
-2193 edge $2404 $2180 0 $2360 1 $1958 $2405 forward 7 unknown #
-2194 loop $-1 $-1 $1959 $2406 #
-2195 ptlist-eye-attrib $-1 $-1 $-1 $1960 #
-2196 ellipse-curve $-1 0 0 5.6000000000000005 0 0 1 -1.3
1.5920408388915593e-16 0 1 F 0 F 3.1415926535897931 #
-2197 point $-1 -1.3 3.9854089000252051e-16 5.6000000000000005 #
-2198 ptlist-eye-attrib $-1 $-1 $-1 $1965 #
-2199 ellipse-curve $-1 0 0 5.6000000000000005 0 0 1 1.3
-2.3933680611336455e-16 0 1 F 0 F 3.1415926535897931 #
-2200 ptlist-eye-attrib $-1 $-1 $-1 $1968 #
-2201 ellipse-curve $-1 45 0 3 0 0 1 -1.625 1.9900510486144489e-16 0 1 F 0 F
3.1415926535897931 #
-2202 face $-1 $2276 $2270 $3 $-1 $2407 forward single #
-2203 loop $-1 $-1 $2213 $1969 #
-2204 cone-surface $-1 55.51496102445055 15.300000000000001 6 0 0 1 1.5 0 0 1 I
I 0 1 1 forward I I I I #
-2205 coedge $-1 $1995 $1994 $2058 $2278 forward $1970 $-1 #
-2206 edge $2408 $2065 0 $2222 1 $2061 $2409 forward 7 unknown #
-2207 ptlist-eye-attrib $-1 $-1 $-1 $1980 #
-2208 straight-curve $-1 59 11.519999999999998 3 0 -7.1599999999999984 0 F 0 F
1 #
-2209 coedge $-1 $2217 $1988 $2274 $2410 forward $1351 $-1 #
-2210 coedge $-1 $2269 $2268 $1988 $2211 reversed $2270 $-1 #
-2211 edge $2411 $2215 0 $2412 1.2620547195136083 $2210 $2413 forward 7 unknown
#
-2212 coedge $-1 $2266 $1989 $1995 $2225 reversed $2203 $-1 #
-2213 coedge $-1 $1989 $2266 $2269 $2414 forward $2203 $-1 #
-2214 ptlist-eye-attrib $-1 $-1 $-1 $1990 #
-2215 vertex $-1 $2211 $2415 #
-2216 ellipse-curve $-1 55.51496102445055 15.300000000000001 3 0 0 1 0 1.5 0 1
F 0 F 2.0263950001907229 #
-2217 coedge $-1 $1991 $2209 $2067 $2284 forward $1351 $-1 #
-2218 coedge $-1 $2062 $2061 $1991 $2219 reversed $2063 $-1 #
-2219 edge $2416 $2286 0 $2222 2.226449889011227 $2218 $2417 forward 7 unknown
#
-2220 coedge $-1 $1992 $2059 $1994 $2224 forward $1759 $-1 #
-2221 ptlist-eye-attrib $-1 $-1 $-1 $1993 #
-2222 vertex $-1 $1993 $2418 #
-2223 ellipse-curve $-1 74.628855477623006 15.200000000000001 3 0 0 1
1.2682394164674662 0.97548387096776601 0 1 F 0 F 0.91514276457854848 #
-2224 edge $2419 $2280 0 $1997 1 $1994 $2420 forward 7 unknown #
-2225 edge $2421 $2422 0 $1998 1 $2212 $2423 forward 7 unknown #
-2226 point $-1 74.628855477623006 16.800000000000001 3 #
-2227 point $-1 55.51496102445055 16.800000000000001 3 #
-2228 coedge $-1 $2007 $2006 $2023 $2243 reversed $2000 $-1 #
-2229 coedge $-1 $2002 $2024 $2006 $2235 forward $1801 $-1 #
-2230 edge $2424 $2010 0 $2027 0.96040992282803017 $2002 $2425 forward 7
unknown #
-2231 ptlist-eye-attrib $-1 $-1 $-1 $2004 #
-2232 ellipse-curve $-1 7.4000000000000004 6.4000000000000004 13 1 0 0 0
-6.1582131376817006 -10.58339405235343 1 F 0 F 1.0539714519241299 #
-2233 ptlist-eye-attrib $-1 $-1 $-1 $2005 #
-2234 intcurve-curve $-1 forward { exactcur full nubs 3 open 11 0 3
1.0022471339794539 1 2.1319002706252501 1 3.4067488960844652 1 4.84548178026097
1 6.4003516069450201 1 7.9706470157889546 1 9.4611238255810797 1
10.794595586876484 1 11.969089026709549 1 13.014408326377364 3
39.229406040972407 12.558213137681706 2.416605947646572 39.121375455462797
12.284965776151447 2.2576207052598574 38.940774515821289 11.675579737648087
1.9335502302985652 38.760430749739029 10.641879228976485 1.492819930316309
38.646937890038586 9.4219333111536123 1.1082248606950178 38.58801229465206
8.0236661325993399 0.83261487654016719 38.569550348420194 6.5021971943144541
0.72242391054063937 38.583610365647935 4.9617019902858424 0.80791651123724062
38.637787612255295 3.5178940844074837 1.0714051187666755 38.748586307352923
2.2440905325690195 1.4596421286474386 38.930768835407378 1.1625279295865896
1.914030802652714 39.11669579207075 0.52676792216731883 2.2507974248336189
39.2294060409724 0.24178686231829688 2.4166059476465707 0 null_surface
null_surface nullbs nullbs I I 0 0 0 I I } I I #
-2235 edge $2426 $2245 0 $2010 3.1403132328762164 $2006 $2427 forward 7 unknown
#
-2236 point $-1 7.4000000000000004 12.558213137681708 2.4166059476465733 #
-2237 point $-1 39.229406040972407 12.558213137681706 2.416605947646572 #
-2238 point $-1 7.4000000000000021 -1.9208134775314245 3 #
-2239 edge $2428 $2241 0 $2250 1 $2019 $2429 forward 7 unknown #
-2240 ptlist-eye-attrib $-1 $-1 $-1 $2020 #
-2241 vertex $-1 $2020 $2430 #
-2242 straight-curve $-1 7.4000000000000021 -1.9208134775314245 3
-2.6645352591003757e-15 -4.4391865224685745 0 F 0 F 1 #
-2243 edge $2431 $2043 0 $2245 1 $2228 $2432 forward 7 unknown #
-2244 ptlist-eye-attrib $-1 $-1 $-1 $2025 #
-2245 vertex $-1 $2025 $2433 #
-2246 intcurve-curve $-1 forward { exactcur full nubs 3 open 4 0 3
1.2435575503373837 1 2.4523788625881329 1 3.6210982437399259 3
41.400000000000006 14.720813477531424 3 41.399180035660464 14.306295105540618
2.9999803749661318 41.400350654886964 13.488834305231272 3.0000089045242277
41.399872152282001 12.281802025563938 2.9999975761100983 41.400000162185016
11.489288361112683 2.9999999999999991 41.399999999999999 11.099715234062119
2.9999999999999991 0 null_surface null_surface nullbs nullbs I I 0 0 0 I I } I
I #
-2247 point $-1 41.399999999999999 11.099715234062119 2.9999999999999991 #
-2248 coedge $-1 $2030 $2029 $2168 $2386 reversed $1619 $-1 #
-2249 ptlist-eye-attrib $-1 $-1 $-1 $2032 #
-2250 vertex $-1 $2032 $2434 #
-2251 straight-curve $-1 39.799999999999997 -6.3599999999999994 6 0 0 -3 F 0 F
1 #
-2252 ptlist-eye-attrib $-1 $-1 $-1 $2034 #
-2253 ellipse-curve $-1 39.799999999999997 7.5999999999999996 3 0 0 1 0
-13.959999999999999 0 1 F 0 F 2.2446636638455235 #
-2254 point $-1 50.708542905215502 16.31121642969984 3 #
-2255 ptlist-eye-attrib $-1 $-1 $-1 $2041 #
-2256 ellipse-curve $-1 7.4000000000000057 14.720813477531426
-1.2999999999999998 -1 0 0 0 -2.1626003398497193 3.7166059476465727 1 F 0 F
0.52698572596206372 #
-2257 point $-1 7.4000000000000021 14.720813477531424 3 #
-2258 coedge $-1 $2435 $2045 $2436 $2437 reversed $1844 $-1 #
-2259 edge $2438 $2163 0 $2439 1 $2161 $2440 forward 7 unknown #
-2260 coedge $-1 $2082 $2441 $2046 $2261 reversed $1844 $-1 #
-2261 edge $2442 $2085 0 $2264 3.0046726524741545 $2260 $2443 forward 7 unknown
#
-2262 coedge $-1 $2444 $2047 $2441 $2445 forward $2088 $-1 #
-2263 ptlist-eye-attrib $-1 $-1 $-1 $2048 #
-2264 vertex $-1 $2261 $2446 #
-2265 intcurve-curve $-1 forward { exactcur full nubs 3 open 8 0 3
0.41392113773434136 1 0.84502835187484659 1 1.2856399663283669 1
1.7283445344859543 1 2.166202814252939 1 2.5908042518467167 1
3.0046723909617832 3 -6.5534806792729485 -3.6750000000000012 13.000000000000004
-6.5534806792729485 -3.6750000000000012 12.862026287421889 -6.5708374075862741
-3.6373332258602811 12.578778301862698 -6.6428722179702859 -3.4703017974273571
12.184735668368832 -6.7436902902646505 -3.2014211419403851 11.846812408101952
-6.8489443682403337 -2.8506558266028428 11.592991549415295 -6.9358352681002309
-2.445388298816757 11.44346615133866 -6.9892368857295573 -2.0193716646955271
11.408238242353431 -7 -1.7407141050766892 11.460334284190344 -7
-1.6096153618543858 11.503287633955409 0 null_surface null_surface nullbs
nullbs I I 0 0 0 I I } I I #
-2266 coedge $-1 $2213 $2212 $2049 $2267 forward $2203 $-1 #
-2267 edge $2447 $2422 0 $2272 2.0263950001907238 $2266 $2448 forward 7 unknown
#
-2268 coedge $-1 $2210 $2050 $2053 $2275 forward $2270 $-1 #
-2269 coedge $-1 $2050 $2210 $2213 $2414 reversed $2270 $-1 #
-2270 loop $-1 $-1 $2268 $2202 #
-2271 ptlist-eye-attrib $-1 $-1 $-1 $2051 #
-2272 vertex $-1 $2267 $2449 #
-2273 ellipse-curve $-1 39.799999999999997 7.5999999999999996 6 0 0 1
11.072975008179853 -11.54942528735627 0 1 F 0 F 1.2620547195136094 #
-2274 coedge $-1 $2053 $2052 $2209 $2410 reversed $2054 $-1 #
-2275 edge $2450 $2056 0 $2412 1 $2053 $2451 forward 7 unknown #
-2276 face $-1 $2070 $2054 $3 $-1 $2452 reversed single #
-2277 point $-1 50.87297500817985 -3.9494252873562701 6 #
-2278 edge $2453 $2280 0 $2422 1 $2205 $2454 forward 7 unknown #
-2279 ptlist-eye-attrib $-1 $-1 $-1 $2060 #
-2280 vertex $-1 $2060 $2455 #
-2281 ellipse-curve $-1 74.628855477623006 15.200000000000001 6 0 0 -1 0
1.5999999999999996 0 1 F 0 F 0.91514276457858756 #
-2282 face $-1 $827 $2063 $3 $-1 $2456 reversed single #
-2283 point $-1 75.8970948940905 16.175483870967732 6 #
-2284 edge $2457 $2289 0 $2286 1 $2067 $2458 forward 7 unknown #
-2285 ptlist-eye-attrib $-1 $-1 $-1 $2068 #
-2286 vertex $-1 $2219 $2459 #
-2287 straight-curve $-1 64.799999999999997 -6.3599999999999994 6 0 0 -3 F 0 F
1 #
-2288 ptlist-eye-attrib $-1 $-1 $-1 $2069 #
-2289 vertex $-1 $2284 $2460 #
-2290 straight-curve $-1 51.841860321395529 -6.3599999999999994 6 0 0 -3 F 0 F
1 #
-2291 plane-surface $-1 51.841860321395529 -6.3599999999999994 6 0 -1 0 1 0 0
forward_v F -0.25916279357208938 F 13.217302472176558 F -3.148674209658989 F
0.14867420965898923 #
-2292 ptlist-eye-attrib $-1 $-1 $-1 $2073 #
-2293 vertex $-1 $2073 $2461 #
-2294 straight-curve $-1 7.3999999999999995 -4.7911740763254116 6 0
-1.5688259236745878 0 F 0 F 1 #
-2295 point $-1 7.3999999999999986 -4.7911740763254107 6 #
-2296 ptlist-eye-attrib $-1 $-1 $-1 $2083 #
-2297 ellipse-curve $-1 -7 -2.1000000000000001 13 -1 0 0 0 0.49038463814561895
1.4967123660445889 1 F 0 F 1.254177408923739 #
-2298 point $-1 -7 -1.6096153618543811 14.496712366044589 #
-2299 face $-1 $2462 $2367 $3 $-1 $2463 reversed single #
-2300 loop $-1 $-1 $2464 $2087 #
-2301 plane-surface $-1 -5 10.199999999999999 19 -1 0 0 0 -1 0 forward_v F
0.77790702699987579 F 12.326741623006297 F -10.199999999999999 F
0.20000000000000001 #
-2302 coedge $-1 $2465 $2312 $2090 $2303 reversed $2094 $-1 #
-2303 edge $2466 $2309 0 $2308 3.1415926535897931 $2302 $2467 forward 7 unknown
#
-2304 coedge $-1 $2388 $2091 $2312 $2468 reversed $2306 $-1 #
-2305 coedge $-1 $2091 $2388 $2465 $2469 forward $2306 $-1 #
-2306 loop $-1 $-1 $2305 $2093 #
-2307 ptlist-eye-attrib $-1 $-1 $-1 $2092 #
-2308 vertex $-1 $2303 $2470 #
-2309 vertex $-1 $2303 $2471 #
-2310 ellipse-curve $-1 5 14.9 13 1 0 0 0 -1.5749999999999993 0 1 F 0 F
3.1415926535897931 #
-2311 cone-surface $-1 7.4000000000000004 14.9 13 1 0 0 0 1.575 0 1 I I 0 1 1
forward I I I I #
-2312 coedge $-1 $2302 $2472 $2304 $2468 forward $2094 $-1 #
-2313 face $-1 $2473 $2324 $3 $-1 $2474 reversed single #
-2314 loop $-1 $2475 $2476 $2096 #
-2315 plane-surface $-1 0 0 8 0 0 1 1 0 0 forward_v F -4.1600000000000001 F
4.1600000000000001 F -6.1855413317282206 F 8.4820694378770227 #
-2316 coedge $-1 $2477 $2099 $2478 $2479 reversed $1884 $-1 #
-2317 coedge $-1 $2099 $2477 $2105 $2331 forward $1884 $-1 #
-2318 coedge $-1 $2101 $2100 $2099 $2319 reversed $1670 $-1 #
-2319 edge $2480 $2107 0 $2481 1.570796326799047 $2099 $2482 forward 7 unknown
#
-2320 coedge $-1 $2483 $2478 $2100 $2321 forward $2314 $-1 #
-2321 edge $2484 $2481 0 $2327 1.5159743495954803 $2320 $2485 forward 7 unknown
#
-2322 coedge $-1 $2486 $2102 $2118 $2340 forward $2324 $-1 #
-2323 coedge $-1 $2102 $2486 $2483 $2487 reversed $2324 $-1 #
-2324 loop $-1 $-1 $2486 $2313 #
-2325 ptlist-eye-attrib $-1 $-1 $-1 $2103 #
-2326 vertex $-1 $2153 $2488 #
-2327 vertex $-1 $2321 $2489 #
-2328 ellipse-curve $-1 3.9999999999999982 -4.8890328576567699 9
1.3085817176933532e-16 1 0 1 0 0 1 F 0 F 1.5707963267948966 #
-2329 ptlist-eye-attrib $-1 $-1 $-1 $2104 #
-2330 ellipse-curve $-1 2.9999999999999987 -4.8890328576567699 9 0 0 1
0.1095890410958873 -1.9969953034676076 0 1 F 0 F 1.5159743495954821 #
-2331 edge $2490 $2491 0 $2107 0.87337620600233024 $2105 $2492 forward 7
unknown #
-2332 point $-1 3.109589041095886 -6.8860281611243774 9 #
-2333 coedge $-1 $2390 $2109 $2112 $2337 reversed $1956 $-1 #
-2334 ptlist-eye-attrib $-1 $-1 $-1 $2110 #
-2335 ellipse-curve $-1 4.9999999999999982 -2.1000000000000001 13 1 0 0 0 1.575
0 1 F 0 F 3.1415926535897931 #
-2336 edge $2493 $2393 0 $2115 1 $2111 $2494 forward 7 unknown #
-2337 edge $2495 $2394 0 $2116 1 $2112 $2496 forward 7 unknown #
-2338 point $-1 4.9999999999999982 -3.6749999999999998 13 #
-2339 point $-1 4.9999999999999982 -0.52500000000000013 13 #
-2340 edge $2497 $2326 0 $2345 1 $2322 $2498 forward 7 unknown #
-2341 coedge $-1 $2499 $2119 $2122 $2349 forward $2343 $-1 #
-2342 coedge $-1 $2119 $2499 $2486 $2500 reversed $2343 $-1 #
-2343 loop $-1 $-1 $2341 $2473 #
-2344 ptlist-eye-attrib $-1 $-1 $-1 $2120 #
-2345 vertex $-1 $2340 $2501 #
-2346 ellipse-curve $-1 5 8.1999999999999993 10 1 0 0 0 0 -1 1 F 0 F
1.5707963267949072 #
-2347 coedge $-1 $2127 $2121 $2129 $2354 forward $2123 $-1 #
-2348 coedge $-1 $2122 $2147 $2502 $2503 reversed $2123 $-1 #
-2349 edge $2504 $2125 0 $2505 1.5707963267948983 $2341 $2506 forward 7 unknown
#
-2350 face $-1 $2355 $2123 $3 $-1 $2507 reversed single #
-2351 point $-1 5 9.1999999999999993 10.000000000000011 #
-2352 ptlist-eye-attrib $-1 $-1 $-1 $2128 #
-2353 straight-curve $-1 5 9.1999999999999993 14.650000000000007 0 0
4.3499999999999925 F 0 F 1 #
-2354 edge $2508 $2360 0 $2133 1.7320182131975599 $2129 $2509 forward 7 unknown
#
-2355 face $-1 $1492 $2131 $3 $-1 $2510 reversed single #
-2356 point $-1 4.9999999999999982 9.1999999999999993 14.650000000000007 #
-2357 ptlist-eye-attrib $-1 $-1 $-1 $2135 #
-2358 straight-curve $-1 7.3999999999999995 3.1500000000000021 13
-2.4000000000000004 0 0 F 0 F 1 #
-2359 ptlist-eye-attrib $-1 $-1 $-1 $2136 #
-2360 vertex $-1 $2354 $2511 #
-2361 intcurve-curve $-1 forward { exactcur full nubs 3 open 4 0 3
0.53270914034919781 1 1.1131887656792114 1 1.7320162271220743 3 5
9.1999999999999993 11.349999999999994 5 9.2901507775975549 11.502983137741303
4.9749618563943638 9.4523560108962847 11.838608795980631 4.9139659049101105
9.6115331560130688 12.392836614431372 4.8930285549745856 9.6500000000000021
12.793724179519046 4.8930285549745856 9.6500000000000021 13 0 null_surface
null_surface nullbs nullbs I I 0 0 0 I I } I I #
-2362 coedge $-1 $2146 $2139 $2512 $2513 forward $1120 $-1 #
-2363 coedge $-1 $2514 $2515 $2139 $2364 forward $2300 $-1 #
-2364 edge $2516 $2517 0 $2369 1 $2139 $2518 forward 7 unknown #
-2365 coedge $-1 $2519 $2140 $2142 $2371 forward $2367 $-1 #
-2366 coedge $-1 $2140 $2520 $2514 $2521 reversed $2367 $-1 #
-2367 loop $-1 $-1 $2366 $2299 #
-2368 ptlist-eye-attrib $-1 $-1 $-1 $2141 #
-2369 vertex $-1 $2521 $2522 #
-2370 ellipse-curve $-1 -2.0000000000000009 -1.9046486500061757 19 0 0 1 -3
-6.6613381477509392e-15 0 1 F 0 F 0.75224209799197905 #
-2371 edge $2523 $2144 0 $2491 1 $2142 $2524 forward 7 unknown #
-2372 point $-1 -4.1904761904761925 -3.9544813404853061 19 #
-2373 coedge $-1 $2525 $2502 $2146 $2374 forward $2526 $-1 #
-2374 edge $2527 $2376 0 $2528 1 $2146 $2529 forward 7 unknown #
-2375 ptlist-eye-attrib $-1 $-1 $-1 $2148 #
-2376 vertex $-1 $2503 $2530 #
-2377 ellipse-curve $-1 4 9.1999999999999993 19 0 0 -1 0 1 0 1 F 0 F
1.5707963267948966 #
-2378 point $-1 5 9.1999999999999993 19 #
-2379 ptlist-eye-attrib $-1 $-1 $-1 $2153 #
-2380 straight-curve $-1 4.9999999999999982 -4.8890328576567708 19
8.8817841970012523e-16 3.9182941335980104e-09 -10 F 0 F 1 #
-2381 ptlist-eye-attrib $-1 $-1 $-1 $2157 #
-2382 ellipse-curve $-1 4.2999999999999989 -4.7911740763254107 19 0 0 1
1.1231884057970998 -2.8893680632766339 0 1 F 0 F 1.2000417510185386 #
-2383 point $-1 5.4231884057970987 -7.6805421396020446 19 #
-2384 coedge $-1 $2161 $2444 $2464 $2531 reversed $2088 $-1 #
-2385 point $-1 -7 -0.52499999999999991 13 #
-2386 edge $2532 $2293 0 $2241 1 $2248 $2533 forward 7 unknown #
-2387 coedge $-1 $2172 $2172 $2472 $2534 reversed $1939 $-1 #
-2388 coedge $-1 $2305 $2304 $2172 $2389 forward $2306 $-1 #
-2389 edge $2535 $2536 0 $2537 3.1415926535897931 $2388 $2538 forward 7 unknown
#
-2390 coedge $-1 $2191 $2333 $2173 $2391 forward $1956 $-1 #
-2391 edge $2539 $2394 0 $2393 3.1415926535897931 $2390 $2540 forward 7 unknown
#
-2392 ptlist-eye-attrib $-1 $-1 $-1 $2175 #
-2393 vertex $-1 $2391 $2541 #
-2394 vertex $-1 $2391 $2542 #
-2395 ellipse-curve $-1 7.4000000000000004 -2.1000000000000001 13 1 0 0 0
-1.5749999999999997 0 1 F 0 F 3.1415926535897931 #
-2396 ptlist-eye-attrib $-1 $-1 $-1 $2177 #
-2397 ellipse-curve $-1 7.4000000000000004 6.4000000000000021 13 1 0 0 0 3.25 0
1 F 0 F 3.1415926535897931 #
-2398 point $-1 7.4000000000000004 3.1500000000000021 13 #
-2399 point $-1 7.4000000000000004 9.6500000000000021 13 #
-2400 ptlist-eye-attrib $-1 $-1 $-1 $2182 #
-2401 straight-curve $-1 7.3999999999999995 -6.3599999999999994 6
32.399999999999999 0 0 F 0 F 1 #
-2402 point $-1 39.799999999999997 -6.3599999999999994 6 #
-2403 cone-surface $-1 4.2999999999999989 -4.7911740763254107 6 0 0 1
3.1000000000000001 0 0 1 I I 0 1 1 forward I I I I #
-2404 ptlist-eye-attrib $-1 $-1 $-1 $2193 #
-2405 straight-curve $-1 7.3999999999999995 9.6500000000000021 13
-2.5069714450254139 0 0 F 0 F 1 #
-2406 face $-1 $1954 $2543 $3 $-1 $2544 forward single #
-2407 cone-surface $-1 39.799999999999997 7.5999999999999996 6 0 0 1 16 0 0 1 I
I 0 1 1 forward I I I I #
-2408 ptlist-eye-attrib $-1 $-1 $-1 $2206 #
-2409 straight-curve $-1 75.8970948940905 16.175483870967732 6
-1.4210854715202004e-14 1.4210854715202004e-14 -3 F 0 F 1 #
-2410 edge $2545 $2412 0 $2289 2.3772523729127495 $2274 $2546 forward 7 unknown
#
-2411 ptlist-eye-attrib $-1 $-1 $-1 $2211 #
-2412 vertex $-1 $2410 $2547 #
-2413 ellipse-curve $-1 39.799999999999997 7.5999999999999996 3 0 0 -1
14.367964365211932 7.0399999999999974 0 1 F 0 F 1.2620547195136083 #
-2414 edge $2548 $2272 0 $2215 1 $2269 $2549 forward 7 unknown #
-2415 point $-1 54.16796436521193 14.639999999999997 3 #
-2416 ptlist-eye-attrib $-1 $-1 $-1 $2219 #
-2417 ellipse-curve $-1 64.799999999999997 7.6399999999999997 3 0 0 1
1.4210854715202004e-14 -14 0 1 F 0 F 2.226449889011227 #
-2418 point $-1 75.897094894090472 16.175483870967767 3 #
-2419 ptlist-eye-attrib $-1 $-1 $-1 $2224 #
-2420 straight-curve $-1 74.628855477623006 16.799999999999997 6 0 0 -3 F 0 F 1
#
-2421 ptlist-eye-attrib $-1 $-1 $-1 $2225 #
-2422 vertex $-1 $2278 $2550 #
-2423 straight-curve $-1 55.51496102445055 16.799999999999997 6 0 0 -3 F 0 F 1
#
-2424 ptlist-eye-attrib $-1 $-1 $-1 $2230 #
-2425 ellipse-curve $-1 39.2294060409724 11.099715234062122 4.9231541448965839
-0.40701822100059826 -0.78949356974530605 -0.45938662486441789
7.1054273576010019e-15 1.4584979036195858 -2.5065481972500132 1 F 0 F
0.96040992282803017 #
-2426 ptlist-eye-attrib $-1 $-1 $-1 $2235 #
-2427 intcurve-curve $-1 forward { exactcur full nubs 3 open 5 0 3
0.86990667352611617 1 1.7003789344490488 1 2.4649065747406778 1
3.1403132328762164 3 41.400000000000006 14.720813477531424 3 41.187598602610286
14.523411339153011 3 40.776291165179302 14.132847619774733 2.9732182084173102
40.188554621832154 13.568950758418742 2.8558158978513632 39.669791009472107
13.046982472331592 2.6731902934359484 39.364531902021064 12.713856847375
2.5071711418639819 39.229406040972407 12.558213137681705 2.4166059476465716 0
null_surface null_surface nullbs nullbs I I 0 0 0 I I } I I #
-2428 ptlist-eye-attrib $-1 $-1 $-1 $2239 #
-2429 straight-curve $-1 7.3999999999999995 -6.3599999999999994 3
32.399999999999999 0 0 F 0 F 1 #
-2430 point $-1 7.3999999999999995 -6.3599999999999994 3 #
-2431 ptlist-eye-attrib $-1 $-1 $-1 $2243 #
-2432 straight-curve $-1 7.4000000000000021 14.720813477531424 3 34 0 0 F 0 F 1
#
-2433 point $-1 41.400000000000006 14.720813477531424 3 #
-2434 point $-1 39.799999999999997 -6.3599999999999994 3 #
-2435 coedge $-1 $2441 $2258 $2520 $2551 reversed $1844 $-1 #
-2436 coedge $-1 $2464 $2514 $2258 $2437 forward $2300 $-1 #
-2437 edge $2552 $2553 0 $2439 1.4464434802535378 $2436 $2554 forward 7 unknown
#
-2438 ptlist-eye-attrib $-1 $-1 $-1 $2259 #
-2439 vertex $-1 $2437 $2555 #
-2440 straight-curve $-1 -7 -0.52499999999999958 13 1.9999999999999991
-5.5511151231257827e-16 0 F 0 F 1 #
-2441 coedge $-1 $2260 $2435 $2262 $2445 reversed $1844 $-1 #
-2442 ptlist-eye-attrib $-1 $-1 $-1 $2261 #
-2443 intcurve-curve $-1 forward { exactcur full nubs 3 open 8 0 3
0.41420182496764957 1 0.83785720982969503 1 1.2762051683090228 1
1.7204569150804705 1 2.1609622594712237 1 2.5941895866419378 1
3.0046726524741545 3 -7 -1.6096153618543836 14.496712366044591 -7
-1.7408198049162498 14.539700347432106 -6.9892345475961939 -2.0192887702198856
14.59172891551037 -6.935854850491733 -2.4452395240685876 14.55654582030415
-6.8489093823471192 -2.8508981232203263 14.406985842367648 -6.7434683589602251
-3.202100279586011 14.152626434654005 -6.6424276142851015 -3.4714220736529575
13.813564169162525 -6.5706535727529713 -3.6377213724094579 13.419600043757567
-6.5534806792729485 -3.6750000000000012 13.136827688610742 -6.5534806792729485
-3.6750000000000012 13.000000000000004 0 null_surface null_surface nullbs
nullbs I I 0 0 0 I I } I I #
-2444 coedge $-1 $2384 $2262 $2556 $2557 reversed $2088 $-1 #
-2445 edge $2558 $2264 0 $2559 1 $2262 $2560 forward 7 unknown #
-2446 point $-1 -6.5534806792729485 -3.6750000000000012 13.000000000000004 #
-2447 ptlist-eye-attrib $-1 $-1 $-1 $2267 #
-2448 ellipse-curve $-1 55.51496102445055 15.300000000000001 6 0 0 1 0 1.5 0 1
F 0 F 2.0263950001907238 #
-2449 point $-1 54.16796436521193 14.639999999999995 6 #
-2450 ptlist-eye-attrib $-1 $-1 $-1 $2275 #
-2451 straight-curve $-1 50.872975008179807 -3.9494252873563047 6 0
5.3290705182007514e-15 -3 F 0 F 1 #
-2452 cone-surface $-1 51.841860321395529 -4.96 6 0 0 1 1.3999999999999999 0 0
1 I I 0 1 1 forward I I I I #
-2453 ptlist-eye-attrib $-1 $-1 $-1 $2278 #
-2454 straight-curve $-1 74.628855477623006 16.799999999999997 6
-19.113894453172456 0 0 F 0 F 1 #
-2455 point $-1 74.628855477623006 16.799999999999997 6 #
-2456 cone-surface $-1 64.799999999999997 7.6399999999999997 6 0 0 1 14 0 0 1 I
I 0 1 1 forward I I I I #
-2457 ptlist-eye-attrib $-1 $-1 $-1 $2284 #
-2458 straight-curve $-1 51.841860321395529 -6.3599999999999994 3
12.958139678604482 0 0 F 0 F 1 #
-2459 point $-1 64.800000000000011 -6.3599999999999994 3 #
-2460 point $-1 51.841860321395529 -6.3600000000000012 3 #
-2461 point $-1 7.3999999999999995 -6.3599999999999994 6 #
-2462 face $-1 $2561 $2562 $3 $-1 $2563 reversed single #
-2463 cone-surface $-1 -2.0000000000000009 -1.9046486500061757 19 0 0 1 3 0 0 1
I I 0 1 1 forward I I I I #
-2464 coedge $-1 $2564 $2436 $2384 $2531 forward $2300 $-1 #
-2465 coedge $-1 $2472 $2302 $2305 $2469 reversed $2094 $-1 #
-2466 ptlist-eye-attrib $-1 $-1 $-1 $2303 #
-2467 ellipse-curve $-1 5 14.9 13 1 0 0 0 1.5750000000000011 0 1 F 0 F
3.1415926535897931 #
-2468 edge $2565 $2536 0 $2308 1 $2304 $2566 forward 7 unknown #
-2469 edge $2567 $2537 0 $2309 1 $2305 $2568 forward 7 unknown #
-2470 point $-1 5 13.324999999999999 13 #
-2471 point $-1 5 16.475000000000001 13 #
-2472 coedge $-1 $2312 $2465 $2387 $2534 forward $2094 $-1 #
-2473 face $-1 $2569 $2343 $3 $-1 $2570 reversed single #
-2474 cone-surface $-1 3.9999999999999982 -5.0887240681027865 9
1.3085817176933532e-16 1 0 1 -1.3085817176933532e-16 0 1 I I 0 1 1 forward I I
I I #
-2475 loop $-1 $-1 $2571 $2096 #
-2476 coedge $-1 $2572 $2483 $2573 $2574 reversed $2314 $-1 #
-2477 coedge $-1 $2317 $2316 $2575 $2576 reversed $1884 $-1 #
-2478 coedge $-1 $2320 $2577 $2316 $2479 forward $2314 $-1 #
-2479 edge $2578 $2579 0 $2481 0.87337620600233035 $2478 $2580 forward 7
unknown #
-2480 ptlist-eye-attrib $-1 $-1 $-1 $2319 #
-2481 vertex $-1 $2319 $2581 #
-2482 ellipse-curve $-1 3.0547945205479436 -5.8875305093905741 9
0.99849765173380378 0.054794520547944973 0 0.05479452054794498
-0.99849765173380423 0 1 F 0 F 1.570796326799047 #
-2483 coedge $-1 $2476 $2320 $2323 $2487 forward $2314 $-1 #
-2484 ptlist-eye-attrib $-1 $-1 $-1 $2321 #
-2485 ellipse-curve $-1 2.9999999999999987 -4.8890328576567699 8 0 0 1
0.05479452054794498 -0.99849765173380423 0 1 F 0 F 1.5159743495954803 #
-2486 coedge $-1 $2323 $2322 $2342 $2500 forward $2324 $-1 #
-2487 edge $2582 $2327 0 $2583 1 $2323 $2584 forward 7 unknown #
-2488 point $-1 4.9999999999999991 -4.8890328537384766 9 #
-2489 point $-1 3.9999999999999933 -4.8890328576567708 8 #
-2490 ptlist-eye-attrib $-1 $-1 $-1 $2331 #
-2491 vertex $-1 $2585 $2586 #
-2492 ellipse-curve $-1 2.6000000000000001 2.4000000000000004 9 0 0 1
-6.7904761904761948 -6.3544813404853064 0 1 F 0 F 0.87337620600233024 #
-2493 ptlist-eye-attrib $-1 $-1 $-1 $2336 #
-2494 straight-curve $-1 7.3999999999999995 -3.6749999999999998 13
-2.3999999999999995 0 0 F 0 F 1 #
-2495 ptlist-eye-attrib $-1 $-1 $-1 $2337 #
-2496 straight-curve $-1 7.3999999999999995 -0.52499999999999958 13
-2.3999999999999977 -5.5511151231257827e-16 0 F 0 F 1 #
-2497 ptlist-eye-attrib $-1 $-1 $-1 $2340 #
-2498 straight-curve $-1 4.9999999999999991 -4.8890328537384766 9
8.8817841970012523e-16 13.089032853738477 1.7763568394002505e-15 F 0 F 1 #
-2499 coedge $-1 $2342 $2341 $2587 $2588 reversed $2343 $-1 #
-2500 edge $2589 $2345 0 $2583 1.5707963267948957 $2342 $2590 forward 7 unknown
#
-2501 point $-1 5 8.1999999999999993 9 #
-2502 coedge $-1 $2373 $2591 $2348 $2503 forward $2526 $-1 #
-2503 edge $2592 $2505 0 $2376 1 $2348 $2593 forward 7 unknown #
-2504 ptlist-eye-attrib $-1 $-1 $-1 $2349 #
-2505 vertex $-1 $2503 $2594 #
-2506 ellipse-curve $-1 4 9.1999999999999993 10 0 0 1 1 0 0 1 F 0 F
1.5707963267948983 #
-2507 cone-surface $-1 4 9.1999999999999993 9.8343538217101294 0 0 1 1 0 0 1 I
I 0 1 1 forward I I I I #
-2508 ptlist-eye-attrib $-1 $-1 $-1 $2354 #
-2509 intcurve-curve $-1 forward { exactcur full nubs 3 open 4 0 3
0.61713999865485514 1 1.1977824776229136 1 1.7320182131975599 3
4.8930285549745856 9.6500000000000021 13 4.8930285549745856 9.6500000000000021
13.205713332884951 4.9138732733846062 9.6116883483015769 13.606086187893016
4.9748537733722866 9.4527850541737504 14.160397432802984 5 9.2904091244818634
14.496578455424725 5 9.1999999999999993 14.650000000000007 0 null_surface
null_surface nullbs nullbs I I 0 0 0 I I } I I #
-2510 cone-surface $-1 7.4000000000000004 6.4000000000000021 13 1 0 0 0 3.25 0
1 I I 0 1 1 forward I I I I #
-2511 point $-1 4.8930285549745856 9.6500000000000021 13 #
-2512 coedge $-1 $2595 $2596 $2362 $2513 reversed $2597 $-1 #
-2513 edge $2598 $2517 0 $2528 1.5707963267948966 $2362 $2599 forward 7 unknown
#
-2514 coedge $-1 $2436 $2363 $2366 $2521 forward $2300 $-1 #
-2515 coedge $-1 $2363 $2600 $2595 $2601 reversed $2300 $-1 #
-2516 ptlist-eye-attrib $-1 $-1 $-1 $2364 #
-2517 vertex $-1 $2364 $2602 #
-2518 straight-curve $-1 -5 9.1999999999999993 19 0 -11.104648650006176 0 F 0 F
1 #
-2519 coedge $-1 $2603 $2365 $2604 $2585 reversed $2367 $-1 #
-2520 coedge $-1 $2366 $2556 $2435 $2551 forward $2367 $-1 #
-2521 edge $2605 $2369 0 $2553 1 $2366 $2606 forward 7 unknown #
-2522 point $-1 -5.0000000000000009 -1.9046486500061823 19 #
-2523 ptlist-eye-attrib $-1 $-1 $-1 $2371 #
-2524 straight-curve $-1 -4.1904761904761942 -3.9544813404853043 19
6.8349770288023137e-10 -7.3039441161881768e-10 -10 F 0 F 1 #
-2525 coedge $-1 $2591 $2373 $2596 $2607 forward $2526 $-1 #
-2526 loop $-1 $-1 $2373 $2608 #
-2527 ptlist-eye-attrib $-1 $-1 $-1 $2374 #
-2528 vertex $-1 $2607 $2609 #
-2529 straight-curve $-1 4 10.199999999999999 19 -8 0 0 F 0 F 1 #
-2530 point $-1 4 10.199999999999999 19 #
-2531 edge $2610 $2439 0 $2611 1.4464434802535378 $2464 $2612 forward 7 unknown
#
-2532 ptlist-eye-attrib $-1 $-1 $-1 $2386 #
-2533 straight-curve $-1 7.3999999999999995 -6.3599999999999994 6 0 0 -3 F 0 F
1 #
-2534 edge $2613 $2537 0 $2536 3.1415926535897931 $2472 $2614 forward 7 unknown
#
-2535 ptlist-eye-attrib $-1 $-1 $-1 $2389 #
-2536 vertex $-1 $2534 $2615 #
-2537 vertex $-1 $2534 $2616 #
-2538 ellipse-curve $-1 7.4000000000000004 14.9 13 1 0 0 0 -1.5749999999999993
0 1 F 0 F 3.1415926535897931 #
-2539 ptlist-eye-attrib $-1 $-1 $-1 $2391 #
-2540 ellipse-curve $-1 7.4000000000000004 -2.1000000000000001 13 1 0 0 0 1.575
0 1 F 0 F 3.1415926535897931 #
-2541 point $-1 7.4000000000000004 -3.6749999999999998 13 #
-2542 point $-1 7.4000000000000004 -0.52500000000000013 13 #
-2543 loop $-1 $2194 $2617 $2406 #
-2544 plane-surface $-1 0 0 5.5999999999999996 0 0 1 1 0 0 forward_v F
-2.2236742096589892 F 2.2236742096589892 F -2.2236742096589892 F
2.2236742096589892 #
-2545 ptlist-eye-attrib $-1 $-1 $-1 $2410 #
-2546 ellipse-curve $-1 51.841860321395529 -4.96 3 0 0 1 -0.96888531321567228
1.0105747126437379 0 1 F 0 F 2.3772523729127495 #
-2547 point $-1 50.872975008179857 -3.9494252873562541 3 #
-2548 ptlist-eye-attrib $-1 $-1 $-1 $2414 #
-2549 straight-curve $-1 54.167964365211915 14.639999999999997 6 0 0 -3 F 0 F 1
#
-2550 point $-1 55.51496102445055 16.800000000000001 6 #
-2551 edge $2618 $2559 0 $2553 2.7383009251442521 $2520 $2619 forward 7 unknown
#
-2552 ptlist-eye-attrib $-1 $-1 $-1 $2437 #
-2553 vertex $-1 $2551 $2620 #
-2554 ellipse-curve $-1 -5 -2.1000000000000001 13 -1 0 0 0 0.19535134999382464
1.5628380754433877 1 F 0 F 1.4464434802535378 #
-2555 point $-1 -5 -0.52499999999999969 13 #
-2556 coedge $-1 $2520 $2603 $2444 $2557 forward $2367 $-1 #
-2557 edge $2621 $2611 0 $2559 2.7355736317735522 $2556 $2622 forward 7 unknown
#
-2558 ptlist-eye-attrib $-1 $-1 $-1 $2445 #
-2559 vertex $-1 $2445 $2623 #
-2560 straight-curve $-1 -6.5534806792729485 -3.6750000000000012
13.000000000000004 2.131527728124845 0 -3.5527136788005009e-15 F 0 F 1 #
-2561 face $-1 $2624 $2625 $3 $-1 $2626 reversed single #
-2562 loop $-1 $-1 $2575 $2462 #
-2563 torus-surface $-1 -2.0000000000000009 -1.9046486500061757 9 0 0 1
1.9999999999999996 1 -0.99778545232386273 0.06651459336765643 0 forward_v I I I
I #
-2564 coedge $-1 $2627 $2464 $2603 $2628 forward $2300 $-1 #
-2565 ptlist-eye-attrib $-1 $-1 $-1 $2468 #
-2566 straight-curve $-1 7.3999999999999995 13.324999999999999 13
-2.3999999999999995 0 0 F 0 F 1 #
-2567 ptlist-eye-attrib $-1 $-1 $-1 $2469 #
-2568 straight-curve $-1 7.3999999999999995 16.474999999999998 13
-2.3999999999999995 0 0 F 0 F 1 #
-2569 face $-1 $2629 $2630 $3 $-1 $2631 reversed single #
-2570 torus-surface $-1 4 8.1999999999999993 10 1 0 0 1 1 0
-0.095107786337328193 -0.99546698035545766 forward_v I I I I #
-2571 coedge $-1 $2632 $2632 $2633 $2634 reversed $2475 $-1 #
-2572 coedge $-1 $2577 $2476 $2635 $2636 forward $2314 $-1 #
-2573 coedge $-1 $2587 $2637 $2476 $2574 forward $2630 $-1 #
-2574 edge $2638 $2639 0 $2583 1 $2573 $2640 forward 7 unknown #
-2575 coedge $-1 $2641 $2604 $2477 $2576 forward $2562 $-1 #
-2576 edge $2642 $2491 0 $2579 1.5707963267948959 $2477 $2643 forward 7 unknown
#
-2577 coedge $-1 $2478 $2572 $2641 $2644 forward $2314 $-1 #
-2578 ptlist-eye-attrib $-1 $-1 $-1 $2479 #
-2579 vertex $-1 $2644 $2645 #
-2580 ellipse-curve $-1 2.6000000000000001 2.4000000000000004 8 0 0 1
-6.060317460317461 -5.6712037769922636 0 1 F 0 F 0.87337620600233035 #
-2581 point $-1 3.0547945205479436 -5.8875305093905741 8 #
-2582 ptlist-eye-attrib $-1 $-1 $-1 $2487 #
-2583 vertex $-1 $2487 $2646 #
-2584 straight-curve $-1 3.9999999999999933 -4.8890328576567708 8
6.6613381477509392e-15 13.089032856692199 0 F 0 F 1 #
-2585 edge $2647 $2648 0 $2491 0.75224209799198127 $2604 $2649 forward 7
unknown #
-2586 point $-1 -4.1904761904761951 -3.9544813404853061 9 #
-2587 coedge $-1 $2650 $2573 $2499 $2588 forward $2630 $-1 #
-2588 edge $2651 $2583 0 $2505 1.5707963267948966 $2587 $2652 forward 7 unknown
#
-2589 ptlist-eye-attrib $-1 $-1 $-1 $2500 #
-2590 ellipse-curve $-1 4 8.1999999999999993 9 0 1 -1.9428902930940239e-16 1 0
0 1 F 0 F 1.5707963267948957 #
-2591 coedge $-1 $2502 $2525 $2650 $2653 forward $2526 $-1 #
-2592 ptlist-eye-attrib $-1 $-1 $-1 $2503 #
-2593 straight-curve $-1 4 10.200000000000001 10.00000002862294 0
-1.7763568394002505e-15 8.9999999713770595 F 0 F 1 #
-2594 point $-1 4 10.200000000000001 10.00000002862294 #
-2595 coedge $-1 $2654 $2512 $2515 $2601 forward $2597 $-1 #
-2596 coedge $-1 $2512 $2654 $2525 $2607 reversed $2597 $-1 #
-2597 loop $-1 $-1 $2512 $2655 #
-2598 ptlist-eye-attrib $-1 $-1 $-1 $2513 #
-2599 ellipse-curve $-1 -4 9.1999999999999993 19 0 0 -1 -1 0 0 1 F 0 F
1.5707963267948966 #
-2600 coedge $-1 $2515 $2627 $2656 $2657 reversed $2300 $-1 #
-2601 edge $2658 $2517 0 $2659 1 $2595 $2660 forward 7 unknown #
-2602 point $-1 -5 9.1999999999999993 19 #
-2603 coedge $-1 $2556 $2519 $2564 $2628 reversed $2367 $-1 #
-2604 coedge $-1 $2575 $2661 $2519 $2585 forward $2562 $-1 #
-2605 ptlist-eye-attrib $-1 $-1 $-1 $2521 #
-2606 straight-curve $-1 -5 -1.9046486500061772 19 0 -2.2204460492503131e-15
-4.4371619245566105 F 0 F 1 #
-2607 edge $2662 $2528 0 $2663 1 $2525 $2664 forward 7 unknown #
-2608 face $-1 $2350 $2526 $3 $-1 $2665 reversed single #
-2609 point $-1 -4 10.199999999999999 19 #
-2610 ptlist-eye-attrib $-1 $-1 $-1 $2531 #
-2611 vertex $-1 $2531 $2666 #
-2612 ellipse-curve $-1 -5 -2.1000000000000001 13 -1 0 0 0 1.575 0 1 F 0 F
1.4464434802535378 #
-2613 ptlist-eye-attrib $-1 $-1 $-1 $2534 #
-2614 ellipse-curve $-1 7.4000000000000004 14.9 13 1 0 0 0 1.5750000000000011 0
1 F 0 F 3.1415926535897931 #
-2615 point $-1 7.4000000000000004 13.324999999999999 13 #
-2616 point $-1 7.4000000000000004 16.475000000000001 13 #
-2617 coedge $-1 $2667 $2667 $2668 $2669 forward $2543 $-1 #
-2618 ptlist-eye-attrib $-1 $-1 $-1 $2551 #
-2619 intcurve-curve $-1 forward { exactcur full nubs 3 open 8 0 3
0.35562695733042976 1 0.74297398819662941 1 1.1546104750982074 1
1.5789308051472715 1 1.9865396008754086 1 2.3717619774825938 1
2.7383009251442521 3 -4.4219529511481035 -3.6750000000000016 13
-4.4219529511481035 -3.6750000000000016 13.118542319110142 -4.4431600690938637
-3.6464796766404652 13.367398876752763 -4.5328037505758942 -3.5167879629029515
13.723231606128195 -4.6620686737020005 -3.2983615880658426 14.047421730747281
-4.7991177198540438 -3.0032157858656499 14.310614686436068 -4.913253384903439
-2.6533749889764029 14.491556548984487 -4.9845379506549978 -2.2794209701194603
14.579838218614332 -5 -2.0258848454640823 14.577992335390695 -5
-1.9046486500061797 14.562838075443389 0 null_surface null_surface nullbs
nullbs I I 0 0 0 I I } I I #
-2620 point $-1 -5 -1.9046486500061754 14.562838075443388 #
-2621 ptlist-eye-attrib $-1 $-1 $-1 $2557 #
-2622 intcurve-curve $-1 forward { exactcur full nubs 3 open 7 0 3
0.43255165012092844 1 0.89195973751270907 1 1.3818860455593016 1
1.866380409582006 1 2.3170146016505413 1 2.7355736317735522 3 -5
-1.9046486500061803 11.437161924556609 -5 -2.0477191660706997
11.419278422166519 -4.978123111875532 -2.3498896290121611 11.423563783787499
-4.8786150770779706 -2.7867216449790932 11.557695197245259 -4.7289409934709221
-3.1701043632530062 11.813733120150797 -4.5704212875294941 -3.4595236476785538
12.163675327254396 -4.4515607685956393 -3.6354308548245005 12.568931203140806
-4.4219529511481044 -3.6750000000000012 12.860480323292329 -4.4219529511481044
-3.6750000000000012 13 0 null_surface null_surface nullbs nullbs I I 0 0 0 I I
} I I #
-2623 point $-1 -4.4219529511481035 -3.6750000000000016 13 #
-2624 face $-1 $2655 $2670 $3 $-1 $2671 reversed single #
-2625 loop $-1 $-1 $2672 $2561 #
-2626 cone-surface $-1 -4 8.4859485364591052 9 0 -1 0 -1 0 0 1 I I 0 1 1
forward I I I I #
-2627 coedge $-1 $2600 $2564 $2673 $2674 reversed $2300 $-1 #
-2628 edge $2675 $2611 0 $2648 1 $2603 $2676 forward 7 unknown #
-2629 face $-1 $2677 $2678 $3 $-1 $2679 reversed single #
-2630 loop $-1 $-1 $2650 $2569 #
-2631 cone-surface $-1 -138.6078562141978 8.1999999999999993 10 1 0 0 0 0 -2 1
I I 0 1 1 forward I I I I #
-2632 coedge $-1 $2571 $2571 $2680 $2681 reversed $2475 $-1 #
-2633 coedge $-1 $2682 $2683 $2571 $2634 forward $2684 $-1 #
-2634 edge $2685 $2686 0 $2687 3.1415926535897931 $2633 $2688 forward 7 unknown
#
-2635 coedge $-1 $2689 $2672 $2572 $2636 reversed $2625 $-1 #
-2636 edge $2690 $2639 0 $2691 1 $2572 $2692 forward 7 unknown #
-2637 coedge $-1 $2573 $2650 $2693 $2694 forward $2630 $-1 #
-2638 ptlist-eye-attrib $-1 $-1 $-1 $2574 #
-2639 vertex $-1 $2695 $2696 #
-2640 straight-curve $-1 -4 8.1999999982153344 8 8 8.2009243840275303e-10 0 F 0
F 1 #
-2641 coedge $-1 $2661 $2575 $2577 $2644 reversed $2562 $-1 #
-2642 ptlist-eye-attrib $-1 $-1 $-1 $2576 #
-2643 ellipse-curve $-1 -3.4603174603174627 -3.2712037769922651 9
0.68327756349304392 -0.73015873015873034 0 -0.73015873015873067
-0.68327756349304369 0 1 F 0 F 1.5707963267948959 #
-2644 edge $2697 $2691 0 $2579 0.7522420979919815 $2577 $2698 forward 7 unknown
#
-2645 point $-1 -3.4603174603174609 -3.2712037769922633 8 #
-2646 point $-1 4 8.1999999999999993 8 #
-2647 ptlist-eye-attrib $-1 $-1 $-1 $2585 #
-2648 vertex $-1 $2674 $2699 #
-2649 ellipse-curve $-1 -2.0000000000000009 -1.9046486500061757 9 0 0 1 -3
4.4408920985006262e-16 0 1 F 0 F 0.75224209799198127 #
-2650 coedge $-1 $2637 $2587 $2591 $2653 reversed $2630 $-1 #
-2651 ptlist-eye-attrib $-1 $-1 $-1 $2588 #
-2652 ellipse-curve $-1 4 8.1999999999999993 10 1 0 0 0 0 -2 1 F 0 F
1.5707963267948966 #
-2653 edge $2700 $2663 0 $2505 1 $2650 $2701 forward 7 unknown #
-2654 coedge $-1 $2596 $2595 $2702 $2703 forward $2597 $-1 #
-2655 face $-1 $2608 $2597 $3 $-1 $2704 reversed single #
-2656 coedge $-1 $2705 $2702 $2600 $2657 forward $2670 $-1 #
-2657 edge $2706 $2659 0 $2707 1.5707963267949001 $2656 $2708 forward 7 unknown
#
-2658 ptlist-eye-attrib $-1 $-1 $-1 $2601 #
-2659 vertex $-1 $2601 $2709 #
-2660 straight-curve $-1 -5 9.1999999999999993 19 0 -3.5527136788005009e-15 -9
F 0 F 1 #
-2661 coedge $-1 $2604 $2641 $2672 $2710 reversed $2562 $-1 #
-2662 ptlist-eye-attrib $-1 $-1 $-1 $2607 #
-2663 vertex $-1 $2703 $2711 #
-2664 straight-curve $-1 -4 10.199999999999999 19 0 0 -8.9999999713038079 F 0 F
1 #
-2665 plane-surface $-1 5 10.199999999999999 19 0 1 0 -1 0 0 forward_v F
0.83999999999999975 F 9.1600000000000001 F -9.1799999999999997 F
0.18000000000000008 #
-2666 point $-1 -5 -1.9046486500061754 11.437161924556612 #
-2667 coedge $-1 $2617 $2617 $2712 $2713 forward $2543 $-1 #
-2668 coedge $-1 $2683 $2682 $2617 $2669 reversed $2684 $-1 #
-2669 edge $2714 $2715 0 $2716 3.1415926535897931 $2617 $2717 forward 7 unknown
#
-2670 loop $-1 $-1 $2705 $2624 #
-2671 torus-surface $-1 -4 8.1999999999999993 10 1 0 0 0.99999999999999911 1 0
0.99085950403503187 0.13489789940340213 forward_v I I I I #
-2672 coedge $-1 $2635 $2673 $2661 $2710 forward $2625 $-1 #
-2673 coedge $-1 $2672 $2689 $2627 $2674 forward $2625 $-1 #
-2674 edge $2718 $2707 0 $2648 1 $2673 $2719 forward 7 unknown #
-2675 ptlist-eye-attrib $-1 $-1 $-1 $2628 #
-2676 straight-curve $-1 -5 -1.9046486500061803 11.437161924556609 0
1.0384231252658083e-09 -2.4371619245566087 F 0 F 1 #
-2677 face $-1 $2406 $2684 $3 $-1 $2720 reversed single #
-2678 loop $-1 $-1 $2721 $2629 #
-2679 cone-surface $-1 0 0 8 0 0 1 2.0750000000000002 0 0 1 I I 0 1 1 forward I
I I I #
-2680 coedge $-1 $2721 $2722 $2632 $2681 forward $2678 $-1 #
-2681 edge $2723 $2687 0 $2686 3.1415926535897931 $2680 $2724 forward 7 unknown
#
-2682 coedge $-1 $2668 $2633 $2722 $2725 forward $2684 $-1 #
-2683 coedge $-1 $2633 $2668 $2721 $2726 reversed $2684 $-1 #
-2684 loop $-1 $-1 $2682 $2677 #
-2685 ptlist-eye-attrib $-1 $-1 $-1 $2634 #
-2686 vertex $-1 $2681 $2727 #
-2687 vertex $-1 $2681 $2728 #
-2688 ellipse-curve $-1 0 0 8 0 0 1 -2.0750000000000002 2.5411421082307581e-16
0 1 F 0 F 3.1415926535897931 #
-2689 coedge $-1 $2673 $2635 $2705 $2695 reversed $2625 $-1 #
-2690 ptlist-eye-attrib $-1 $-1 $-1 $2636 #
-2691 vertex $-1 $2710 $2729 #
-2692 straight-curve $-1 -4 8.1999999982153344 8 1.3655743202889425e-12
-10.104648657338487 0 F 0 F 1 #
-2693 coedge $-1 $2702 $2705 $2637 $2694 reversed $2670 $-1 #
-2694 edge $2730 $2663 0 $2639 1.5707963267948966 $2637 $2731 forward 7 unknown
#
-2695 edge $2732 $2707 0 $2639 1.5707963267948966 $2705 $2733 forward 7 unknown
#
-2696 point $-1 -4 8.1999999982153344 8 #
-2697 ptlist-eye-attrib $-1 $-1 $-1 $2644 #
-2698 ellipse-curve $-1 -2.0000000000000009 -1.9046486500061757 8 0 0 1
-1.9999999999999991 0 0 1 F 0 F 0.7522420979919815 #
-2699 point $-1 -5.0000000000000009 -1.9046486500061752 9 #
-2700 ptlist-eye-attrib $-1 $-1 $-1 $2653 #
-2701 straight-curve $-1 -4 10.199999999999999 10.000000028696192 8
1.7763568394002505e-15 -7.3251626986348128e-11 F 0 F 1 #
-2702 coedge $-1 $2656 $2693 $2654 $2703 reversed $2670 $-1 #
-2703 edge $2734 $2659 0 $2663 1.5707963267948948 $2654 $2735 forward 7 unknown
#
-2704 cone-surface $-1 -4 9.1999999999999993 43.929903289369562 0 0 -1 -1 0 0 1
I I 0 1 1 forward I I I I #
-2705 coedge $-1 $2693 $2656 $2689 $2695 forward $2670 $-1 #
-2706 ptlist-eye-attrib $-1 $-1 $-1 $2657 #
-2707 vertex $-1 $2657 $2736 #
-2708 ellipse-curve $-1 -5 8.1999999999999993 10 -1 0 0 0 1
3.5527136788005009e-15 1 F 0 F 1.5707963267949001 #
-2709 point $-1 -5 9.1999999999999993 10.000000000000004 #
-2710 edge $2737 $2648 0 $2691 1.5707963267948966 $2672 $2738 forward 7 unknown
#
-2711 point $-1 -4 10.199999999999999 10 #
-2712 coedge $-1 $2722 $2721 $2667 $2713 reversed $2678 $-1 #
-2713 edge $2739 $2716 0 $2715 3.1415926535897931 $2667 $2740 forward 7 unknown
#
-2714 ptlist-eye-attrib $-1 $-1 $-1 $2669 #
-2715 vertex $-1 $2713 $2741 #
-2716 vertex $-1 $2725 $2742 #
-2717 ellipse-curve $-1 0 0 5.5999999999999996 0 0 1 -2.0750000000000002
2.5411421082307581e-16 0 1 F 0 F 3.1415926535897931 #
-2718 ptlist-eye-attrib $-1 $-1 $-1 $2674 #
-2719 straight-curve $-1 -5 8.1999999999999993 9.0000000000000018 0
-10.104648648967757 -1.7763568394002505e-15 F 0 F 1 #
-2720 cone-surface $-1 0 0 8 0 0 1 2.0750000000000002 0 0 1 I I 0 1 1 forward I
I I I #
-2721 coedge $-1 $2712 $2680 $2683 $2726 forward $2678 $-1 #
-2722 coedge $-1 $2680 $2712 $2682 $2725 reversed $2678 $-1 #
-2723 ptlist-eye-attrib $-1 $-1 $-1 $2681 #
-2724 ellipse-curve $-1 0 0 8 0 0 1 2.0750000000000002 -2.5411421082307615e-16
0 1 F 0 F 3.1415926535897931 #
-2725 edge $2743 $2687 0 $2716 1 $2682 $2744 forward 7 unknown #
-2726 edge $2745 $2686 0 $2715 1 $2683 $2746 forward 7 unknown #
-2727 point $-1 -2.0750000000000002 5.0822842164615201e-16 8 #
-2728 point $-1 2.0750000000000002 -2.5411421082307615e-16 8 #
-2729 point $-1 -4 -1.9046486500061757 8 #
-2730 ptlist-eye-attrib $-1 $-1 $-1 $2694 #
-2731 ellipse-curve $-1 -4 8.1999999999999993 10 -1 0 0 0 2 0 1 F 0 F
1.5707963267948966 #
-2732 ptlist-eye-attrib $-1 $-1 $-1 $2695 #
-2733 ellipse-curve $-1 -4 8.1999999999999993 9 0 -1 0 -1 0 0 1 F 0 F
1.5707963267948966 #
-2734 ptlist-eye-attrib $-1 $-1 $-1 $2703 #
-2735 ellipse-curve $-1 -4 9.1999999999999975 10 0 0 -0.99999999999999989 -1
1.7763568394002505e-15 0 1 F 0 F 1.5707963267948948 #
-2736 point $-1 -5 8.1999999999999993 9.0000000000000018 #
-2737 ptlist-eye-attrib $-1 $-1 $-1 $2710 #
-2738 ellipse-curve $-1 -4 -1.9046486500061757 9 0 -1 0 -1 0 0 1 F 0 F
1.5707963267948966 #
-2739 ptlist-eye-attrib $-1 $-1 $-1 $2713 #
-2740 ellipse-curve $-1 0 0 5.5999999999999996 0 0 1 2.0750000000000002
-2.5411421082307576e-16 0 1 F 0 F 3.1415926535897931 #
-2741 point $-1 -2.0750000000000002 5.0822842164615161e-16 5.5999999999999996
#
-2742 point $-1 2.0750000000000002 -2.5411421082307576e-16 5.5999999999999996
#
-2743 ptlist-eye-attrib $-1 $-1 $-1 $2725 #
-2744 straight-curve $-1 2.0749999999999997 -2.5411421082307591e-16 8 0 0
-2.4000000000000004 F 0 F 1 #
-2745 ptlist-eye-attrib $-1 $-1 $-1 $2726 #
-2746 straight-curve $-1 -2.0749999999999997 2.5411421082307581e-16 8 0 0
-2.4000000000000004 F 0 F 1 #
End-of-ACIS-data
